bg_geoid,municipio,building_count,osm_pv_count,detected_pv_count,overlap_count,total_detected_area_deg2,detected_pv_rate,annual_flux_mean_kwh_per_kw_yr,flux_pixel_count,median_household_income_usd,total_housing_units,tenure_total,tenure_owner_occupied,tenure_renter_occupied,race_total,nh_white_alone,nh_black_alone,nh_aian_alone,nh_asian_alone,nh_nhpi_alone,nh_other_alone,nh_two_or_more,hispanic_or_latino,edu_total_25plus,edu_bachelors,edu_masters,edu_professional,edu_doctorate,pct_owner_occupied,pct_bachelor_plus,diversity_index,urban_block_count,total_urban_pop,total_urban_housing_units,urban_land_area_m2,pct_urban_pop,pct_urban_population,pct_urban_housing_units,pct_urban_land_area,is_urban
720714101001,Isabela,2268,0,178,0,1.6701352397548602e-06,0.07848324514991181,1569.3207513731184,108936,23989.0,1067,772,510,262,2378,0,0,0,0,0,0,0,2378,1927,161,16,0,0,0.6606217616580311,0.09185262065386611,0.0,12,2269.0,991.0,6872327.0,1.9991189427312774,1.9991189427312774,1.2325870646766168,0.7113068814010174,true
720714101002,Isabela,1136,0,55,0,3.4784929553914914e-07,0.04841549295774648,,0,33235.0,532,456,225,231,1109,0,0,0,0,0,0,0,1109,951,301,41,0,0,0.4934210526315789,0.35962145110410093,0.0,14,1201.0,602.0,4255918.0,0.7798701298701298,0.7798701298701298,1.034364261168385,1.0,true
720714101003,Isabela,2016,11,220,4,2.044530367113986e-06,0.10912698412698413,1589.5477714030428,4201785,41515.0,1116,800,621,179,2386,0,0,0,0,0,0,0,2386,1800,509,65,17,0,0.77625,0.3283333333333333,0.0,12,2215.0,1012.0,6426971.0,0.8393330807123911,0.8393330807123911,0.856175972927242,0.988671529900334,true
720714102001,Isabela,930,7,70,3,4.5566553702237206e-07,0.07526881720430108,1663.9596821894254,11118,21316.0,817,522,413,109,1562,26,37,0,0,0,0,0,1499,1412,269,31,0,0,0.7911877394636015,0.21246458923512748,0.07820090136910385,16,1140.0,716.0,1153690.0,0.9306122448979591,0.9306122448979591,0.839390386869871,1.0,true
720714102002,Isabela,1253,0,98,0,9.890138927972846e-07,0.0782122905027933,1581.1198194764556,1918264,25755.0,693,473,273,200,1399,0,0,0,0,0,0,0,1399,1090,418,21,0,0,0.5771670190274841,0.40275229357798165,0.0,11,1448.0,687.0,1099736.0,0.8522660388463802,0.8522660388463802,0.9828326180257511,1.0,true
720714103001,Isabela,431,4,37,1,5.373208831605052e-07,0.08584686774941995,1695.5975112296871,120581,15592.0,449,329,194,135,974,12,0,0,0,0,0,0,962,755,134,31,12,0,0.5896656534954408,0.23443708609271524,0.024337076093418508,13,644.0,364.0,260247.0,0.7007616974972797,0.7007616974972797,0.8666666666666667,1.0,true
720714103002,Isabela,711,22,70,8,6.002896598976106e-07,0.09845288326300984,1647.1266633577761,322051,36118.0,565,331,242,89,765,61,0,0,0,0,0,0,704,553,145,13,35,14,0.7311178247734139,0.3743218806509946,0.14676064761416563,14,1079.0,591.0,939633.0,1.110082304526749,1.110082304526749,0.9036697247706422,0.4389364433382663,true
720714103003,Isabela,572,26,42,6,1.8707181732303994e-07,0.07342657342657342,1621.2555822046552,579534,20921.0,613,404,239,165,900,0,0,0,0,0,0,0,900,781,134,20,0,0,0.5915841584158416,0.19718309859154928,0.0,26,623.0,499.0,229272.0,0.875,0.875,0.9007220216606499,1.0,true
720714104011,Isabela,1990,0,222,0,3.213120266987089e-06,0.11155778894472362,1555.3129161757,261273,21974.0,908,556,413,143,1767,21,0,0,0,0,0,0,1746,1435,472,87,5,46,0.7428057553956835,0.4250871080139373,0.023486615108338826,18,1787.0,945.0,5151622.0,0.8017048003589053,0.8017048003589053,0.8923512747875354,1.0,true
720714104012,Isabela,1821,0,183,0,1.969170773182847e-06,0.10049423393739704,,0,19150.0,939,500,257,243,1326,42,0,0,0,0,0,0,1284,1198,203,59,0,0,0.514,0.21869782971619364,0.06134190536639306,20,1715.0,1039.0,5043236.0,1.0806553245116572,1.0806553245116572,1.0307539682539681,1.0,true
720714104031,Isabela,1309,24,85,5,9.643417565982033e-07,0.06493506493506493,1626.6967525322027,5316512,,611,403,178,225,1210,0,0,0,0,0,0,0,1210,1159,9,0,0,0,0.44168734491315137,0.007765314926660914,0.0,8,1406.0,723.0,1513191.0,1.0361090641120119,1.0361090641120119,1.0447976878612717,1.0,true
720714104032,Isabela,1168,0,105,0,9.417778155162093e-07,0.0898972602739726,1603.587387355032,1042353,,556,326,222,104,1353,29,0,0,0,0,0,0,1324,924,223,114,0,0,0.6809815950920245,0.3647186147186147,0.04194888149244336,11,1017.0,455.0,5528707.0,0.6235438381361128,0.6235438381361128,0.9027777777777778,1.0,true
720714104033,Isabela,2334,0,243,0,2.624681237208641e-06,0.10411311053984576,1669.0689044919518,1210121,35030.0,1143,867,685,182,2697,28,0,0,0,0,0,0,2669,1695,229,0,121,0,0.790080738177624,0.20648967551622419,0.020548243705601932,28,2452.0,1124.0,4650668.0,1.047863247863248,1.047863247863248,0.9648068669527897,1.0,true
720714104041,Isabela,1062,2,81,1,8.414281780423178e-07,0.07627118644067797,1630.298861882088,5282139,26528.0,649,509,321,188,1591,0,0,0,0,0,0,83,1508,1141,190,17,0,0,0.630648330058939,0.18141980718667836,0.0988938012018421,7,1194.0,540.0,1252714.0,1.0825022665457842,1.0825022665457842,1.0424710424710424,1.0,true
720714104042,Isabela,1262,2,74,0,8.681903678806981e-07,0.058637083993660855,1612.284434309829,6403259,15000.0,677,412,327,85,1348,0,0,0,0,0,82,74,1192,1064,99,25,0,0,0.7936893203883495,0.11654135338345864,0.2113472866715389,11,1674.0,766.0,1825093.0,1.1450068399452804,1.1450068399452804,1.2745424292845258,1.0,true
720714105001,Isabela,754,7,37,1,6.73109940719843e-07,0.04907161803713528,1586.6551981143202,3558530,17808.0,752,519,190,329,1364,0,0,0,17,0,0,0,1347,840,38,0,0,0,0.36608863198458574,0.04523809523809524,0.024616016374128247,10,1322.0,662.0,680144.0,1.2448210922787193,1.2448210922787193,0.9363507779349364,1.0,true
720714105002,Isabela,628,79,23,20,1.422401320800096e-07,0.03662420382165605,1690.6496807735323,4826996,25372.0,510,395,358,37,1355,0,0,0,0,0,0,0,1355,843,162,0,0,0,0.9063291139240506,0.19217081850533807,0.0,13,1018.0,523.0,457356.0,1.0659685863874346,1.0659685863874346,1.5247813411078717,1.0,true
720714105003,Isabela,1021,97,94,43,1.7170144592115326e-06,0.0920666013712047,1602.044220008159,4710934,22303.0,299,217,72,145,915,39,0,0,0,0,0,0,876,847,109,40,0,0,0.3317972350230415,0.17591499409681227,0.08161246976619196,7,976.0,435.0,2611296.0,1.2230576441102756,1.2230576441102756,1.7975206611570247,1.0,true
720714105004,Isabela,1864,250,138,89,1.3293944751352232e-06,0.0740343347639485,1644.824423322837,9082903,41316.0,1438,1152,847,305,2923,0,0,0,19,0,0,0,2904,2066,859,245,17,0,0.7352430555555556,0.542594385285576,0.012915837666722219,26,2533.0,1234.0,3087645.0,0.8178882789796578,0.8178882789796578,0.9120473022912047,1.0,true
720714106001,Isabela,883,0,35,0,2.6530860885471185e-07,0.039637599093997736,,0,,579,341,262,79,927,16,0,0,0,0,0,0,911,806,54,0,16,0,0.7683284457478006,0.08684863523573201,0.03392414313958936,12,915.0,420.0,1750555.0,1.2151394422310757,1.2151394422310757,0.9790209790209791,0.3711407241691628,true
720714106002,Isabela,1257,0,81,0,4.779026917653756e-07,0.06443914081145585,,0,13462.0,676,432,258,174,863,26,0,0,0,0,0,0,837,734,42,31,0,0,0.5972222222222222,0.0994550408719346,0.05843959670716692,9,1387.0,681.0,4204862.0,1.5027085590465872,1.5027085590465872,1.1055194805194806,1.0,true
720714106003,Isabela,1120,0,104,0,7.291600884436419e-07,0.09285714285714286,,0,,394,328,207,121,842,0,0,0,0,0,0,0,842,511,109,84,0,0,0.6310975609756098,0.3776908023483366,0.0,6,536.0,259.0,2860538.0,0.5788336933045356,0.5788336933045356,0.5307377049180327,0.09605131103345103,true
720714106004,Isabela,1928,0,211,0,1.7529972275547693e-06,0.10943983402489627,,0,25156.0,972,545,317,228,1547,0,37,0,0,0,0,0,1510,1029,274,43,0,0,0.581651376146789,0.3080660835762877,0.04669044784638543,14,1581.0,844.0,7170242.0,0.9547101449275363,0.9547101449275363,0.9346622369878184,0.7484016892223356,true
720714107011,Isabela,1177,0,106,0,1.2272331363664108e-06,0.09005947323704333,1576.7961694050325,962419,18583.0,547,377,271,106,920,0,0,0,0,0,0,0,920,674,140,22,0,0,0.7188328912466844,0.2403560830860534,0.0,15,1044.0,509.0,2698527.0,0.9413886384129847,0.9413886384129847,0.9585687382297552,0.6856391726881284,true
720714107012,Isabela,1112,0,47,0,2.814111749911652e-07,0.04226618705035971,1597.4589199511154,2868342,17482.0,757,477,316,161,1420,0,0,0,0,0,0,0,1420,1101,145,0,0,0,0.6624737945492662,0.13169845594913715,0.0,14,1321.0,625.0,825503.0,1.0177195685670262,1.0177195685670262,0.9286775631500743,1.0,true
720714107031,Isabela,1939,0,209,0,1.541121858114663e-06,0.10778751933986591,1582.6074051953963,293327,23833.0,1110,872,574,298,2511,0,0,0,0,0,0,0,2511,1894,352,259,0,22,0.658256880733945,0.3342133051742344,0.0,12,2097.0,946.0,3223442.0,1.1847457627118645,1.1847457627118645,1.1090269636576788,1.0,true
720714107032,Isabela,1646,0,195,0,2.0423157645056777e-06,0.11846901579586877,,0,17105.0,890,484,267,217,1323,0,0,0,0,29,0,0,1294,864,82,71,0,0,0.5516528925619835,0.17708333333333334,0.0428787959292225,5,479.0,207.0,775199.0,0.34214285714285714,0.34214285714285714,0.34557595993322204,0.033181069182575684,true
720714107041,Isabela,1574,0,132,0,1.7570696517101692e-06,0.08386277001270648,1630.5369647132256,1184308,9495.0,510,301,218,83,757,22,0,0,0,0,0,0,735,577,95,24,0,0,0.7242524916943521,0.20623916811091855,0.05643496454927943,15,1442.0,671.0,3171136.0,1.6075808249721293,1.6075808249721293,1.3287128712871288,1.0,true
720714107042,Isabela,1755,0,137,0,9.518469521193182e-07,0.07806267806267807,,0,29031.0,1063,826,638,188,2458,0,0,0,0,0,0,0,2458,1922,135,61,0,2,0.7723970944309927,0.10301768990634755,0.0,19,2098.0,991.0,3350244.0,1.11005291005291,1.11005291005291,1.2085365853658536,1.0,true
721270004001,San Juan,294,4,4,0,2.9708778163446064e-09,0.013605442176870748,1485.1961581303867,924722,19485.0,201,161,89,72,366,0,0,0,0,0,0,0,366,310,0,0,0,0,0.5527950310559007,0.0,0.0,6,321.0,166.0,66770.0,0.43673469387755104,0.43673469387755104,0.38875878220140514,1.0,true
721270004002,San Juan,199,16,18,5,5.5780122645323955e-08,0.09045226130653267,1485.0275839841195,1735324,20141.0,712,415,242,173,636,14,0,0,0,0,0,0,622,542,214,20,80,22,0.5831325301204819,0.6199261992619927,0.04305604999802215,10,752.0,671.0,50408.0,1.0532212885154062,1.0532212885154062,1.0403100775193799,1.0,true
721270005061,San Juan,394,31,23,13,1.3980860137418878e-07,0.0583756345177665,1523.6478132621746,60656,79444.0,617,406,330,76,1028,144,0,0,0,0,0,0,884,807,191,90,72,70,0.812807881773399,0.5241635687732342,0.2409120501445896,27,692.0,623.0,183772.0,0.7571115973741794,0.7571115973741794,0.8581267217630854,1.0,true
721270005062,San Juan,377,14,25,6,3.372577738981304e-07,0.06631299734748011,1588.912879233257,484096,51000.0,602,420,124,296,825,80,0,0,0,0,0,0,745,657,158,116,39,22,0.29523809523809524,0.5098934550989346,0.17513314967860416,25,652.0,625.0,208104.0,0.5970695970695971,0.5970695970695971,0.8289124668435013,1.0,true
721270006001,San Juan,30,11,12,9,5.974073948288697e-07,0.4,1618.3010318667477,1082100,,169,155,0,155,271,11,0,0,0,0,18,0,242,191,61,0,0,0,0.0,0.3193717277486911,0.19651148541005714,2,522.0,287.0,74481.0,,,11.958333333333334,1.0,true
721270006002,San Juan,274,1,25,1,1.0993476284763385e-06,0.09124087591240876,1741.2125003896606,1099308,43846.0,956,734,304,430,1599,79,2,0,1,0,18,0,1499,1245,259,295,194,35,0.4141689373297003,0.6289156626506024,0.11859741919687927,23,1456.0,752.0,619946.0,0.9726118904475618,0.9726118904475618,0.8392857142857143,1.0,true
721270007001,San Juan,132,6,21,5,1.0591786292900652e-06,0.1590909090909091,1722.9443256165034,194584,17865.0,434,319,207,112,633,0,0,0,0,0,0,0,633,610,210,79,6,0,0.6489028213166145,0.48360655737704916,0.0,13,667.0,346.0,242924.0,1.1889483065953654,1.1889483065953654,1.0914826498422714,0.7791794565848432,true
721270007002,San Juan,216,2,27,2,8.591570647724088e-07,0.125,1550.473310711128,599869,,778,542,204,338,1089,83,0,0,0,0,16,0,990,722,113,133,63,73,0.3763837638376384,0.5290858725761773,0.1675288657507541,18,1266.0,843.0,521842.0,0.6133720930232558,0.6133720930232558,1.172461752433936,1.0,true
721270009001,San Juan,50,1,6,1,8.634770315495611e-08,0.12,,0,,668,403,362,41,764,212,0,0,0,0,0,0,552,727,112,271,298,0,0.8982630272952854,0.936726272352132,0.4009758504426961,3,782.0,658.0,88217.0,0.9987228607918263,0.9987228607918263,1.007656967840735,1.0,true
721270009002,San Juan,144,2,3,0,1.2477221163257874e-08,0.020833333333333332,,0,,348,197,133,64,382,21,0,0,0,0,0,0,361,312,64,0,84,0,0.6751269035532995,0.47435897435897434,0.10390340177078494,9,594.0,484.0,135469.0,1.2829373650107991,1.2829373650107991,1.0755555555555556,1.0,true
721270009003,San Juan,233,4,17,1,2.2825679716056905e-07,0.07296137339055794,,0,77476.0,1548,1083,739,344,1701,266,0,0,180,0,0,68,1187,1563,616,114,176,67,0.6823638042474608,0.6225207933461292,0.47579025513573825,12,1348.0,1203.0,276013.0,0.7386301369863014,0.7386301369863014,0.9917559769167353,1.0,true
721270010011,San Juan,11,0,4,0,2.490500308830741e-07,0.36363636363636365,,0,59650.0,936,365,160,205,536,86,0,0,0,0,0,0,450,536,119,158,71,47,0.4383561643835616,0.7369402985074627,0.2694085542437068,1,667.0,1026.0,29076.0,1.884180790960452,1.884180790960452,1.615748031496063,1.0,true
721270010012,San Juan,123,3,13,2,1.1980549429070396e-07,0.10569105691056911,1670.2076530966272,132912,32645.0,738,601,109,492,979,66,0,0,47,0,0,0,866,928,195,86,67,39,0.18136439267886856,0.4170258620689655,0.21067546150467276,10,1094.0,718.0,116135.0,0.8696343402225755,0.8696343402225755,0.7613997879109226,1.0,true
721270010013,San Juan,104,2,7,2,4.7478107224623815e-08,0.0673076923076923,,0,83841.0,835,550,401,149,908,0,0,0,0,0,0,20,888,764,235,105,168,22,0.7290909090909091,0.693717277486911,0.04308253604766232,4,1022.0,618.0,88431.0,1.9883268482490273,1.9883268482490273,1.4609929078014185,1.0,true
721270010014,San Juan,99,0,18,0,4.0038002124705014e-07,0.18181818181818182,,0,,434,166,146,20,266,0,0,0,0,0,0,0,266,224,19,0,111,20,0.8795180722891566,0.6696428571428571,0.0,4,1093.0,759.0,142361.0,1.475033738191633,1.475033738191633,1.2524752475247525,1.0,true
721270010021,San Juan,29,0,9,0,5.644770515923159e-08,0.3103448275862069,1409.9374562009223,20535,,490,406,333,73,967,150,0,0,0,0,0,0,817,734,278,110,181,44,0.8201970443349754,0.8351498637602179,0.2621140875360526,2,785.0,494.0,45920.0,1.3604852686308493,1.3604852686308493,1.1330275229357798,1.0,true
721270010022,San Juan,226,11,23,9,2.2856587454316094e-07,0.10176991150442478,1562.2790553366483,558922,48537.0,905,688,481,207,851,116,0,0,0,0,0,0,735,851,304,287,47,31,0.6991279069767442,0.7861339600470035,0.23545949259943022,8,1279.0,900.0,153780.0,1.0191235059760957,1.0191235059760957,0.896414342629482,1.0,true
721270011001,San Juan,266,10,29,6,1.819016334476589e-07,0.10902255639097744,1590.8850335877498,1392738,62232.0,786,523,456,67,1134,131,0,0,88,0,0,21,894,882,359,168,92,23,0.8718929254302104,0.7278911564625851,0.3587789939935736,6,1123.0,725.0,134152.0,1.1401015228426397,1.1401015228426397,1.0182584269662922,1.0,true
721270011002,San Juan,419,26,24,16,2.3739642933264213e-07,0.057279236276849645,,0,,633,370,213,157,721,57,0,0,47,0,0,0,617,609,227,73,70,27,0.5756756756756757,0.6518883415435139,0.25718248464434323,18,688.0,569.0,192686.0,1.065015479876161,1.065015479876161,1.0576208178438662,1.0,true
721270012001,San Juan,487,25,43,21,3.457791907024378e-07,0.08829568788501027,1557.4241097809613,304820,60551.0,684,409,172,237,1004,334,0,0,47,0,0,0,623,657,331,39,0,0,0.42053789731051344,0.563165905631659,0.5020971889335091,20,817.0,700.0,363668.0,1.1875,1.1875,1.1419249592169658,0.9884297071414011,true
721270012002,San Juan,364,29,36,20,5.172505506588809e-07,0.0989010989010989,1535.2189947648674,213149,73482.0,872,494,365,129,1063,106,15,0,0,0,0,0,942,897,323,123,60,145,0.7388663967611336,0.725752508361204,0.20455782415269796,12,1052.0,713.0,297246.0,1.1509846827133479,1.1509846827133479,0.9418758256274768,1.0,true
721270013011,San Juan,123,2,5,2,7.047845013354194e-07,0.04065040650406504,1703.6215295325271,934035,8250.0,930,788,0,788,1499,0,0,0,0,0,0,0,1499,1027,58,0,0,0,0.0,0.05647517039922103,0.0,7,1873.0,878.0,195577.0,0.9724818276220145,0.9724818276220145,0.9051546391752577,1.0,true
721270013021,San Juan,50,0,3,0,3.21843660240978e-08,0.06,1610.322943911481,195390,6010.0,248,229,0,229,447,0,0,0,0,0,0,0,447,200,11,0,0,0,0.0,0.055,0.0,2,802.0,406.0,66538.0,2.2402234636871508,2.2402234636871508,1.8454545454545455,1.0,true
721270013022,San Juan,62,0,0,0,0.0,0.0,1683.6208830479836,759839,2499.0,727,709,15,694,1395,0,0,0,0,0,0,0,1395,828,0,17,0,0,0.021156558533145273,0.020531400966183576,0.0,4,1273.0,592.0,86091.0,0.8021424070573409,0.8021424070573409,0.8,1.0,true
721270013023,San Juan,34,0,0,0,0.0,0.0,1682.0931703403257,247383,4092.0,344,311,0,311,661,0,0,0,0,0,0,0,661,310,11,0,0,0,0.0,0.035483870967741936,0.0,2,810.0,385.0,45061.0,0.7092819614711033,0.7092819614711033,0.8244111349036403,1.0,true
721270013024,San Juan,78,0,1,0,3.593225070834218e-09,0.01282051282051282,1646.151120045369,358788,5064.0,622,585,12,573,1274,0,0,0,0,0,0,0,1274,600,0,0,0,0,0.020512820512820513,0.0,0.0,2,1004.0,512.0,73055.0,1.0524109014675052,1.0524109014675052,1.0199203187250996,1.0,true
721270014001,San Juan,247,5,7,4,1.2150605188353627e-08,0.02834008097165992,1537.1203377274996,249772,,292,175,97,78,397,39,0,0,0,0,0,0,358,321,76,0,0,0,0.5542857142857143,0.2367601246105919,0.1771726233907962,12,418.0,275.0,78992.0,1.1389645776566757,1.1389645776566757,0.7902298850574713,1.0,true
721270014002,San Juan,268,0,0,0,0.0,0.0,1646.9566219193207,241263,24926.0,387,295,84,211,630,14,0,0,0,0,0,0,616,485,138,73,0,13,0.2847457627118644,0.4618556701030928,0.04345679012345682,10,525.0,348.0,77795.0,0.8333333333333334,0.8333333333333334,0.7565217391304347,1.0,true
721270015001,San Juan,477,11,25,5,9.691178543197002e-08,0.05241090146750524,1624.5197271679788,2832453,17212.0,898,653,156,497,1222,53,0,0,72,0,34,0,1063,992,137,91,101,66,0.23889739663093415,0.39818548387096775,0.23717256730802716,17,974.0,713.0,147713.0,1.0484391819160388,1.0484391819160388,1.0273775216138328,1.0,true
721270015002,San Juan,213,9,19,6,5.887100915191415e-07,0.0892018779342723,1537.8494893539328,692751,18966.0,584,415,156,259,579,24,0,0,0,0,28,0,527,545,176,51,40,11,0.3759036144578313,0.5100917431192661,0.16749741230935344,10,945.0,771.0,116926.0,0.9487951807228916,0.9487951807228916,0.9722572509457755,1.0,true
721270016001,San Juan,157,4,3,1,9.465939904619758e-09,0.01910828025477707,1537.3373963110498,97997,41224.0,862,774,428,346,1275,32,29,0,0,0,1,0,1213,1078,487,102,134,66,0.5529715762273901,0.7319109461966605,0.09374240676662815,12,1025.0,808.0,120532.0,1.0406091370558375,1.0406091370558375,1.0266836086404065,1.0,true
721270016002,San Juan,189,7,17,6,4.4253796454070747e-07,0.08994708994708994,1476.7530956643016,516662,65932.0,1908,1289,596,693,1829,142,0,0,0,0,0,0,1687,1666,727,288,117,99,0.46237393328161364,0.7388955582232893,0.14322077243463172,8,2438.0,1774.0,216101.0,1.7013258897418004,1.7013258897418004,1.6533084808946878,1.0,true
721270018001,San Juan,305,5,3,1,1.64420380444849e-08,0.009836065573770493,,0,58083.0,824,557,382,175,1279,0,16,0,0,0,0,0,1263,1067,237,219,83,0,0.6858168761220825,0.5051546391752577,0.024706557666668072,17,1145.0,821.0,271591.0,0.9828326180257511,0.9828326180257511,0.857889237199582,1.0,true
721270018002,San Juan,264,3,10,2,3.711750439053607e-07,0.03787878787878788,1280.8417649263904,15589,,588,417,258,159,835,0,0,0,0,0,0,0,835,701,264,82,76,25,0.6187050359712231,0.637660485021398,0.0,22,900.0,651.0,180719.0,1.0909090909090908,1.0909090909090908,0.918194640338505,1.0,true
721270019001,San Juan,116,13,18,10,1.275820223213431e-07,0.15517241379310345,1528.4157846987528,396380,,619,526,385,141,1235,40,14,0,0,0,0,32,1149,1095,542,145,106,42,0.7319391634980988,0.7625570776255708,0.13257322690094897,6,901.0,567.0,163855.0,0.9911991199119912,0.9911991199119912,0.9725557461406518,1.0,true
721270019002,San Juan,154,14,12,6,9.643592126922958e-08,0.07792207792207792,1614.36767578125,718,90481.0,459,299,254,45,698,0,0,0,0,0,17,0,681,638,222,173,67,22,0.8494983277591973,0.7586206896551724,0.04752424035927438,7,575.0,356.0,87500.0,1.1274509803921569,1.1274509803921569,0.8967254408060453,1.0,true
721270019003,San Juan,177,7,7,3,3.5652439217451104e-08,0.03954802259887006,1546.3768466054087,79291,41429.0,534,384,309,75,682,12,0,0,0,0,0,0,670,613,245,136,80,0,0.8046875,0.7520391517128875,0.0345714261143264,7,700.0,514.0,90486.0,1.1804384485666104,1.1804384485666104,1.0532786885245902,1.0,true
721270019004,San Juan,168,7,27,7,1.8881774974388366e-07,0.16071428571428573,1436.100960959024,285904,81842.0,818,634,479,155,1231,17,0,0,0,0,0,0,1214,1104,495,180,109,54,0.7555205047318612,0.7590579710144928,0.027238394019642787,7,1292.0,883.0,158025.0,1.1745454545454546,1.1745454545454546,0.9504843918191603,1.0,true
721270020021,San Juan,370,2,3,2,1.740406739582556e-08,0.008108108108108109,1518.5124644997272,27816,28750.0,762,501,305,196,1178,42,18,0,0,0,0,0,1118,948,286,122,41,67,0.6087824351297405,0.5443037974683544,0.09776865626468279,17,874.0,645.0,137038.0,0.9678848283499446,0.9678848283499446,0.8739837398373984,1.0,true
721270021001,San Juan,286,2,9,2,3.5187719611171174e-08,0.03146853146853147,1510.5791530361055,160153,30985.0,673,349,182,167,556,9,61,0,0,0,0,19,467,469,82,107,33,23,0.5214899713467048,0.5223880597014925,0.2810542932560426,12,637.0,602.0,140746.0,0.9231884057971015,0.9231884057971015,0.7698209718670077,1.0,true
721270021002,San Juan,380,4,17,4,5.17405573549648e-07,0.04473684210526316,,0,17969.0,385,213,68,145,246,12,0,0,0,0,0,0,234,219,44,9,7,0,0.3192488262910798,0.273972602739726,0.09280190362879237,18,620.0,542.0,351961.0,1.627296587926509,1.627296587926509,1.6676923076923076,1.0,true
721270022001,San Juan,235,12,7,6,7.611784272348519e-08,0.029787234042553193,,0,23750.0,535,390,146,244,718,29,0,0,0,0,0,0,689,520,199,93,0,21,0.37435897435897436,0.6019230769230769,0.07751724458997056,11,668.0,489.0,132619.0,1.394572025052192,1.394572025052192,1.0124223602484472,1.0,true
721270022002,San Juan,242,2,4,2,1.0988943800256463e-07,0.01652892561983471,,0,32171.0,395,263,150,113,470,0,0,0,0,0,0,0,470,397,96,0,0,6,0.5703422053231939,0.25692695214105793,0.0,7,659.0,409.0,112224.0,0.8881401617250674,0.8881401617250674,0.9533799533799534,1.0,true
721270023001,San Juan,310,3,28,1,1.3938489150102804e-07,0.09032258064516129,1592.0885293340716,722198,22102.0,527,338,167,171,802,0,8,0,0,0,0,0,794,609,112,27,0,34,0.4940828402366864,0.28407224958949095,0.019751120950740386,16,780.0,482.0,169725.0,1.3379073756432247,1.3379073756432247,1.1080459770114943,1.0,true
721270023002,San Juan,259,5,7,2,7.880410558441693e-08,0.02702702702702703,1649.5665539212882,202958,7545.0,346,214,68,146,440,0,0,0,0,0,0,0,440,296,59,31,0,0,0.3177570093457944,0.30405405405405406,0.0,22,483.0,386.0,199807.0,1.6484641638225257,1.6484641638225257,0.9772151898734177,1.0,true
721270024001,San Juan,235,7,28,6,1.5815412705894583e-07,0.11914893617021277,1525.5631968599346,273610,28627.0,897,668,311,357,1274,7,0,0,0,0,0,0,1267,1064,268,117,56,0,0.4655688622754491,0.4144736842105263,0.010928631807752609,10,1326.0,879.0,134545.0,1.287378640776699,1.287378640776699,1.1312741312741312,1.0,true
721270024002,San Juan,299,11,80,7,1.7888054207159153e-06,0.26755852842809363,1534.2436389401105,333207,18313.0,568,300,126,174,1120,16,0,0,0,0,14,0,1090,495,181,51,9,60,0.42,0.6080808080808081,0.052493622448979704,19,1251.0,503.0,321302.0,1.3322683706070289,1.3322683706070289,1.3098958333333333,1.0,true
721270025001,San Juan,256,1,19,1,5.249588843361893e-08,0.07421875,1399.1682521473672,21078,,289,211,118,93,362,0,0,0,0,0,0,0,362,302,95,16,0,0,0.5592417061611374,0.3675496688741722,0.0,9,526.0,331.0,75739.0,0.9100346020761245,0.9100346020761245,0.9118457300275482,1.0,true
721270025002,San Juan,377,2,20,2,1.1190477541377113e-07,0.05305039787798409,1550.7904289946746,31926,35403.0,556,414,299,115,812,0,0,0,0,0,0,0,812,692,134,47,23,0,0.7222222222222222,0.2947976878612717,0.0,14,847.0,565.0,133340.0,0.9848837209302326,0.9848837209302326,1.0386029411764706,1.0,true
721270026001,San Juan,190,3,1,1,3.33744852053742e-09,0.005263157894736842,1580.845621350642,262114,,204,154,29,125,405,0,0,0,0,0,0,0,405,288,20,0,0,0,0.18831168831168832,0.06944444444444445,0.0,8,583.0,347.0,47054.0,1.0816326530612246,1.0816326530612246,1.3449612403100775,1.0,true
721270026002,San Juan,276,3,1,0,1.7658127829114401e-09,0.0036231884057971015,1637.6930348012231,112933,25865.0,438,327,249,78,596,0,0,0,0,0,0,0,596,543,71,31,0,40,0.7614678899082569,0.26151012891344383,0.0,9,590.0,367.0,67746.0,0.7814569536423841,0.7814569536423841,1.0485714285714285,1.0,true
721270026003,San Juan,480,4,4,2,2.9662750991386964e-08,0.008333333333333333,1601.1448049910844,1409317,21125.0,774,432,148,284,749,0,0,0,0,0,0,0,749,657,120,0,0,0,0.3425925925925926,0.182648401826484,0.0,21,979.0,662.0,150917.0,1.3392612859097128,1.3392612859097128,0.9118457300275482,1.0,true
721270028001,San Juan,334,2,1,0,1.7216406843167834e-10,0.0029940119760479044,1555.0321614243867,257829,20909.0,473,284,224,60,536,0,0,0,0,0,0,0,536,474,92,0,0,0,0.7887323943661971,0.1940928270042194,0.0,10,581.0,399.0,103933.0,1.1761133603238867,1.1761133603238867,0.9876237623762376,1.0,true
721270028002,San Juan,412,7,3,1,1.3819553286122572e-08,0.007281553398058253,1548.2163439465196,586192,26031.0,499,299,169,130,639,0,0,0,0,0,0,0,639,490,27,27,0,0,0.5652173913043478,0.11020408163265306,0.0,11,662.0,438.0,80352.0,1.445414847161572,1.445414847161572,1.0922693266832917,1.0,true
721270028003,San Juan,363,3,6,3,1.1252116694781706e-07,0.01652892561983471,1575.2717254377044,1401842,,401,267,120,147,448,0,0,0,0,0,0,0,448,431,12,38,0,0,0.449438202247191,0.11600928074245939,0.0,12,728.0,487.0,119375.0,1.1114503816793893,1.1114503816793893,0.8226351351351351,1.0,true
721270029001,San Juan,475,7,1,1,7.573129276077178e-09,0.002105263157894737,1539.6118640931231,189686,15240.0,505,279,137,142,711,0,0,0,0,0,0,0,711,479,41,0,0,0,0.4910394265232975,0.08559498956158663,0.0,10,542.0,416.0,144431.0,0.6683107274969173,0.6683107274969173,0.803088803088803,1.0,true
721270029002,San Juan,317,2,11,1,1.1398885432263579e-08,0.03470031545741325,,0,21500.0,329,202,101,101,359,0,0,0,0,0,0,0,359,285,0,0,0,27,0.5,0.09473684210526316,0.0,10,651.0,438.0,64341.0,1.4466666666666668,1.4466666666666668,1.0354609929078014,1.0,true
721270030001,San Juan,585,13,31,6,1.0490049217032132e-07,0.05299145299145299,1677.2835345680235,3669,21500.0,913,564,190,374,1120,8,0,0,0,0,14,0,1098,868,120,0,7,0,0.33687943262411346,0.14631336405529954,0.03869260204081637,13,1188.0,733.0,159457.0,0.8193103448275862,0.8193103448275862,0.9015990159901599,1.0,true
721270031001,San Juan,201,1,3,0,9.553306419530636e-09,0.014925373134328358,1609.1136244400825,168665,15469.0,244,182,90,92,430,0,0,0,0,0,0,0,430,337,27,0,42,0,0.4945054945054945,0.20474777448071216,0.0,6,472.0,278.0,48712.0,2.5376344086021505,2.5376344086021505,0.9391891891891891,1.0,true
721270031002,San Juan,255,3,1,1,2.2935704971346744e-08,0.00392156862745098,1600.6338273412107,733357,13750.0,569,373,135,238,779,0,0,0,0,0,0,0,779,559,85,0,0,0,0.36193029490616624,0.1520572450805009,0.0,6,740.0,425.0,62455.0,1.1367127496159755,1.1367127496159755,1.0143198090692125,1.0,true
721270031003,San Juan,378,9,16,5,3.512907807967131e-08,0.042328042328042326,1577.5795261701865,2776,15135.0,608,445,251,194,821,0,0,0,0,0,0,0,821,734,101,0,0,57,0.5640449438202247,0.21525885558583105,0.0,11,1107.0,624.0,97779.0,1.332129963898917,1.332129963898917,0.9355322338830585,1.0,true
721270032001,San Juan,312,4,23,4,9.404273620042853e-08,0.07371794871794872,,0,17760.0,375,291,111,180,877,0,0,0,0,0,0,0,877,578,145,0,7,0,0.38144329896907214,0.2629757785467128,0.0,10,670.0,392.0,88190.0,0.7790697674418605,0.7790697674418605,0.937799043062201,1.0,true
721270032002,San Juan,440,7,29,5,7.311474863247007e-08,0.0659090909090909,,0,16071.0,744,542,212,330,1321,0,22,0,0,0,111,0,1188,885,131,0,0,19,0.39114391143911437,0.1694915254237288,0.18388794303400324,22,1042.0,639.0,143784.0,1.0347567030784508,1.0347567030784508,0.9314868804664723,1.0,true
721270033001,San Juan,334,6,3,3,1.085288153001475e-07,0.008982035928143712,,0,17593.0,530,390,183,207,717,0,0,0,0,0,0,0,717,591,51,19,0,0,0.46923076923076923,0.11844331641285956,0.0,10,718.0,442.0,117621.0,1.0041958041958041,1.0041958041958041,1.0327102803738317,1.0,true
721270033002,San Juan,222,3,2,0,4.166216818906894e-09,0.009009009009009009,,0,20625.0,257,179,88,91,419,7,0,0,0,0,0,0,412,335,64,0,0,0,0.49162011173184356,0.191044776119403,0.03285467729165359,8,573.0,309.0,125264.0,0.8788343558282209,0.8788343558282209,0.9903846153846154,1.0,true
721270034001,San Juan,185,5,18,3,1.3330158215816617e-07,0.0972972972972973,,0,16538.0,707,486,242,244,1009,0,0,0,0,0,0,0,1009,690,36,8,0,0,0.49794238683127573,0.06376811594202898,0.0,9,990.0,659.0,151425.0,0.9639727361246349,0.9639727361246349,0.9427753934191703,1.0,true
721270034002,San Juan,45,0,13,0,6.420681069192094e-08,0.28888888888888886,,0,6136.0,640,450,0,450,948,0,0,0,0,0,0,0,948,541,0,0,0,0,0.0,0.0,0.0,2,1137.0,607.0,72833.0,1.1404212637913742,1.1404212637913742,1.2362525458248472,1.0,true
721270035011,San Juan,145,3,8,3,1.0286695531150024e-07,0.05517241379310345,1729.0142822265625,2724,20536.0,369,311,155,156,983,0,0,0,0,0,0,0,983,779,81,0,0,0,0.4983922829581994,0.10397946084724005,0.0,8,1134.0,497.0,112557.0,1.2102454642475988,1.2102454642475988,1.087527352297593,1.0,true
721270035012,San Juan,138,1,38,1,5.246550207023551e-07,0.2753623188405797,1681.7874812661876,426733,5725.0,806,705,0,705,1637,0,0,0,0,0,0,0,1637,899,69,0,0,0,0.0,0.07675194660734148,0.0,11,1563.0,676.0,171766.0,1.0698151950718686,1.0698151950718686,0.9428172942817294,1.0,true
721270035013,San Juan,247,2,17,1,2.7463813726850356e-07,0.06882591093117409,1591.8947805249873,367041,16016.0,857,700,72,628,1802,0,0,0,0,0,0,0,1802,1006,77,0,0,0,0.10285714285714286,0.07654075546719682,0.0,6,1437.0,627.0,287703.0,0.946017116524029,0.946017116524029,1.0609137055837563,1.0,true
721270035014,San Juan,238,3,3,1,2.8215285723885954e-08,0.012605042016806723,1537.245734484016,650299,,187,138,54,84,384,0,0,0,0,0,0,0,384,250,47,0,0,0,0.391304347826087,0.188,0.0,8,258.0,155.0,90535.0,0.911660777385159,0.911660777385159,1.1742424242424243,1.0,true
721270035021,San Juan,804,7,11,4,4.6673657579289116e-07,0.013681592039800995,1562.3049476537428,1997039,15466.0,938,573,321,252,1047,0,0,0,0,0,0,0,1047,825,97,12,0,0,0.5602094240837696,0.1321212121212121,0.0,30,1332.0,877.0,258179.0,1.2010820559062219,1.2010820559062219,1.018583042973287,1.0,true
721270036001,San Juan,251,5,14,4,1.305665834070488e-07,0.055776892430278883,,0,6780.0,220,167,62,105,326,0,17,0,0,0,0,0,309,235,0,0,0,0,0.3712574850299401,0.0,0.09885580940193472,7,510.0,319.0,111453.0,0.7846153846153846,0.7846153846153846,0.8812154696132597,1.0,true
721270036002,San Juan,393,2,12,1,3.820437875703415e-08,0.030534351145038167,,0,20750.0,439,278,119,159,623,0,0,0,0,0,14,0,609,477,35,0,6,0,0.42805755395683454,0.0859538784067086,0.04393384673652334,8,489.0,437.0,85698.0,1.1241379310344828,1.1241379310344828,1.1262886597938144,1.0,true
721270037011,San Juan,478,2,11,1,2.1611647781631623e-08,0.02301255230125523,1549.8853818525486,585164,16176.0,547,426,202,224,975,0,0,0,0,0,0,0,975,778,82,14,0,0,0.47417840375586856,0.12339331619537275,0.0,6,913.0,562.0,96566.0,1.2222222222222223,1.2222222222222223,1.0274223034734917,1.0,true
721270037012,San Juan,298,6,16,4,9.235580183238737e-08,0.053691275167785234,1621.2944927954215,176832,18646.0,339,269,160,109,574,0,0,0,0,0,0,0,574,491,69,12,0,0,0.5947955390334573,0.164969450101833,0.0,3,421.0,271.0,86062.0,0.8271119842829077,0.8271119842829077,0.7038961038961039,1.0,true
721270037021,San Juan,264,3,4,0,3.780375238496572e-09,0.015151515151515152,,0,,305,195,151,44,298,0,0,0,0,0,0,0,298,232,0,10,0,0,0.7743589743589744,0.04310344827586207,0.0,11,488.0,296.0,72400.0,1.3785310734463276,1.3785310734463276,0.7872340425531915,1.0,true
721270037022,San Juan,655,4,9,2,2.4654071484813687e-08,0.013740458015267175,1540.3652885843676,45514,21976.0,604,353,184,169,820,0,0,0,0,0,0,0,820,678,42,6,0,0,0.5212464589235127,0.07079646017699115,0.0,17,943.0,704.0,156649.0,0.9593082400813835,0.9593082400813835,1.1733333333333333,1.0,true
721270038001,San Juan,416,8,10,5,5.561487069785899e-08,0.02403846153846154,1659.1797165764171,55925,21875.0,635,430,247,183,1254,0,11,0,0,0,0,0,1243,924,93,16,0,0,0.5744186046511628,0.11796536796536797,0.017389966143428692,16,1047.0,605.0,102635.0,0.8624382207578254,0.8624382207578254,1.0670194003527338,1.0,true
721270038002,San Juan,325,1,17,1,6.518633027584898e-08,0.052307692307692305,1606.4421053036522,178268,29244.0,557,404,166,238,919,0,0,0,0,0,0,0,919,715,51,17,0,34,0.41089108910891087,0.14265734265734265,0.0,18,796.0,493.0,99961.0,0.7967967967967968,0.7967967967967968,0.9426386233269598,1.0,true
721270039021,San Juan,482,3,9,1,2.704019241504172e-07,0.01867219917012448,,0,18803.0,487,334,241,93,651,0,0,0,0,0,0,0,651,554,47,10,17,0,0.7215568862275449,0.13357400722021662,0.0,22,739.0,435.0,325648.0,0.7548518896833504,0.7548518896833504,0.7372881355932204,1.0,true
721270039022,San Juan,47,1,25,1,3.3856753890238114e-06,0.5319148936170213,1616.8292674513839,410339,8425.0,532,461,92,369,1202,10,0,0,0,0,0,0,1192,583,59,0,0,0,0.19956616052060738,0.10120068610634649,0.01650050802738634,9,1105.0,512.0,527132.0,0.9650655021834061,0.9650655021834061,0.9258589511754068,1.0,true
721270039023,San Juan,154,3,12,1,3.263311819444644e-07,0.07792207792207792,1626.6174195490369,132493,33399.0,373,289,54,235,542,0,0,0,0,0,0,0,542,404,93,64,0,31,0.18685121107266436,0.46534653465346537,0.0,14,575.0,362.0,167516.0,1.5333333333333334,1.5333333333333334,1.2107023411371238,1.0,true
721270039024,San Juan,232,6,16,4,6.792285478529314e-08,0.06896551724137931,,0,24776.0,721,603,295,308,1184,10,26,0,0,0,25,0,1123,891,288,51,39,36,0.4892205638474295,0.46464646464646464,0.0993868129108838,11,1185.0,720.0,117460.0,1.116870876531574,1.116870876531574,1.1076923076923078,1.0,true
721270042001,San Juan,207,2,0,0,0.0,0.0,,0,36970.0,776,588,417,171,954,0,70,0,0,0,0,0,884,758,178,48,14,42,0.7091836734693877,0.3720316622691293,0.13598266594587938,6,960.0,643.0,84092.0,0.96,0.96,0.888121546961326,1.0,true
721270042002,San Juan,752,49,103,47,6.350335134057736e-06,0.13696808510638298,1702.8416892758964,2698739,13650.0,719,467,150,317,661,16,0,0,0,0,0,0,645,531,106,28,18,0,0.32119914346895073,0.2862523540489642,0.04723966117444567,32,1002.0,831.0,1679649.0,1.1059602649006623,1.1059602649006623,0.9764982373678026,1.0,true
721270043061,San Juan,32,0,12,0,6.039791804496504e-08,0.375,1588.634782040741,186529,8633.0,407,315,0,315,572,0,0,0,0,0,0,0,572,405,0,0,0,0,0.0,0.0,0.0,1,676.0,365.0,42899.0,0.9135135135135135,0.9135135135135135,0.9656084656084656,1.0,true
721270043062,San Juan,60,0,13,0,5.566528140651176e-08,0.21666666666666667,1643.639797269717,962793,2499.0,495,323,0,323,670,0,0,0,0,0,0,0,670,437,8,0,6,0,0.0,0.032036613272311214,0.0,2,859.0,470.0,72964.0,1.1930555555555555,1.1930555555555555,1.053811659192825,1.0,true
721270043063,San Juan,47,0,12,0,5.0089886907718375e-08,0.2553191489361702,1648.6341182092242,937842,2499.0,257,158,0,158,366,0,0,0,0,0,0,0,366,209,8,0,0,0,0.0,0.03827751196172249,0.0,1,521.0,256.0,76222.0,0.8982758620689655,0.8982758620689655,0.9770992366412213,1.0,true
721270044001,San Juan,390,4,12,2,1.1677996517334854e-07,0.03076923076923077,1550.025283334496,52054,12039.0,463,347,194,153,660,0,0,0,0,0,0,0,660,512,42,0,0,0,0.5590778097982709,0.08203125,0.0,10,608.0,386.0,96801.0,1.064798598949212,1.064798598949212,1.1352941176470588,1.0,true
721270044002,San Juan,38,3,6,3,1.74101021659571e-07,0.15789473684210525,,0,,186,175,36,139,406,7,0,0,0,0,8,0,391,240,94,7,0,0,0.2057142857142857,0.42083333333333334,0.07184110267174648,1,334.0,196.0,44422.0,12.37037037037037,12.37037037037037,7.538461538461538,1.0,true
721270044003,San Juan,458,4,17,2,2.1051786432354733e-07,0.03711790393013101,1651.4869021692148,341062,24000.0,442,296,196,100,579,0,0,0,0,0,0,6,573,490,94,5,0,0,0.6621621621621622,0.20204081632653062,0.020510617734704306,20,631.0,427.0,189577.0,1.0344262295081967,1.0344262295081967,0.9046610169491526,1.0,true
721270045001,San Juan,374,6,9,3,4.712920387432209e-08,0.02406417112299465,,0,13750.0,460,264,105,159,479,0,0,0,0,0,0,0,479,434,40,11,0,13,0.3977272727272727,0.14746543778801843,0.0,11,692.0,404.0,101114.0,1.130718954248366,1.130718954248366,0.9782082324455206,1.0,true
721270045002,San Juan,376,5,15,3,2.941894230236262e-08,0.0398936170212766,1561.7024532356618,44287,19821.0,496,362,196,166,822,0,0,0,0,0,0,0,822,613,65,13,0,0,0.5414364640883977,0.1272430668841762,0.0,15,757.0,450.0,126493.0,0.7910135841170324,0.7910135841170324,0.847457627118644,1.0,true
721270046001,San Juan,344,5,25,3,8.72136939865528e-08,0.07267441860465117,1525.8085174704302,134803,20000.0,562,392,233,159,1104,0,0,0,0,0,0,0,1104,950,74,6,0,0,0.5943877551020408,0.08421052631578947,0.0,10,716.0,404.0,218672.0,0.7473903966597077,0.7473903966597077,0.831275720164609,1.0,true
721270046002,San Juan,195,0,4,0,2.072489321079931e-08,0.020512820512820513,1652.9946823036998,139520,27955.0,245,180,90,90,667,0,0,0,0,0,0,0,667,425,33,0,0,0,0.5,0.07764705882352942,0.0,4,507.0,265.0,53746.0,1.058455114822547,1.058455114822547,0.9013605442176871,1.0,true
721270046003,San Juan,187,0,6,0,1.0524828343414925e-08,0.03208556149732621,1615.6944851529022,6651,20694.0,194,103,75,28,152,0,0,0,0,0,0,0,152,152,9,29,0,0,0.7281553398058253,0.25,0.0,4,480.0,255.0,50496.0,0.8275862068965517,0.8275862068965517,0.85,1.0,true
721270046004,San Juan,409,0,14,0,1.2436147464604702e-08,0.034229828850855744,1564.103353421982,238710,15244.0,573,394,267,127,960,0,0,0,0,0,0,0,960,678,103,13,0,0,0.6776649746192893,0.1710914454277286,0.0,11,665.0,472.0,89536.0,0.5990990990990991,0.5990990990990991,0.8597449908925319,1.0,true
721270047001,San Juan,355,0,33,0,4.203455854227066e-07,0.09295774647887324,1585.354069311287,281356,,430,348,71,277,729,0,0,0,0,0,0,0,729,414,27,0,0,0,0.20402298850574713,0.06521739130434782,0.0,13,885.0,439.0,275666.0,1.7629482071713147,1.7629482071713147,1.0427553444180522,1.0,true
721270047002,San Juan,717,0,10,0,3.620392448487747e-08,0.01394700139470014,1557.1558489413517,507126,22857.0,677,492,447,45,799,0,0,0,0,0,0,0,799,799,67,31,20,0,0.9085365853658537,0.1476846057571965,0.0,21,1124.0,765.0,153579.0,0.7757073844030365,0.7757073844030365,0.7927461139896373,1.0,true
721270047003,San Juan,406,0,10,0,4.060194666136823e-08,0.024630541871921183,1494.675789525007,10931,12845.0,659,370,204,166,662,0,0,0,0,0,0,0,662,545,130,0,0,0,0.5513513513513514,0.23853211009174313,0.0,15,778.0,480.0,128395.0,0.6366612111292962,0.6366612111292962,0.9248554913294798,1.0,true
721270047004,San Juan,279,0,6,0,3.6716138018043086e-08,0.021505376344086023,,0,,434,254,221,33,893,0,0,0,0,0,0,0,893,779,37,0,0,0,0.8700787401574803,0.04749679075738126,0.0,10,617.0,380.0,86045.0,1.018151815181518,1.018151815181518,1.1143695014662756,1.0,true
721270047005,San Juan,522,0,8,0,1.8832703230571092e-08,0.01532567049808429,1381.6147220069722,48077,32675.0,555,449,261,188,1039,0,0,0,0,0,0,0,1039,903,63,0,0,21,0.5812917594654788,0.09302325581395349,0.0,11,947.0,506.0,136789.0,0.678853046594982,0.678853046594982,0.9844357976653697,1.0,true
721270048001,San Juan,132,0,5,0,1.802099748645759e-07,0.03787878787878788,1635.8633295922364,160612,2499.0,689,614,18,596,1503,0,0,0,0,0,0,0,1503,736,0,0,0,0,0.029315960912052116,0.0,0.0,6,1216.0,580.0,108991.0,0.9382716049382716,0.9382716049382716,0.882800608828006,1.0,true
721270048002,San Juan,125,0,1,0,1.0190602939044674e-08,0.008,1627.6388290551613,67358,2499.0,740,687,0,687,1955,43,11,0,0,0,0,0,1901,926,43,0,0,0,0.0,0.04643628509719223,0.05396458683551253,3,1300.0,515.0,84258.0,1.1732851985559567,1.1732851985559567,0.9484346224677717,1.0,true
721270049001,San Juan,354,0,21,0,1.445438667437946e-07,0.059322033898305086,1522.9117735153163,51742,27557.0,446,350,287,63,896,8,0,0,0,0,0,0,888,704,151,65,0,8,0.82,0.3181818181818182,0.017697704081632626,13,873.0,416.0,350736.0,1.2579250720461095,1.2579250720461095,1.1243243243243244,1.0,true
721270049002,San Juan,279,0,8,0,1.0668426724658617e-07,0.02867383512544803,,0,17935.0,434,376,98,278,648,23,0,0,0,0,0,0,625,528,41,31,0,0,0.26063829787234044,0.13636363636363635,0.06846803078798969,7,1026.0,499.0,144381.0,1.7071547420965059,1.7071547420965059,1.521341463414634,1.0,true
721270049003,San Juan,137,0,4,0,8.70721300411391e-08,0.029197080291970802,,0,,363,322,0,322,774,0,0,0,0,0,0,0,774,314,33,0,0,0,0.0,0.10509554140127389,0.0,2,744.0,323.0,117202.0,0.8985507246376812,0.8985507246376812,0.6659793814432989,1.0,true
721270049004,San Juan,52,0,0,0,0.0,0.0,,0,2783.0,371,313,0,313,796,0,0,0,0,0,0,0,796,371,30,36,0,0,0.0,0.1778975741239892,0.0,4,669.0,298.0,47448.0,1.0652866242038217,1.0652866242038217,1.075812274368231,1.0,true
721270050001,San Juan,142,0,15,0,4.878665322619522e-07,0.1056338028169014,,0,13328.0,503,409,70,339,805,0,15,0,0,0,0,0,790,517,52,9,0,27,0.17114914425427874,0.1702127659574468,0.03657266309170182,15,892.0,455.0,346690.0,1.3002915451895043,1.3002915451895043,1.6977611940298507,1.0,true
721270050002,San Juan,372,0,18,0,9.345112693726622e-08,0.04838709677419355,,0,21932.0,450,308,224,84,836,0,0,0,0,0,0,0,836,609,48,42,0,0,0.7272727272727273,0.1477832512315271,0.0,9,688.0,333.0,124400.0,0.7358288770053476,0.7358288770053476,0.74,1.0,true
721270050003,San Juan,255,0,9,0,6.28351149760924e-08,0.03529411764705882,,0,17750.0,280,260,129,131,423,0,0,0,0,0,0,0,423,371,32,24,10,0,0.49615384615384617,0.1778975741239892,0.0,8,629.0,338.0,223914.0,1.0096308186195826,1.0096308186195826,1.1655172413793105,1.0,true
721270050004,San Juan,83,0,18,0,3.4464074742209305e-08,0.21686746987951808,,0,,416,300,0,300,635,0,0,0,0,0,0,0,635,274,0,0,0,0,0.0,0.0,0.0,5,838.0,458.0,60124.0,0.844758064516129,0.844758064516129,0.849721706864564,1.0,true
721270050005,San Juan,462,0,22,0,6.877322304383761e-08,0.047619047619047616,,0,20921.0,412,316,177,139,593,0,0,0,0,0,0,0,593,503,128,27,9,0,0.560126582278481,0.3260437375745527,0.0,14,878.0,419.0,198498.0,0.8599412340842312,0.8599412340842312,1.0371287128712872,1.0,true
721270051011,San Juan,320,0,12,0,9.130767172966879e-08,0.0375,,0,35000.0,249,216,134,82,437,0,0,0,0,0,0,0,437,402,98,16,0,0,0.6203703703703703,0.2835820895522388,0.0,11,577.0,316.0,328892.0,0.8729198184568835,0.8729198184568835,1.022653721682848,1.0,true
721270051012,San Juan,255,0,6,0,2.3842794825287267e-08,0.023529411764705882,,0,21667.0,420,278,116,162,642,0,0,0,0,0,0,0,642,436,86,6,0,21,0.4172661870503597,0.2591743119266055,0.0,8,554.0,322.0,94276.0,1.6011560693641618,1.6011560693641618,1.2337164750957854,1.0,true
721270051013,San Juan,363,0,12,0,5.824013729283299e-08,0.03305785123966942,,0,21250.0,321,264,145,119,725,0,0,0,0,0,0,0,725,501,80,13,19,0,0.5492424242424242,0.22355289421157684,0.0,6,627.0,336.0,167818.0,0.8818565400843882,0.8818565400843882,0.968299711815562,1.0,true
721270051021,San Juan,622,0,25,0,6.225401099545738e-07,0.04019292604501608,,0,19491.0,667,510,294,216,1173,0,0,0,0,0,0,0,1173,872,114,8,0,19,0.5764705882352941,0.16169724770642202,0.0,9,1416.0,757.0,309688.0,1.4075546719681908,1.4075546719681908,1.401851851851852,1.0,true
721270051022,San Juan,462,0,32,0,1.1924166468266248e-06,0.06926406926406926,,0,29718.0,387,317,216,101,705,0,25,0,0,0,0,0,680,617,70,18,0,5,0.6813880126182965,0.1507293354943274,0.06840702177958868,12,685.0,366.0,310691.0,1.0269865067466266,1.0269865067466266,1.0457142857142858,1.0,true
721270051031,San Juan,426,0,8,0,1.6806632335217132e-08,0.018779342723004695,,0,30616.0,369,283,203,80,568,0,0,0,0,0,0,0,568,485,96,15,0,0,0.7173144876325088,0.2288659793814433,0.0,5,608.0,343.0,168517.0,1.1875,1.1875,1.0993589743589745,1.0,true
721270051032,San Juan,292,0,22,0,6.067152040598005e-07,0.07534246575342465,,0,,239,178,104,74,388,0,0,0,0,0,0,0,388,320,116,24,0,0,0.5842696629213483,0.4375,0.0,4,528.0,259.0,149490.0,0.8844221105527639,0.8844221105527639,1.0,1.0,true
721270051033,San Juan,363,0,56,0,2.423521064953449e-06,0.15426997245179064,,0,5561.0,1141,1035,99,936,2552,0,0,0,0,0,0,0,2552,1244,44,0,0,0,0.09565217391304348,0.03536977491961415,0.0,7,1559.0,861.0,389969.0,0.8883190883190883,0.8883190883190883,0.9140127388535032,1.0,true
721270052011,San Juan,379,0,32,0,2.3923249790751206e-07,0.08443271767810026,,0,28750.0,439,349,173,176,800,0,0,0,0,0,0,0,800,616,161,54,0,10,0.49570200573065903,0.3652597402597403,0.0,12,753.0,442.0,180523.0,0.7178265014299333,0.7178265014299333,0.9546436285097192,1.0,true
721270052012,San Juan,329,0,21,0,3.815858229304355e-07,0.06382978723404255,,0,29572.0,383,365,261,104,798,0,0,0,0,0,0,0,798,742,126,65,12,8,0.7150684931506849,0.284366576819407,0.0,8,643.0,353.0,128428.0,1.2509727626459144,1.2509727626459144,1.1966101694915254,1.0,true
721270052013,San Juan,295,0,50,0,5.522101301169992e-07,0.1694915254237288,,0,25000.0,301,222,143,79,569,0,0,0,0,0,0,0,569,308,102,5,7,0,0.6441441441441441,0.37012987012987014,0.0,4,689.0,354.0,175805.0,0.6754901960784314,0.6754901960784314,0.8349056603773585,1.0,true
721270052021,San Juan,264,0,10,0,1.0505729851733357e-07,0.03787878787878788,,0,39303.0,369,311,188,123,764,0,0,0,0,0,0,0,764,584,89,74,0,0,0.6045016077170418,0.2791095890410959,0.0,4,754.0,383.0,113388.0,1.0802292263610316,1.0802292263610316,1.1432835820895522,1.0,true
721270052022,San Juan,942,0,41,0,4.7551647577320543e-07,0.0435244161358811,,0,38068.0,994,796,483,313,2472,0,0,0,0,0,67,0,2405,1944,505,114,24,0,0.6067839195979899,0.330761316872428,0.0527379138257873,17,1760.0,969.0,432110.0,0.9523809523809523,0.9523809523809523,0.930835734870317,1.0,true
721270052041,San Juan,377,0,9,0,2.3491521882573552e-08,0.023872679045092837,,0,26000.0,407,310,146,164,881,0,9,0,0,0,0,0,872,659,96,25,0,0,0.47096774193548385,0.18361153262518967,0.02022260845365853,9,734.0,358.0,161340.0,0.9799732977303071,0.9799732977303071,0.8905472636815921,1.0,true
721270052042,San Juan,582,0,65,0,1.1216430223538048e-06,0.11168384879725086,,0,36923.0,490,416,304,112,923,0,0,0,0,0,0,0,923,761,275,91,5,32,0.7307692307692307,0.5295663600525624,0.0,14,999.0,496.0,521186.0,0.8634399308556612,0.8634399308556612,0.9520153550863724,1.0,true
721270052141,San Juan,651,0,51,0,4.993071394195822e-07,0.07834101382488479,,0,20302.0,560,468,217,251,898,0,0,0,0,0,0,0,898,737,94,13,0,0,0.4636752136752137,0.1451831750339213,0.0,18,1592.0,847.0,343854.0,1.1363311920057102,1.1363311920057102,1.0143712574850299,1.0,true
721270052142,San Juan,154,0,17,0,4.5067200786013313e-07,0.11038961038961038,,0,27115.0,1793,1474,857,617,3286,73,0,0,0,0,10,0,3203,2281,539,0,66,55,0.5814111261872456,0.2893467777290662,0.049376557956827494,6,3240.0,2017.0,312952.0,1.5041782729805013,1.5041782729805013,1.434566145092461,1.0,true
721270052151,San Juan,365,0,24,0,2.3369620900161412e-07,0.06575342465753424,,0,17554.0,929,688,266,422,1802,0,0,0,0,0,0,0,1802,1019,219,77,0,0,0.3866279069767442,0.2904808635917566,0.0,13,1551.0,937.0,666061.0,0.9503676470588235,0.9503676470588235,1.001068376068376,1.0,true
721270052152,San Juan,306,0,13,0,7.818702474413524e-08,0.042483660130718956,,0,33988.0,353,265,132,133,707,0,0,0,0,0,0,0,707,506,107,59,0,0,0.4981132075471698,0.32806324110671936,0.0,12,758.0,403.0,172497.0,1.1643625192012288,1.1643625192012288,1.2175226586102719,1.0,true
721270053001,San Juan,381,0,21,0,1.0941234605769704e-07,0.05511811023622047,,0,42978.0,503,393,242,151,1030,33,0,0,0,0,0,0,997,734,150,39,0,22,0.6157760814249363,0.28746594005449594,0.062024696012819236,11,792.0,415.0,185602.0,1.084931506849315,1.084931506849315,0.9975961538461539,1.0,true
721270053002,San Juan,516,0,30,0,1.2907257803321847e-07,0.05813953488372093,,0,35515.0,563,411,283,128,969,0,0,0,0,0,0,0,969,713,229,45,23,0,0.6885644768856448,0.4165497896213184,0.0,12,886.0,497.0,218629.0,1.0033975084937712,1.0033975084937712,1.1531322505800463,1.0,true
721270053003,San Juan,276,0,37,0,2.5295098762269704e-07,0.13405797101449277,,0,18512.0,248,227,145,82,586,0,0,0,0,0,0,0,586,421,63,23,0,0,0.6387665198237885,0.2042755344418052,0.0,9,644.0,325.0,128986.0,0.817258883248731,0.817258883248731,0.8928571428571429,1.0,true
721270054021,San Juan,110,0,28,0,2.0480663879327836e-07,0.2545454545454545,,0,2499.0,752,563,35,528,943,0,0,0,0,0,0,0,943,614,0,0,0,9,0.06216696269982238,0.014657980456026058,0.0,4,1204.0,686.0,155683.0,0.8252227553118574,0.8252227553118574,0.9621318373071529,1.0,true
721270054031,San Juan,620,0,102,0,1.1108915430487533e-06,0.16451612903225807,,0,26410.0,1214,1152,627,525,2333,16,0,0,0,0,0,0,2317,1821,484,246,50,36,0.5442708333333334,0.44810543657331137,0.013622177486992681,14,2772.0,1404.0,554724.0,0.9428571428571428,0.9428571428571428,1.0668693009118542,1.0,true
721270054032,San Juan,563,0,58,0,4.858482424383387e-07,0.10301953818827708,,0,24151.0,1761,1534,936,598,3311,9,0,0,0,0,0,0,3302,2294,760,174,149,113,0.6101694915254238,0.5213600697471665,0.0054216466878980185,18,2927.0,1517.0,1333121.0,1.2195833333333332,1.2195833333333332,1.2001582278481013,1.0,true
721270054041,San Juan,999,0,118,0,1.1792592174904224e-06,0.11811811811811812,1496.8777001161923,698724,50781.0,772,645,484,161,2185,0,0,0,0,0,0,0,2185,1712,698,132,58,0,0.7503875968992249,0.5186915887850467,0.0,30,2062.0,838.0,926328.0,0.9047827994734533,0.9047827994734533,1.062103929024081,1.0,true
721270054051,San Juan,665,0,75,0,9.976814732650381e-07,0.11278195488721804,,0,46286.0,830,666,524,142,1390,0,0,0,0,0,0,65,1325,1047,353,167,216,0,0.7867867867867868,0.7029608404966571,0.08915170022255592,9,1709.0,810.0,706588.0,1.2612546125461255,1.2612546125461255,1.0201511335012594,1.0,true
721270054052,San Juan,601,0,77,0,9.255891227648049e-07,0.1281198003327787,,0,50236.0,720,525,431,94,1221,0,0,0,0,0,0,0,1221,1048,329,95,42,19,0.820952380952381,0.4627862595419847,0.0,7,1123.0,533.0,337464.0,1.3645200486026732,1.3645200486026732,0.9126712328767124,1.0,true
721270054053,San Juan,290,0,14,0,1.0070976745187438e-07,0.04827586206896552,1513.6479722419983,784830,36046.0,1021,907,417,490,2623,0,8,0,0,0,0,0,2615,1512,514,160,0,0,0.4597574421168688,0.44576719576719576,0.00608128132481256,10,2376.0,1076.0,329604.0,1.434782608695652,1.434782608695652,1.4599728629579376,1.0,true
721270055001,San Juan,546,0,14,0,4.580881553928525e-08,0.02564102564102564,,0,35870.0,543,418,125,293,967,0,0,0,0,0,0,0,967,782,182,41,0,0,0.29904306220095694,0.2851662404092072,0.0,8,850.0,489.0,280966.0,0.8551307847082495,0.8551307847082495,1.0915178571428572,1.0,true
721270055002,San Juan,273,0,10,0,8.50001073820595e-08,0.03663003663003663,,0,,327,248,82,166,380,0,0,0,0,0,0,0,380,279,46,0,0,0,0.33064516129032256,0.16487455197132617,0.0,6,675.0,330.0,136656.0,2.800829875518672,2.800829875518672,1.4601769911504425,1.0,true
721270055003,San Juan,139,0,32,0,2.390866914516556e-07,0.2302158273381295,,0,9618.0,571,477,41,436,655,0,0,0,0,0,0,0,655,622,26,16,39,0,0.0859538784067086,0.1302250803858521,0.0,5,1064.0,814.0,140567.0,1.047244094488189,1.047244094488189,1.3986254295532645,1.0,true
721270055004,San Juan,571,0,26,0,2.032391324187583e-07,0.04553415061295972,,0,48563.0,688,595,396,199,1513,0,0,0,0,0,0,0,1513,1262,192,105,20,29,0.6655462184873949,0.27416798732171155,0.0,8,1460.0,730.0,430054.0,1.3493530499075785,1.3493530499075785,1.0944527736131935,1.0,true
721270055005,San Juan,257,0,7,0,7.102920894656102e-08,0.027237354085603113,,0,72143.0,394,248,186,62,653,0,0,0,0,0,0,0,653,479,104,118,0,28,0.75,0.5219206680584552,0.0,10,592.0,283.0,141986.0,1.549738219895288,1.549738219895288,0.9964788732394366,1.0,true
721270056011,San Juan,702,0,48,0,3.164487910537545e-07,0.06837606837606838,,0,33889.0,998,824,497,327,1734,38,13,0,0,0,0,0,1683,1513,513,59,45,28,0.6031553398058253,0.426305353602115,0.05742201894666554,13,1767.0,1029.0,363446.0,1.2061433447098977,1.2061433447098977,1.0564681724845997,1.0,true
721270056012,San Juan,403,0,34,0,2.2575820006773642e-07,0.08436724565756824,,0,42021.0,596,458,265,193,1363,0,0,0,0,0,0,0,1363,965,297,71,31,77,0.5786026200873362,0.49326424870466323,0.0,9,929.0,511.0,294643.0,0.7879558948261238,0.7879558948261238,0.9641509433962264,1.0,true
721270056021,San Juan,68,0,9,0,1.6515155190891923e-08,0.1323529411764706,,0,2499.0,320,275,0,275,665,0,0,0,0,0,0,0,665,298,0,0,0,0,0.0,0.0,0.0,2,655.0,265.0,77784.0,0.9212376933895922,0.9212376933895922,1.0192307692307692,1.0,true
721270056022,San Juan,309,0,15,0,2.1160650429243622e-07,0.04854368932038835,,0,,165,126,77,49,457,0,0,0,0,0,0,110,347,361,149,46,11,44,0.6111111111111112,0.6925207756232687,0.36552724695832883,12,559.0,231.0,199935.0,1.079150579150579,1.079150579150579,0.9665271966527197,1.0,true
721270056023,San Juan,90,0,6,0,8.847648639201203e-08,0.06666666666666667,,0,29888.0,648,470,371,99,690,0,0,0,0,0,0,0,690,665,199,215,14,23,0.7893617021276595,0.6781954887218045,0.0,3,856.0,632.0,118055.0,1.646153846153846,1.646153846153846,1.452873563218391,1.0,true
721270056024,San Juan,242,0,9,0,4.3785199874710005e-08,0.0371900826446281,,0,,310,210,133,77,685,0,0,0,0,0,0,0,685,454,33,44,0,0,0.6333333333333333,0.1696035242290749,0.0,8,467.0,256.0,134072.0,0.8616236162361623,0.8616236162361623,0.6580976863753213,1.0,true
721270056025,San Juan,81,0,4,0,4.337474952709484e-08,0.04938271604938271,,0,14965.0,585,489,184,305,893,0,0,0,0,0,0,0,893,677,120,43,27,0,0.37627811860940696,0.28064992614475626,0.0,2,1169.0,609.0,91072.0,0.9982920580700256,0.9982920580700256,0.9456521739130435,1.0,true
721270058001,San Juan,238,0,6,0,2.7385330004329092e-08,0.025210084033613446,,0,22500.0,426,334,142,192,546,0,0,0,0,0,0,0,546,488,61,34,19,0,0.4251497005988024,0.2336065573770492,0.0,9,562.0,333.0,219208.0,1.367396593673966,1.367396593673966,0.9460227272727273,1.0,true
721270058002,San Juan,324,0,8,0,6.873522338478462e-08,0.024691358024691357,,0,30488.0,614,518,277,241,1004,0,0,0,0,0,0,0,1004,776,276,130,0,0,0.5347490347490348,0.5231958762886598,0.0,12,1121.0,654.0,185061.0,0.9841966637401229,0.9841966637401229,0.961764705882353,1.0,true
721270058003,San Juan,274,0,31,0,2.3004467684141482e-07,0.11313868613138686,,0,,329,311,266,45,754,12,0,0,0,0,0,0,742,518,166,122,88,41,0.8553054662379421,0.805019305019305,0.03132365667808812,12,525.0,253.0,194627.0,0.7824143070044709,0.7824143070044709,0.6856368563685636,1.0,true
721270058004,San Juan,179,0,33,0,1.0807597540178527e-06,0.18435754189944134,1564.7218546635916,377546,,73,0,0,0,214,0,0,0,11,0,0,0,203,11,11,0,0,0,,1.0,0.09751943401170404,11,34.0,50.0,890100.0,0.09631728045325778,0.09631728045325778,0.9803921568627451,1.0,true
721270059001,San Juan,279,0,13,0,9.940152731517573e-08,0.04659498207885305,,0,32344.0,669,515,304,211,1302,0,0,0,0,0,0,0,1302,950,208,7,15,0,0.5902912621359223,0.24210526315789474,0.0,8,990.0,554.0,125143.0,1.346938775510204,1.346938775510204,1.0091074681238617,1.0,true
721270059002,San Juan,243,0,10,0,7.574996229220696e-08,0.0411522633744856,,0,,379,269,189,80,529,0,0,0,0,0,0,0,529,458,143,55,0,0,0.7026022304832714,0.43231441048034935,0.0,8,560.0,324.0,100893.0,0.9395973154362416,0.9395973154362416,0.9671641791044776,1.0,true
721270060001,San Juan,109,0,6,0,8.772300871981914e-09,0.05504587155963303,1609.456793424904,10882,16938.0,475,328,126,202,767,0,0,0,0,0,0,0,767,554,23,0,0,0,0.38414634146341464,0.04151624548736462,0.0,4,638.0,460.0,67405.0,0.8472775564409031,0.8472775564409031,0.9978308026030369,1.0,true
721270060002,San Juan,338,0,9,0,2.6560450607406266e-08,0.026627218934911243,,0,17235.0,687,495,258,237,870,0,24,0,0,0,0,0,846,687,113,27,0,0,0.5212121212121212,0.20378457059679767,0.05365041617122479,12,979.0,646.0,261267.0,1.0504291845493563,1.0504291845493563,1.0453074433656957,1.0,true
721270061011,San Juan,265,5,33,3,8.475377717161387e-07,0.12452830188679245,1671.371638974769,116890,23452.0,875,432,242,190,676,0,0,0,0,0,0,0,676,606,93,54,0,0,0.5601851851851852,0.24257425742574257,0.0,6,1270.0,709.0,321796.0,1.1662075298438934,1.1662075298438934,0.7912946428571429,1.0,true
721270061012,San Juan,42,0,10,0,9.940971056653962e-08,0.23809523809523808,,0,,740,460,129,331,946,0,0,0,0,0,0,0,946,717,130,67,0,0,0.28043478260869564,0.27475592747559274,0.0,2,1019.0,667.0,74592.0,1.0313765182186234,1.0313765182186234,1.1681260945709282,1.0,true
721270061013,San Juan,82,3,15,3,2.0252654475127538e-07,0.18292682926829268,,0,7661.0,950,727,173,554,947,0,0,0,0,0,0,0,947,829,77,24,21,30,0.23796423658872076,0.18335343787696018,0.0,5,1261.0,887.0,166857.0,0.97,0.97,0.9558189655172413,1.0,true
721270061021,San Juan,740,6,45,4,3.6700762246515985e-07,0.060810810810810814,,0,20556.0,843,554,190,364,1049,0,9,0,0,0,0,0,1040,932,314,77,35,0,0.34296028880866425,0.4570815450643777,0.01701198017813521,17,1227.0,825.0,675932.0,0.9839615076182838,0.9839615076182838,0.972877358490566,1.0,true
721270062001,San Juan,260,6,5,3,6.8076396349577865e-09,0.019230769230769232,1610.934475239363,546783,14515.0,479,355,121,234,631,0,0,0,0,0,0,0,631,497,47,42,0,0,0.3408450704225352,0.1790744466800805,0.0,9,607.0,382.0,88490.0,0.7965879265091863,0.7965879265091863,0.9317073170731708,1.0,true
721270062002,San Juan,641,5,7,1,9.807979770165134e-08,0.0109204368174727,1642.2905391868574,25459,13385.0,669,426,168,258,981,0,0,0,0,0,0,0,981,687,87,12,0,0,0.39436619718309857,0.14410480349344978,0.0,17,1027.0,700.0,175804.0,0.9697828139754485,0.9697828139754485,0.8641975308641975,1.0,true
721270063011,San Juan,262,19,22,10,3.374672399453198e-07,0.08396946564885496,,0,71379.0,293,252,75,177,630,0,0,0,0,0,0,0,630,519,227,96,34,0,0.2976190476190476,0.6878612716763006,0.0,17,728.0,387.0,127468.0,1.9007832898172323,1.9007832898172323,1.3920863309352518,1.0,true
721270063012,San Juan,320,11,10,5,5.9480161227529635e-08,0.03125,,0,,434,294,62,232,574,0,0,0,0,0,0,0,574,407,74,28,0,8,0.2108843537414966,0.2702702702702703,0.0,13,661.0,470.0,138342.0,0.7677119628339141,0.7677119628339141,1.0195227765726682,1.0,true
721270063013,San Juan,463,27,63,18,1.2761772086169598e-06,0.13606911447084233,,0,,853,634,396,238,1968,0,0,0,0,0,0,0,1968,1754,362,205,43,24,0.6246056782334385,0.3614595210946408,0.0,21,1242.0,741.0,329227.0,0.9152542372881356,0.9152542372881356,1.0833333333333333,1.0,true
721270063021,San Juan,26,1,8,1,1.3644188765967748e-07,0.3076923076923077,,0,30000.0,488,388,209,179,506,18,0,0,0,0,0,0,488,461,196,48,29,9,0.538659793814433,0.6117136659436009,0.06861535096627036,2,621.0,494.0,43968.0,0.9186390532544378,0.9186390532544378,0.8606271777003485,1.0,true
721270063022,San Juan,96,0,17,0,3.441330680695733e-07,0.17708333333333334,,0,50500.0,849,706,417,289,1355,0,0,0,10,0,0,0,1345,1116,345,266,94,20,0.5906515580736544,0.649641577060932,0.014651216622867391,12,1200.0,896.0,175056.0,1.1121408711770158,1.1121408711770158,1.2190476190476192,1.0,true
721270063023,San Juan,364,31,38,25,1.8101481730855274e-06,0.1043956043956044,,0,19554.0,783,593,225,368,1261,0,0,0,0,0,0,0,1261,953,367,174,50,23,0.3794266441821248,0.6442812172088143,0.0,18,1049.0,583.0,242478.0,0.9043103448275862,0.9043103448275862,0.8486171761280932,1.0,true
721270065001,San Juan,365,47,42,22,1.1014783058614206e-06,0.11506849315068493,,0,56447.0,300,168,57,111,410,11,0,0,0,0,0,8,391,379,96,74,0,6,0.3392857142857143,0.46437994722955145,0.08943486020226066,20,408.0,276.0,309958.0,0.8192771084337349,0.8192771084337349,0.7818696883852692,1.0,true
721270065002,San Juan,306,34,36,20,3.792394676079071e-07,0.11764705882352941,1645.4401456527626,81790,45938.0,425,259,163,96,427,21,0,0,0,0,0,0,406,403,113,71,23,27,0.6293436293436293,0.5806451612903226,0.09352324643912935,17,630.0,428.0,193523.0,1.351931330472103,1.351931330472103,1.0288461538461537,1.0,true
721270065003,San Juan,431,31,20,8,1.866535147213936e-07,0.04640371229698376,,0,30400.0,403,258,138,120,640,0,0,0,0,0,0,0,640,485,205,54,28,25,0.5348837209302325,0.643298969072165,0.0,11,563.0,401.0,196382.0,1.1680497925311204,1.1680497925311204,0.9282407407407407,1.0,true
721270066001,San Juan,48,0,0,0,0.0,0.0,,0,36250.0,460,317,148,169,517,0,0,0,0,0,0,0,517,465,136,189,38,13,0.4668769716088328,0.8086021505376344,0.0,1,525.0,349.0,37402.0,0.8064516129032258,0.8064516129032258,0.6403669724770642,1.0,true
721270066002,San Juan,182,6,7,3,1.659098620328516e-08,0.038461538461538464,1505.3753869793645,87363,14777.0,691,423,128,295,728,1,1,0,0,0,0,0,726,623,188,57,0,0,0.30260047281323876,0.39325842696629215,0.005483184398019536,11,948.0,659.0,122619.0,0.9546827794561934,0.9546827794561934,0.7882775119617225,1.0,true
721270066003,San Juan,48,0,9,0,1.8333710708773177e-07,0.1875,1466.1083472361167,118796,,59,32,0,32,438,10,18,0,35,0,0,0,375,75,20,7,8,0,0.0,0.4666666666666667,0.2583870227893498,6,366.0,19.0,82007.0,0.8008752735229759,0.8008752735229759,0.2753623188405797,1.0,true
721270066004,San Juan,142,2,9,2,1.5863374462195656e-07,0.06338028169014084,,0,4077.0,133,133,0,133,133,0,0,0,0,0,0,0,133,133,0,16,0,0,0.0,0.12030075187969924,0.0,10,206.0,191.0,246670.0,,,,1.0,true
721270067011,San Juan,442,73,87,34,7.65819996268326e-07,0.19683257918552036,,0,85927.0,711,569,439,130,1302,8,0,0,0,0,0,0,1294,1175,561,176,126,136,0.7715289982425307,0.8502127659574468,0.012213279345730577,13,1126.0,682.0,257959.0,0.609967497291441,0.609967497291441,0.7930232558139535,1.0,true
721270067012,San Juan,485,60,47,27,5.583491663231493e-07,0.09690721649484536,1612.5625707806541,670056,46063.0,401,271,127,144,618,6,15,0,0,0,0,0,597,505,182,78,38,42,0.46863468634686345,0.6732673267326733,0.06612310302573277,13,689.0,431.0,298503.0,2.6398467432950192,2.6398467432950192,1.2420749279538905,1.0,true
721270067021,San Juan,151,3,13,2,3.7747259884654856e-08,0.08609271523178808,1574.8409861354592,560001,22703.0,542,420,38,382,575,0,0,0,0,0,0,0,575,455,174,51,8,0,0.09047619047619047,0.512087912087912,0.0,4,625.0,472.0,73006.0,1.0080645161290323,1.0080645161290323,1.0,1.0,true
721270067022,San Juan,37,3,14,3,4.480568575595303e-07,0.3783783783783784,,0,55833.0,931,534,368,166,844,12,0,0,0,0,0,0,832,709,225,73,159,95,0.6891385767790262,0.7785613540197461,0.028031715370274712,2,1184.0,916.0,115151.0,1.2371995820271682,1.2371995820271682,1.0088105726872247,1.0,true
721270067023,San Juan,219,8,42,7,4.2337928841369236e-07,0.1917808219178082,1658.3428903966922,1040284,,476,263,168,95,344,0,0,0,0,0,0,0,344,344,176,49,10,0,0.6387832699619772,0.6831395348837209,0.0,7,532.0,410.0,165997.0,1.0769230769230769,1.0769230769230769,0.9151785714285714,1.0,true
721270068001,San Juan,432,65,25,19,2.8923795382289124e-07,0.05787037037037037,1666.5387420564036,2720091,,845,715,339,376,1521,0,0,0,0,0,0,0,1521,1142,530,17,20,64,0.47412587412587415,0.5525394045534151,0.0,15,1357.0,869.0,315629.0,1.0943548387096773,1.0943548387096773,1.144927536231884,1.0,true
721270068002,San Juan,729,66,115,22,7.749580294628678e-07,0.15775034293552812,1688.547969793869,1865169,29688.0,557,450,323,127,904,0,0,0,0,0,0,0,904,713,349,15,55,0,0.7177777777777777,0.5876577840112202,0.0,41,1099.0,674.0,271751.0,1.541374474053296,1.541374474053296,1.1482112436115843,1.0,true
721270068003,San Juan,30,0,9,0,2.8881464414600716e-07,0.3,1317.337780220699,388896,113491.0,968,910,730,180,2134,16,0,0,0,0,0,0,2118,1460,440,231,511,107,0.8021978021978022,0.8828767123287671,0.014882884243940797,2,1439.0,800.0,116080.0,1.2194915254237289,1.2194915254237289,1.1095700416088765,1.0,true
721270068004,San Juan,162,9,24,5,6.224883521682513e-07,0.14814814814814814,1594.8442715122571,1236087,18271.0,1199,1019,225,794,1613,19,0,0,0,0,28,0,1566,1468,298,187,85,57,0.22080471050049066,0.4271117166212534,0.05698738050918428,8,1532.0,1040.0,170397.0,1.4816247582205029,1.4816247582205029,1.0067763794772506,1.0,true
721270069001,San Juan,377,27,10,6,6.092381943527479e-08,0.026525198938992044,1627.9562548856857,6192916,19198.0,418,316,83,233,762,0,0,0,0,0,0,0,762,502,68,0,0,0,0.2626582278481013,0.13545816733067728,0.0,14,796.0,454.0,171326.0,0.6734348561759729,0.6734348561759729,0.8598484848484849,1.0,true
721270069002,San Juan,294,27,14,6,4.5400812681394116e-08,0.047619047619047616,1604.6461324436557,5081189,,157,122,88,34,257,13,0,0,0,0,0,0,244,257,42,26,14,25,0.7213114754098361,0.4163424124513619,0.09604990234522859,9,438.0,274.0,168808.0,0.8374760994263862,0.8374760994263862,1.1464435146443515,1.0,true
721270069003,San Juan,200,20,9,7,4.4765788333444225e-08,0.045,1636.8802344617725,4339489,13287.0,354,293,150,143,540,0,0,0,0,0,0,0,540,384,14,32,0,0,0.5119453924914675,0.11979166666666667,0.0,7,525.0,279.0,83724.0,0.9178321678321678,0.9178321678321678,0.8205882352941176,1.0,true
721270069004,San Juan,359,48,7,6,5.509493818459446e-08,0.019498607242339833,1648.2246031394357,6661744,46895.0,436,301,171,130,530,0,0,0,0,0,0,0,530,473,232,57,50,0,0.5681063122923588,0.7167019027484144,0.0,9,538.0,344.0,114197.0,0.7609618104667609,0.7609618104667609,0.8329297820823245,1.0,true
721270070041,San Juan,315,25,10,4,2.3010387298641528e-07,0.031746031746031744,1623.1985495672675,6490038,15978.0,439,392,117,275,669,0,0,0,0,0,20,0,649,627,169,25,0,0,0.29846938775510207,0.3094098883572568,0.058003266593827485,9,536.0,390.0,213490.0,0.9834862385321101,0.9834862385321101,1.2111801242236024,1.0,true
721270070042,San Juan,907,64,94,17,4.426129473807709e-06,0.10363836824696802,1656.4454916682312,13036180,,442,287,115,172,707,0,0,0,0,0,0,0,707,428,199,10,18,0,0.40069686411149824,0.530373831775701,0.0,34,931.0,500.0,3533826.0,1.4411764705882353,1.4411764705882353,0.984251968503937,1.0,true
721270070043,San Juan,223,33,13,10,8.079898817275644e-08,0.05829596412556054,1611.309847748784,3516285,15066.0,331,253,143,110,643,0,0,0,0,0,0,0,643,524,54,0,0,0,0.5652173913043478,0.10305343511450382,0.0,8,637.0,344.0,91569.0,1.0476973684210527,1.0476973684210527,1.0238095238095237,1.0,true
721270071001,San Juan,433,44,12,10,9.307470712781411e-08,0.02771362586605081,1623.4872830089703,8932428,27788.0,508,461,174,287,992,0,11,0,0,0,0,19,962,777,163,13,13,34,0.3774403470715835,0.287001287001287,0.059079490764828324,11,796.0,453.0,194951.0,0.8844444444444445,0.8844444444444445,1.0111607142857142,1.0,true
721270071002,San Juan,471,46,46,17,1.4556787758698703e-06,0.09766454352441614,1619.3243776310396,11831016,35703.0,502,375,234,141,958,0,0,0,0,0,0,0,958,712,69,62,7,0,0.624,0.19382022471910113,0.0,10,771.0,446.0,429407.0,0.803125,0.803125,0.9469214437367304,1.0,true
721270073001,San Juan,417,49,32,13,6.020821545017138e-07,0.07673860911270983,1594.8109835796572,7253207,,396,294,177,117,827,0,0,0,0,0,0,0,827,671,189,62,14,0,0.6020408163265306,0.3949329359165425,0.0,12,763.0,438.0,496851.0,0.8440265486725663,0.8440265486725663,0.8374760994263862,1.0,true
721270073002,San Juan,451,58,28,19,2.410550657089421e-07,0.06208425720620843,1581.8444901415367,7573941,33895.0,683,522,185,337,1123,0,0,0,0,0,0,0,1123,815,215,46,23,0,0.3544061302681992,0.34846625766871164,0.0,12,751.0,466.0,311603.0,1.203525641025641,1.203525641025641,0.9789915966386554,1.0,true
721270073003,San Juan,579,64,27,18,2.5748800912696827e-07,0.046632124352331605,1614.7699307347186,12611246,32177.0,476,392,261,131,926,31,0,0,0,0,0,0,895,871,231,50,0,14,0.6658163265306123,0.338691159586682,0.06471318147679939,25,977.0,543.0,300541.0,1.102708803611738,1.102708803611738,1.105906313645621,1.0,true
721270073004,San Juan,11,0,6,0,2.0262179755941757e-07,0.5454545454545454,1350.2174815765825,1456658,38509.0,737,620,403,217,982,21,0,0,0,0,0,0,961,910,417,139,9,31,0.65,0.654945054945055,0.04185522708135436,1,760.0,619.0,62143.0,0.927960927960928,0.927960927960928,0.9809825673534073,1.0,true
721270074001,San Juan,272,37,17,12,1.844321793581919e-07,0.0625,1618.9241554119492,5839315,30625.0,215,153,91,62,292,0,0,0,0,0,0,0,292,208,68,22,0,0,0.5947712418300654,0.4326923076923077,0.0,6,432.0,252.0,99679.0,0.9250535331905781,0.9250535331905781,0.7850467289719626,1.0,true
721270074002,San Juan,284,40,6,6,5.8296507864021385e-08,0.02112676056338028,1600.0692146816773,5531826,42981.0,413,329,178,151,826,7,0,0,0,0,0,0,819,577,106,16,7,0,0.541033434650456,0.22357019064124783,0.016805515656420633,6,668.0,333.0,93010.0,0.6290018832391714,0.6290018832391714,0.8604651162790697,1.0,true
721270074003,San Juan,283,18,13,7,7.894060896157588e-08,0.045936395759717315,1620.880546519728,5693519,22250.0,284,217,88,129,386,0,0,0,0,0,0,0,386,286,68,7,0,0,0.4055299539170507,0.26223776223776224,0.0,4,535.0,322.0,132796.0,0.8205521472392638,0.8205521472392638,0.8969359331476323,1.0,true
721270075001,San Juan,492,48,29,10,7.81601603906601e-07,0.05894308943089431,1622.647365756135,12386781,18030.0,635,495,213,282,1104,0,0,0,0,0,0,0,1104,734,195,7,0,0,0.4303030303030303,0.27520435967302453,0.0,15,1041.0,559.0,465408.0,1.0175953079178885,1.0175953079178885,0.9571917808219178,1.0,true
721270075002,San Juan,289,44,11,9,6.830859310295218e-08,0.03806228373702422,1628.4374735731835,5648513,30101.0,366,293,161,132,824,0,0,0,0,0,0,0,824,533,70,13,0,11,0.5494880546075085,0.17636022514071295,0.0,11,702.0,345.0,111741.0,0.8004561003420753,0.8004561003420753,0.905511811023622,1.0,true
721270076001,San Juan,272,34,15,5,7.913601532899735e-08,0.05514705882352941,1602.3978241211153,5463184,,198,146,111,35,471,6,0,0,0,0,0,0,465,385,34,6,0,0,0.7602739726027398,0.1038961038961039,0.025153150229218157,8,455.0,245.0,116142.0,0.8410351201478743,0.8410351201478743,1.0560344827586208,1.0,true
721270076002,San Juan,254,34,16,9,8.213428681751903e-08,0.06299212598425197,1608.9646538410814,6267016,,334,210,109,101,517,0,0,0,0,0,0,0,517,410,80,17,0,0,0.5190476190476191,0.23658536585365852,0.0,6,599.0,313.0,91190.0,0.7208182912154031,0.7208182912154031,0.8413978494623656,1.0,true
721270076003,San Juan,235,24,26,4,8.563995169965219e-08,0.11063829787234042,1614.887106630781,4230840,25461.0,322,297,126,171,759,0,0,0,0,0,0,0,759,540,36,35,0,1,0.42424242424242425,0.13333333333333333,0.0,6,502.0,256.0,87450.0,0.7514970059880239,0.7514970059880239,0.839344262295082,1.0,true
721270076004,San Juan,271,37,36,14,1.2150996266699567e-07,0.13284132841328414,1596.9492651209223,6836998,33750.0,273,168,125,43,478,0,0,0,0,0,0,0,478,344,35,28,0,0,0.7440476190476191,0.18313953488372092,0.0,10,515.0,296.0,129121.0,0.7744360902255639,0.7744360902255639,1.0277777777777777,1.0,true
721270077001,San Juan,266,32,18,7,8.65574595352443e-08,0.06766917293233082,1597.3976286807938,3624236,31607.0,263,230,184,46,532,0,0,0,0,0,0,0,532,464,45,29,0,0,0.8,0.15948275862068967,0.0,5,593.0,313.0,82185.0,1.3855140186915889,1.3855140186915889,0.828042328042328,1.0,true
721270077002,San Juan,261,21,20,6,4.9363128252449704e-08,0.07662835249042145,1628.1170967868738,8317849,22465.0,213,195,41,154,652,0,0,0,0,0,0,0,652,486,119,35,0,0,0.21025641025641026,0.3168724279835391,0.0,7,562.0,276.0,107758.0,0.8726708074534162,0.8726708074534162,1.0036363636363637,1.0,true
721270077003,San Juan,276,28,21,6,1.1952300144734884e-07,0.07608695652173914,1632.918405761592,8767395,18913.0,261,166,144,22,282,0,0,0,0,0,0,0,282,225,60,0,0,0,0.8674698795180723,0.26666666666666666,0.0,5,533.0,276.0,75295.0,1.7532894736842106,1.7532894736842106,1.38,1.0,true
721270077004,San Juan,509,53,50,13,2.441356685734999e-07,0.09823182711198428,1611.7791836963183,10913734,27237.0,493,356,180,176,741,0,0,0,0,0,0,0,741,585,293,12,0,18,0.5056179775280899,0.5521367521367522,0.0,10,941.0,516.0,214564.0,1.3179271708683473,1.3179271708683473,1.1441241685144123,1.0,true
721270078001,San Juan,500,69,23,17,1.578765853233707e-07,0.046,1605.4845291919319,8770591,21596.0,524,461,341,120,920,0,0,0,0,0,0,0,920,759,100,0,0,0,0.7396963123644251,0.13175230566534915,0.0,14,1074.0,548.0,243401.0,0.7321063394683026,0.7321063394683026,0.8203592814371258,1.0,true
721270078002,San Juan,408,67,24,19,2.615827604676311e-07,0.058823529411764705,1573.4904364372676,8566079,12964.0,689,615,255,360,1217,0,0,0,0,0,0,0,1217,876,175,66,0,0,0.4146341463414634,0.2751141552511416,0.0,9,1121.0,581.0,190964.0,0.7037037037037037,0.7037037037037037,0.8395953757225434,1.0,true
721270078003,San Juan,229,28,16,11,9.615560351415864e-08,0.06986899563318777,1613.811387343537,3764928,27857.0,432,432,222,210,1206,19,0,0,0,0,0,0,1187,760,62,55,0,60,0.5138888888888888,0.23289473684210527,0.031012708706330105,7,572.0,329.0,88389.0,0.7323943661971831,0.7323943661971831,0.7889688249400479,1.0,true
721270078004,San Juan,328,38,19,13,3.3523369993868444e-07,0.057926829268292686,1563.6624550007211,6219635,34792.0,808,731,302,429,1370,0,0,0,0,0,0,0,1370,1144,131,131,0,0,0.4131326949384405,0.229020979020979,0.0,11,979.0,574.0,352257.0,2.1099137931034484,2.1099137931034484,1.2370689655172413,1.0,true
721270078005,San Juan,97,3,8,1,2.0104099607598618e-08,0.08247422680412371,1602.7692286624213,2263713,,278,278,18,260,469,0,0,0,0,0,0,0,469,427,30,0,0,0,0.06474820143884892,0.0702576112412178,0.0,8,1034.0,490.0,108455.0,1.4401114206128134,1.4401114206128134,1.1722488038277512,1.0,true
721270079001,San Juan,276,49,21,18,2.579205117756819e-07,0.07608695652173914,1609.9243007191726,3950897,65117.0,460,367,241,126,847,0,0,0,0,0,0,0,847,621,384,30,9,11,0.6566757493188011,0.6988727858293076,0.0,8,577.0,301.0,120597.0,0.8448023426061494,0.8448023426061494,0.9933993399339934,1.0,true
721270079002,San Juan,519,50,57,25,2.2265052555198854e-06,0.10982658959537572,1566.988302408396,7718795,37031.0,490,410,364,46,549,0,0,0,0,0,0,0,549,549,255,82,0,29,0.8878048780487805,0.6666666666666666,0.0,10,964.0,635.0,653323.0,1.4011627906976745,1.4011627906976745,1.040983606557377,1.0,true
721270079003,San Juan,552,89,50,32,5.209202075686635e-07,0.09057971014492754,1596.4917220703728,10159017,59792.0,479,366,217,149,1252,0,0,0,0,0,0,0,1252,747,309,101,0,9,0.592896174863388,0.5609103078982597,0.0,22,964.0,488.0,331870.0,0.9727547931382442,0.9727547931382442,1.0166666666666666,1.0,true
721270080011,San Juan,376,0,24,0,1.107864095300515e-07,0.06382978723404255,1567.3054364369173,130208,21250.0,461,328,206,122,759,0,0,0,0,0,0,0,759,578,145,104,32,0,0.6280487804878049,0.486159169550173,0.0,12,937.0,491.0,201294.0,0.989440337909187,0.989440337909187,1.0102880658436213,1.0,true
721270080012,San Juan,327,1,18,1,3.463880922566679e-07,0.05504587155963303,1480.1151977791549,1157915,33125.0,994,872,466,406,2123,26,0,0,0,0,0,0,2097,1564,606,171,88,22,0.5344036697247706,0.5671355498721228,0.02419367184742227,3,1306.0,608.0,220870.0,1.308617234468938,1.308617234468938,1.354120267260579,1.0,true
721270080013,San Juan,324,0,19,0,1.4173710245454045e-07,0.05864197530864197,1517.7724886568792,3248506,,744,596,150,446,907,0,0,0,0,0,0,0,907,655,139,16,28,0,0.2516778523489933,0.27938931297709924,0.0,7,1413.0,813.0,299984.0,0.8886792452830189,0.8886792452830189,0.861228813559322,1.0,true
721270080021,San Juan,337,0,15,0,7.240203620514043e-08,0.04451038575667656,1587.5576529192188,37388,19821.0,317,204,98,106,491,0,0,0,0,0,0,0,491,459,34,36,18,12,0.4803921568627451,0.2178649237472767,0.0,6,683.0,345.0,132558.0,1.2814258911819887,1.2814258911819887,1.116504854368932,1.0,true
721270080022,San Juan,292,0,7,0,1.5537395335344022e-08,0.023972602739726026,,0,21513.0,549,463,255,208,1372,14,0,0,0,0,0,0,1358,899,156,77,0,14,0.550755939524838,0.27474972191323693,0.020199916701374443,7,923.0,397.0,139832.0,1.2819444444444446,1.2819444444444446,1.0447368421052632,1.0,true
721270080023,San Juan,195,0,8,0,3.690207996420005e-08,0.041025641025641026,,0,,944,832,364,468,1769,0,15,0,0,0,0,0,1754,1116,491,123,83,0,0.4375,0.6245519713261649,0.016814934422714423,5,1369.0,692.0,132791.0,1.1651063829787234,1.1651063829787234,1.0343796711509716,1.0,true
721270080024,San Juan,138,0,5,0,2.6695603868803192e-08,0.036231884057971016,,0,41581.0,303,251,135,116,639,0,0,0,0,0,0,0,639,362,88,0,14,0,0.5378486055776892,0.281767955801105,0.0,3,744.0,348.0,88795.0,0.7948717948717948,0.7948717948717948,0.6783625730994152,1.0,true
721270081001,San Juan,387,0,20,0,2.1225227945224039e-07,0.05167958656330749,1569.8586607528237,1385113,27446.0,363,271,90,181,879,6,24,0,0,0,0,0,849,550,110,14,0,0,0.33210332103321033,0.22545454545454546,0.06630246129832607,9,779.0,414.0,227953.0,1.120863309352518,1.120863309352518,0.9605568445475638,1.0,true
721270081002,San Juan,750,0,65,0,1.0601525822469022e-06,0.08666666666666667,,0,56667.0,789,636,492,144,1488,20,0,0,0,0,0,0,1468,1265,409,238,46,32,0.7735849056603774,0.5731225296442688,0.02652040698346636,22,1379.0,696.0,499660.0,1.2290552584670231,1.2290552584670231,0.8754716981132076,1.0,true
721270082011,San Juan,44,0,0,0,0.0,0.0,1566.2897638705563,1616388,2499.0,171,171,0,171,368,0,0,0,0,0,0,0,368,171,18,0,0,0,0.0,0.10526315789473684,0.0,2,578.0,300.0,68308.0,1.2245762711864407,1.2245762711864407,1.4354066985645932,1.0,true
721270082012,San Juan,139,4,7,0,6.351294796543684e-08,0.050359712230215826,1540.2442842215842,4368705,10032.0,985,908,0,908,1853,0,0,0,0,0,0,0,1853,979,22,16,0,0,0.0,0.03881511746680286,0.0,7,1647.0,840.0,191866.0,1.629080118694362,1.629080118694362,1.1244979919678715,1.0,true
721270082021,San Juan,437,0,33,0,3.610067856151148e-07,0.07551487414187644,1382.9161882314907,415312,,428,411,286,125,1186,0,0,0,0,0,0,0,1186,814,194,89,91,62,0.6958637469586375,0.5356265356265356,0.0,10,954.0,476.0,274524.0,0.795,0.795,0.9015151515151515,1.0,true
721270082022,San Juan,486,9,22,3,2.3413220363530093e-07,0.04526748971193416,1486.5046778715894,7011706,22825.0,791,591,314,277,1098,0,0,0,0,0,0,0,1098,736,180,106,19,79,0.5313028764805414,0.5217391304347826,0.0,12,1133.0,722.0,372522.0,1.2014846235418877,1.2014846235418877,1.1263650546021842,1.0,true
721270082023,San Juan,45,0,12,0,6.959643621139059e-08,0.26666666666666666,1539.7604948262936,525035,,245,245,0,245,526,0,0,0,0,0,0,0,526,323,0,21,0,0,0.0,0.06501547987616099,0.0,6,664.0,287.0,128970.0,0.8167281672816729,0.8167281672816729,0.9930795847750865,1.0,true
721270083001,San Juan,310,30,26,10,9.715591729104978e-08,0.08387096774193549,1599.0834142204376,7345736,25313.0,315,268,42,226,747,0,0,0,0,0,0,0,747,410,88,0,0,0,0.15671641791044777,0.2146341463414634,0.0,10,557.0,292.0,113848.0,0.7923186344238976,0.7923186344238976,0.8179271708683473,1.0,true
721270083002,San Juan,279,42,22,8,7.097194289710949e-08,0.07885304659498207,1623.2983430945496,7777327,55871.0,283,193,150,43,662,0,0,0,0,0,0,0,662,441,129,17,0,0,0.7772020725388601,0.3310657596371882,0.0,5,489.0,285.0,94994.0,0.6926345609065155,0.6926345609065155,0.8715596330275229,1.0,true
721270083003,San Juan,259,29,6,2,2.2241166117875134e-08,0.023166023166023165,1599.892168110911,6622426,,303,233,90,143,494,0,0,0,0,0,0,0,494,457,144,38,0,0,0.38626609442060084,0.3982494529540481,0.0,7,439.0,253.0,103268.0,0.8815261044176707,0.8815261044176707,0.840531561461794,1.0,true
721270083004,San Juan,279,38,17,7,1.1662169204567902e-07,0.06093189964157706,1590.5672958178613,6370521,21375.0,357,286,198,88,634,0,0,0,0,0,0,0,634,458,90,24,0,47,0.6923076923076923,0.35152838427947597,0.0,5,581.0,312.0,113299.0,1.0880149812734083,1.0880149812734083,0.9873417721518988,1.0,true
721270084001,San Juan,335,34,7,6,3.4691405803775757e-09,0.020895522388059702,1601.662646195198,4696537,22917.0,523,321,153,168,598,0,0,0,0,0,0,0,598,481,194,52,15,0,0.4766355140186916,0.5426195426195426,0.0,9,699.0,481.0,123785.0,1.2896678966789668,1.2896678966789668,1.1134259259259258,1.0,true
721270084002,San Juan,601,36,80,14,2.6728530023804853e-06,0.13311148086522462,1517.9016598731469,19360925,35833.0,431,284,170,114,1045,0,0,0,0,0,0,0,1045,1016,202,143,0,0,0.5985915492957746,0.3395669291338583,0.0,17,1502.0,503.0,1527969.0,0.7632113821138211,0.7632113821138211,1.1128318584070795,1.0,true
721270084003,San Juan,509,66,49,23,5.957667905873186e-07,0.0962671905697446,1608.168332460192,11111335,35238.0,461,340,158,182,800,0,0,0,0,0,0,0,800,529,220,29,0,0,0.4647058823529412,0.4706994328922495,0.0,15,874.0,442.0,246743.0,1.1515151515151516,1.1515151515151516,0.8095238095238095,1.0,true
721270084004,San Juan,362,45,7,4,1.5207953167149307e-08,0.019337016574585635,1615.7185906137784,7077197,37204.0,404,337,153,184,759,0,0,0,0,0,0,0,759,563,132,76,32,0,0.4540059347181009,0.42628774422735344,0.0,11,776.0,456.0,128917.0,0.9773299748110831,0.9773299748110831,1.027027027027027,1.0,true
721270085001,San Juan,80,15,19,9,3.623545911191239e-07,0.2375,1574.6426562159165,2239452,6568.0,860,750,21,729,1451,8,27,0,0,0,0,0,1416,916,174,96,17,2,0.028,0.3155021834061135,0.04728410407328576,6,1475.0,849.0,209718.0,1.4764764764764764,1.4764764764764764,1.4488054607508531,1.0,true
721270085002,San Juan,261,32,10,6,5.997889546011875e-08,0.038314176245210725,1615.5381558462793,6969797,23711.0,470,413,188,225,794,84,0,0,0,0,0,0,710,676,363,50,23,36,0.4552058111380145,0.6982248520710059,0.18920239326434407,10,588.0,386.0,121721.0,1.180722891566265,1.180722891566265,1.0265957446808511,1.0,true
721270085003,San Juan,301,22,8,2,2.0872133000012278e-08,0.026578073089700997,1589.6023784063264,7212774,29148.0,253,203,107,96,609,2,0,0,0,0,0,0,607,347,27,45,0,0,0.5270935960591133,0.207492795389049,0.006546574238097902,10,513.0,361.0,154429.0,1.7331081081081081,1.7331081081081081,1.1797385620915033,1.0,true
721270085004,San Juan,386,39,12,9,7.925996733462555e-08,0.031088082901554404,1571.569503831341,8369131,20000.0,681,518,285,233,1066,0,15,0,0,0,26,0,1025,755,159,70,45,0,0.5501930501930502,0.3629139072847682,0.07465090165405908,14,789.0,550.0,173729.0,0.7258509659613616,0.7258509659613616,0.8814102564102564,1.0,true
721270085005,San Juan,217,51,38,25,4.420314429979359e-07,0.17511520737327188,1645.877732950597,6308804,55000.0,266,200,111,89,485,0,0,0,0,0,0,0,485,485,73,58,9,0,0.555,0.28865979381443296,0.0,7,508.0,299.0,111587.0,1.6440129449838188,1.6440129449838188,1.1198501872659177,1.0,true
721270086011,San Juan,252,28,54,21,9.927768041003685e-07,0.21428571428571427,1673.5321419023614,1095257,48750.0,323,281,160,121,680,26,0,0,0,0,0,0,654,508,303,124,6,0,0.5693950177935944,0.8523622047244095,0.07354671280276803,8,487.0,277.0,194597.0,1.0188284518828452,1.0188284518828452,1.108,1.0,true
721270086012,San Juan,268,26,56,23,1.064364325283342e-06,0.208955223880597,1612.340190665157,759184,35600.0,542,400,237,163,732,10,0,0,0,0,0,0,722,657,140,102,106,74,0.5925,0.6423135464231354,0.026949147481262425,10,720.0,493.0,197097.0,1.2392426850258176,1.2392426850258176,1.1281464530892449,1.0,true
721270086013,San Juan,272,22,61,19,1.0183787838354539e-06,0.22426470588235295,1568.879933470655,259692,,472,345,190,155,752,0,0,0,0,0,0,0,752,564,212,137,35,32,0.5507246376811594,0.7375886524822695,0.0,15,662.0,409.0,357327.0,1.258555133079848,1.258555133079848,0.8610526315789474,1.0,true
721270086021,San Juan,278,18,58,15,6.162291222529298e-07,0.20863309352517986,1565.9967176378796,1241718,32172.0,1404,1130,468,662,2220,0,0,0,29,0,0,0,2191,1864,694,368,29,35,0.41415929203539825,0.6040772532188842,0.025784838892946915,10,2282.0,1550.0,314891.0,1.1642857142857144,1.1642857142857144,1.3596491228070176,1.0,true
721270086022,San Juan,36,0,5,0,6.149834077120003e-08,0.1388888888888889,1391.2393112240636,351099,,23,23,23,0,59,0,0,0,0,0,0,0,59,59,0,0,0,0,1.0,0.0,0.0,4,92.0,39.0,87667.0,0.8214285714285714,0.8214285714285714,0.8297872340425532,1.0,true
721270086023,San Juan,424,0,37,0,1.971671724639134e-07,0.08726415094339622,1544.264270855668,3167309,30000.0,363,206,117,89,627,1,0,0,0,0,0,0,626,519,163,52,95,0,0.5679611650485437,0.5973025048169557,0.0031847052748590343,10,853.0,462.0,297901.0,1.1298013245033112,1.1298013245033112,1.206266318537859,1.0,true
721270086024,San Juan,283,0,27,0,4.0323396942855213e-07,0.09540636042402827,1608.6074352593173,921744,28886.0,351,263,208,55,524,0,0,0,0,0,0,0,524,443,194,57,0,0,0.7908745247148289,0.5665914221218962,0.0,12,517.0,300.0,491168.0,0.9349005424954792,0.9349005424954792,0.8108108108108109,1.0,true
721270086031,San Juan,374,0,67,0,4.4841460060421e-07,0.17914438502673796,1615.6793875792055,1769211,35809.0,464,366,223,143,725,0,0,0,0,0,0,0,725,570,194,72,6,17,0.6092896174863388,0.5070175438596491,0.0,11,761.0,433.0,172468.0,1.0718309859154929,1.0718309859154929,0.8625498007968128,1.0,true
721270086032,San Juan,348,0,65,0,3.6430103047150314e-07,0.1867816091954023,1585.1095855296714,2100574,45161.0,471,382,217,165,675,0,0,0,0,0,0,0,675,591,220,82,29,27,0.5680628272251309,0.6057529610829103,0.0,10,777.0,426.0,204039.0,1.105263157894737,1.105263157894737,1.01187648456057,1.0,true
721270087001,San Juan,128,5,6,3,4.335535036729364e-08,0.046875,1508.072423300412,565876,11477.0,585,348,15,333,565,28,0,0,0,0,0,0,537,405,92,53,18,0,0.04310344827586207,0.4024691358024691,0.09420314824966725,8,580.0,507.0,76269.0,0.6016597510373444,0.6016597510373444,0.8910369068541301,1.0,true
721270087002,San Juan,144,6,6,4,3.9147334183694196e-08,0.041666666666666664,1503.121636765217,77655,10694.0,405,167,43,124,201,0,0,0,0,0,0,0,201,156,63,31,7,0,0.25748502994011974,0.6474358974358975,0.0,7,462.0,440.0,74511.0,0.7439613526570048,0.7439613526570048,0.6984126984126984,1.0,true
721270087003,San Juan,201,7,8,5,7.953540847513458e-08,0.03980099502487562,1511.56365551531,553815,28218.0,570,273,30,243,359,0,0,0,0,0,0,0,359,269,68,72,0,25,0.10989010989010989,0.6133828996282528,0.0,12,592.0,507.0,111019.0,0.9367088607594937,0.9367088607594937,0.8380165289256198,1.0,true
721270089001,San Juan,385,0,4,0,7.089724107751022e-09,0.01038961038961039,1481.974539763737,399428,12540.0,584,373,112,261,711,0,0,0,0,0,0,0,711,644,23,0,0,0,0.3002680965147453,0.03571428571428571,0.0,16,764.0,515.0,98506.0,0.8904428904428905,0.8904428904428905,0.9050966608084359,1.0,true
721270089002,San Juan,219,0,3,0,2.4848567795447533e-08,0.0136986301369863,1513.370493409916,1126417,,575,246,44,202,480,0,0,0,0,0,0,0,480,418,29,56,0,0,0.17886178861788618,0.20334928229665072,0.0,15,554.0,509.0,139051.0,1.4427083333333333,1.4427083333333333,0.9288321167883211,1.0,true
721270089003,San Juan,362,0,13,0,2.032366118705574e-07,0.03591160220994475,1515.8300541401375,4328747,,719,293,50,243,532,0,0,0,0,0,24,0,508,354,29,50,0,25,0.17064846416382254,0.2937853107344633,0.08615523771835609,27,731.0,606.0,309822.0,0.9986338797814208,0.9986338797814208,0.695752009184845,1.0,true
721270090001,San Juan,152,0,7,0,2.0155549315521292e-08,0.046052631578947366,,0,12609.0,404,232,111,121,546,0,0,0,0,0,17,0,529,385,26,25,5,0,0.47844827586206895,0.14545454545454545,0.06033221967287905,10,637.0,422.0,86618.0,0.7511792452830188,0.7511792452830188,1.0,1.0,true
721270090002,San Juan,567,0,7,0,6.159588229011874e-08,0.012345679012345678,1451.5203787534995,79544,23152.0,726,448,174,274,1246,0,0,0,0,0,0,0,1246,936,169,10,24,0,0.38839285714285715,0.2168803418803419,0.0,14,1004.0,636.0,274233.0,0.7393225331369662,0.7393225331369662,0.8712328767123287,1.0,true
721270091111,San Juan,60,0,4,0,3.9131647850944955e-08,0.06666666666666667,1551.6398601386495,26089,27572.0,910,744,391,353,1106,0,12,0,32,0,0,0,1062,951,227,174,66,10,0.5255376344086021,0.501577287066246,0.07702847202011709,1,1099.0,895.0,83552.0,0.9891989198919892,0.9891989198919892,1.0492379835873389,1.0,true
721270091112,San Juan,80,0,4,0,1.594780863079217e-08,0.05,,0,,26,26,26,0,26,0,0,0,0,0,0,0,26,26,18,0,0,0,1.0,0.6923076923076923,0.0,4,148.0,76.0,54432.0,2.5517241379310347,2.5517241379310347,1.1875,1.0,true
721270091113,San Juan,51,0,8,0,4.7887098616951226e-08,0.1568627450980392,,0,34746.0,870,609,335,274,1118,0,0,0,0,0,0,0,1118,805,269,229,0,48,0.5500821018062397,0.6782608695652174,0.0,1,1443.0,907.0,96120.0,1.5927152317880795,1.5927152317880795,1.3659638554216869,1.0,true
721270091114,San Juan,259,0,8,0,2.1739797996979672e-07,0.03088803088803089,1521.6676646215813,305245,19572.0,222,109,70,39,249,0,0,0,0,0,0,0,249,152,34,0,10,0,0.6422018348623854,0.2894736842105263,0.0,8,518.0,290.0,134012.0,0.9539594843462247,0.9539594843462247,0.8169014084507042,1.0,true
721270091121,San Juan,27,0,0,0,0.0,0.0,,0,34728.0,975,807,400,407,1460,0,0,0,0,0,0,0,1460,986,242,241,0,0,0.49566294919454773,0.4898580121703854,0.0,2,1790.0,1049.0,100506.0,1.6155234657039712,1.6155234657039712,1.2761557177615572,1.0,true
721270091122,San Juan,370,0,14,0,1.8715089512414967e-07,0.03783783783783784,,0,28291.0,470,383,288,95,786,0,0,0,0,0,0,0,786,660,130,0,0,0,0.7519582245430809,0.19696969696969696,0.0,7,938.0,474.0,214117.0,1.293793103448276,1.293793103448276,1.2606382978723405,1.0,true
721270091123,San Juan,331,0,40,0,3.038952955654049e-07,0.12084592145015106,,0,15227.0,958,764,364,400,1570,0,0,0,0,0,0,0,1570,1136,227,56,19,43,0.47643979057591623,0.30369718309859156,0.0,7,1155.0,734.0,240144.0,1.09375,1.09375,1.115501519756839,1.0,true
721270091211,San Juan,492,0,22,0,2.001451811311039e-07,0.044715447154471545,1490.5244574355634,89192,28382.0,624,462,299,163,1091,9,0,0,0,0,0,0,1082,883,348,70,18,49,0.6471861471861472,0.549263873159683,0.01636252279923811,16,1000.0,493.0,326438.0,1.3679890560875514,1.3679890560875514,1.3007915567282322,1.0,true
721270091212,San Juan,288,1,15,1,1.6100292716170757e-07,0.052083333333333336,,0,44464.0,437,314,177,137,763,0,0,0,0,0,0,0,763,488,134,120,38,50,0.5636942675159236,0.7008196721311475,0.0,6,705.0,494.0,277987.0,0.9120310478654593,0.9120310478654593,0.9216417910447762,1.0,true
721270091213,San Juan,798,0,89,0,1.0583901523765125e-06,0.11152882205513784,,0,44297.0,860,716,539,177,1736,44,0,0,0,0,0,0,1692,1475,500,190,104,37,0.7527932960893855,0.5633898305084746,0.049406443118350296,10,1706.0,863.0,554904.0,1.0845518118245392,1.0845518118245392,1.0720496894409939,1.0,true
721270091221,San Juan,63,0,8,0,7.778672293252061e-08,0.12698412698412698,,0,2499.0,638,481,69,412,1079,0,0,0,0,0,0,0,1079,517,48,37,0,15,0.14345114345114346,0.19342359767891681,0.0,4,1314.0,602.0,597739.0,1.1376623376623376,1.1376623376623376,1.303030303030303,1.0,true
721270091222,San Juan,261,0,60,0,3.176502443649848e-07,0.22988505747126436,,0,13526.0,469,430,330,100,789,28,0,0,0,0,0,0,761,653,113,32,0,28,0.7674418604651163,0.2649310872894334,0.06845712835390283,8,873.0,384.0,264567.0,1.2525107604017216,1.2525107604017216,0.8533333333333334,1.0,true
721270091223,San Juan,494,0,79,0,1.285283430308863e-06,0.15991902834008098,,0,54276.0,510,475,456,19,1064,0,0,0,0,0,0,0,1064,866,414,100,34,0,0.96,0.6327944572748267,0.0,8,1334.0,572.0,271416.0,1.2851637764932562,1.2851637764932562,1.11284046692607,1.0,true
721270091224,San Juan,111,0,19,0,1.6121468895975698e-07,0.17117117117117117,,0,,326,260,124,136,544,0,0,0,0,0,0,0,544,544,204,78,0,0,0.47692307692307695,0.5183823529411765,0.0,1,574.0,344.0,186224.0,1.28125,1.28125,1.2027972027972027,1.0,true
721270091225,San Juan,483,0,52,0,6.753642234555241e-07,0.10766045548654245,,0,48780.0,978,892,445,447,2141,0,0,0,0,0,0,0,2141,1698,607,173,47,69,0.49887892376681614,0.5276796230859835,0.0,8,1953.0,924.0,410749.0,1.0377258235919236,1.0377258235919236,1.1564455569461827,1.0,true
721270091231,San Juan,816,0,168,0,2.779963962156603e-06,0.20588235294117646,,0,38750.0,848,742,618,124,1903,0,0,0,0,0,0,0,1903,1515,605,163,29,75,0.8328840970350404,0.5755775577557756,0.0,20,1449.0,690.0,444338.0,0.8385416666666666,0.8385416666666666,0.8701134930643127,1.0,true
721270091232,San Juan,248,0,60,0,5.85718017556286e-07,0.24193548387096775,,0,48846.0,233,222,189,33,501,0,0,0,0,0,0,0,501,453,141,23,14,29,0.8513513513513513,0.45695364238410596,0.0,9,620.0,276.0,141084.0,1.5121951219512195,1.5121951219512195,1.0656370656370657,1.0,true
721270093001,San Juan,363,0,1,0,3.614953567202218e-10,0.0027548209366391185,1485.3517247331406,182971,15057.0,488,327,170,157,522,0,0,0,0,0,0,0,522,401,37,0,0,0,0.5198776758409785,0.09226932668329177,0.0,20,827.0,452.0,109612.0,1.430795847750865,1.430795847750865,0.9358178053830227,1.0,true
721270093002,San Juan,222,0,9,0,1.8368484108394795e-07,0.04054054054054054,1543.9970366369805,1527927,16064.0,382,252,27,225,580,0,0,0,0,0,0,16,564,492,160,22,0,11,0.10714285714285714,0.39227642276422764,0.05365041617122479,14,426.0,277.0,182224.0,0.9703872437357631,0.9703872437357631,0.9453924914675768,1.0,true
721270093003,San Juan,219,0,27,0,2.2624816168356292e-07,0.1232876712328767,,0,23482.0,288,213,140,73,510,0,0,0,0,0,0,0,510,382,101,129,0,17,0.6572769953051644,0.6465968586387435,0.0,6,516.0,232.0,449527.0,1.6591639871382637,1.6591639871382637,1.2608695652173914,1.0,true
721270093004,San Juan,514,0,5,0,3.313059968053435e-08,0.009727626459143969,1468.1890609300578,152057,15625.0,461,312,179,133,744,0,0,0,0,0,0,0,744,515,19,0,0,0,0.5737179487179487,0.036893203883495145,0.0,17,814.0,461.0,181483.0,0.7152899824253075,0.7152899824253075,0.6341127922971114,1.0,true
721270094001,San Juan,492,0,8,0,6.110683730496958e-08,0.016260162601626018,1453.1299598489447,357580,19769.0,699,375,175,200,805,0,0,0,0,0,0,0,805,572,103,14,0,14,0.4666666666666667,0.229020979020979,0.0,17,865.0,559.0,169302.0,1.1472148541114058,1.1472148541114058,0.8748043818466353,1.0,true
721270094002,San Juan,147,0,23,0,1.8968035245892086e-07,0.1564625850340136,,0,53977.0,97,75,49,26,181,0,0,0,0,0,0,0,181,144,39,19,11,0,0.6533333333333333,0.4791666666666667,0.0,4,164.0,73.0,744381.0,1.2238805970149254,1.2238805970149254,1.3518518518518519,1.0,true
721270094003,San Juan,210,0,29,0,2.4169413645200024e-07,0.1380952380952381,,0,43864.0,303,242,211,31,531,5,0,0,0,0,0,0,526,391,109,29,7,9,0.871900826446281,0.3938618925831202,0.01865506222491753,6,648.0,292.0,194885.0,1.1020408163265305,1.1020408163265305,1.0391459074733096,1.0,true
721270096011,San Juan,246,0,76,0,1.0784822641026773e-06,0.3089430894308943,,0,84250.0,271,227,149,78,564,0,0,0,0,0,0,0,564,447,232,109,51,19,0.6563876651982379,0.9194630872483222,0.0,13,556.0,284.0,155517.0,0.879746835443038,0.879746835443038,0.9044585987261147,1.0,true
721270096012,San Juan,741,0,97,0,3.2053718188123574e-06,0.13090418353576247,1473.4072221301926,57726,,416,206,165,41,428,0,0,0,18,0,0,0,410,386,166,62,38,0,0.8009708737864077,0.689119170984456,0.08057472268320365,29,790.0,446.0,1008720.0,1.2950819672131149,1.2950819672131149,1.1736842105263159,1.0,true
721270096021,San Juan,537,0,51,0,1.9616637551700234e-06,0.09497206703910614,,0,44926.0,364,275,177,98,483,6,0,0,0,0,0,0,477,433,77,99,19,24,0.6436363636363637,0.5057736720554272,0.024536090428610047,13,740.0,377.0,813989.0,1.1349693251533743,1.1349693251533743,0.8997613365155132,1.0,true
721270096022,San Juan,522,0,103,0,1.4690801146742271e-06,0.19731800766283525,,0,53674.0,750,601,439,162,1286,0,0,0,0,0,13,13,1260,1037,450,128,35,62,0.7304492512479202,0.6509161041465766,0.039822323914194935,18,1109.0,667.0,468610.0,1.2186813186813186,1.2186813186813186,1.217153284671533,1.0,true
721270096031,San Juan,452,0,146,0,2.5251684007505264e-06,0.3230088495575221,,0,31683.0,552,437,376,61,858,0,0,0,0,0,0,0,858,707,273,161,76,24,0.8604118993135011,0.7553041018387553,0.0,20,1033.0,506.0,279647.0,0.9618249534450651,0.9618249534450651,0.9656488549618321,1.0,true
721270096032,San Juan,338,0,103,0,1.7523909184109484e-06,0.3047337278106509,,0,69727.0,349,291,228,63,750,0,0,0,0,0,0,0,750,572,211,130,11,9,0.7835051546391752,0.6311188811188811,0.0,9,606.0,300.0,256758.0,0.8256130790190735,0.8256130790190735,0.8498583569405099,1.0,true
721270096033,San Juan,367,0,130,0,1.8413490025485192e-06,0.3542234332425068,,0,43026.0,223,184,133,51,401,22,0,0,0,0,0,0,379,338,155,33,12,0,0.7228260869565217,0.591715976331361,0.10370582272498319,11,700.0,330.0,213295.0,1.06544901065449,1.06544901065449,1.0153846153846153,1.0,true
721270096141,San Juan,262,0,68,0,7.68557499554119e-07,0.2595419847328244,,0,53864.0,454,362,224,138,656,0,0,0,0,0,0,0,656,612,239,125,43,37,0.6187845303867403,0.7254901960784313,0.0,6,700.0,415.0,199872.0,0.9009009009009009,0.9009009009009009,0.9263392857142857,1.0,true
721270096142,San Juan,494,0,117,0,1.6949303914380663e-06,0.23684210526315788,,0,71845.0,468,395,373,22,1040,10,0,0,0,0,0,0,1030,839,323,162,95,34,0.9443037974683545,0.7318235995232419,0.019045857988165604,12,1114.0,451.0,529804.0,1.0857699805068226,1.0857699805068226,0.8606870229007634,1.0,true
721270096241,San Juan,291,0,44,0,9.474813332159514e-07,0.15120274914089346,,0,8665.0,863,792,102,690,1722,11,0,0,0,0,0,0,1711,1129,153,31,26,0,0.12878787878787878,0.18600531443755536,0.01269423097416622,11,1718.0,712.0,451827.0,1.020190023752969,1.020190023752969,0.966078697421981,1.0,true
721270096242,San Juan,547,0,59,0,6.922486375071417e-07,0.10786106032906764,,0,63375.0,545,395,269,126,1040,26,0,0,0,0,0,0,1014,803,261,98,36,0,0.6810126582278481,0.4919053549190536,0.04875000000000007,17,1046.0,580.0,301503.0,0.8812131423757371,0.8812131423757371,0.9523809523809523,1.0,true
721270096243,San Juan,662,0,123,0,1.9876335379478547e-06,0.18580060422960726,,0,64050.0,636,565,494,71,1366,18,0,0,0,0,0,0,1348,975,422,194,69,176,0.8743362831858407,0.8830769230769231,0.02600704411036503,32,1307.0,644.0,539441.0,1.3488132094943242,1.3488132094943242,1.069767441860465,1.0,true
721270098001,San Juan,115,0,14,0,1.0978742216727887e-07,0.12173913043478261,,0,,345,311,146,165,601,0,0,0,0,0,0,0,601,601,162,0,133,97,0.4694533762057878,0.6522462562396006,0.0,3,875.0,459.0,137318.0,2.5510204081632653,2.5510204081632653,2.0582959641255605,1.0,true
721270098002,San Juan,717,0,101,0,1.6385299819204162e-06,0.14086471408647142,1522.5426749567391,174405,110231.0,332,298,298,0,660,1,0,0,0,0,0,0,659,547,209,47,126,61,1.0,0.8098720292504571,0.0030257116620751034,27,1011.0,391.0,911116.0,1.1013071895424837,1.1013071895424837,1.261290322580645,1.0,true
721270098003,San Juan,670,0,158,0,2.5494572482887292e-06,0.23582089552238805,,0,250001.0,395,381,381,0,1225,19,0,0,0,0,0,0,1206,919,248,149,255,148,1.0,0.8705114254624592,0.030539275301957547,14,959.0,361.0,846158.0,0.802510460251046,0.802510460251046,0.7307692307692307,1.0,true
721270098004,San Juan,417,0,79,0,2.0011163079250525e-06,0.18944844124700239,,0,123005.0,317,317,317,0,953,0,0,0,0,0,0,0,953,538,244,36,140,19,1.0,0.8159851301115242,0.0,13,633.0,260.0,454606.0,0.9533132530120482,0.9533132530120482,1.1981566820276497,1.0,true
721270098005,San Juan,395,0,79,0,1.5973249608744237e-06,0.2,,0,41760.0,1020,986,373,613,2389,23,0,0,0,0,0,0,2366,1886,685,156,24,34,0.37829614604462475,0.4766702014846235,0.01906954243505843,14,1847.0,921.0,550589.0,0.8820439350525311,0.8820439350525311,0.9455852156057495,1.0,true
721270099011,San Juan,410,0,82,0,9.258169323301543e-07,0.2,,0,74442.0,477,397,350,47,950,23,0,0,0,0,71,0,856,776,227,140,99,15,0.8816120906801007,0.6198453608247423,0.1819324099722993,9,1008.0,469.0,314500.0,1.4277620396600565,1.4277620396600565,1.2814207650273224,1.0,true
721270099012,San Juan,361,0,83,0,1.2429927419118803e-06,0.2299168975069252,,0,36023.0,911,755,358,397,1918,0,0,0,0,0,0,0,1918,1177,320,122,113,86,0.4741721854304636,0.5446049277824979,0.0,13,1839.0,835.0,454772.0,1.1609848484848484,1.1609848484848484,1.0844155844155845,1.0,true
721270099013,San Juan,439,0,66,0,8.451693508778085e-07,0.15034168564920272,,0,64063.0,345,293,188,105,574,33,0,0,0,0,0,13,528,533,173,131,39,26,0.6416382252559727,0.6923076923076923,0.15003824254270426,15,645.0,309.0,354002.0,0.947136563876652,0.947136563876652,0.939209726443769,1.0,true
721270099021,San Juan,760,0,39,0,2.663247518838171e-07,0.05131578947368421,,0,34059.0,999,873,560,313,2301,1,28,0,0,0,0,0,2272,1538,295,63,15,0,0.6414662084765178,0.2425227568270481,0.02489932669147299,10,1834.0,898.0,721279.0,1.5450716090985679,1.5450716090985679,1.1410419313850064,1.0,true
721270099022,San Juan,548,0,53,0,5.022437350759483e-07,0.09671532846715329,,0,82526.0,383,299,244,55,1006,0,0,0,0,0,0,0,1006,712,270,104,0,48,0.8160535117056856,0.5926966292134831,0.0,11,1109.0,535.0,727610.0,0.8300898203592815,0.8300898203592815,0.9692028985507246,1.0,true
721270099023,San Juan,741,0,63,0,7.434345621945064e-07,0.08502024291497975,,0,38304.0,711,593,422,171,1334,27,0,0,0,0,0,0,1307,1113,277,48,13,118,0.7116357504215851,0.40970350404312667,0.03966045463025614,14,1239.0,596.0,678316.0,0.7108433734939759,0.7108433734939759,0.7862796833773087,1.0,true
721270099031,San Juan,596,0,95,0,1.1081079350862145e-06,0.1593959731543624,,0,,572,430,430,0,838,0,0,0,0,0,0,0,838,686,227,178,88,24,1.0,0.7536443148688047,0.0,21,1191.0,529.0,547662.0,1.18389662027833,1.18389662027833,0.9760147601476015,1.0,true
721270099032,San Juan,369,0,32,0,3.772977226125757e-07,0.08672086720867209,,0,49180.0,314,298,277,21,576,10,0,0,0,0,0,0,566,503,224,59,0,13,0.9295302013422819,0.588469184890656,0.034119405864197594,11,980.0,432.0,327717.0,1.491628614916286,1.491628614916286,1.180327868852459,1.0,true
721270099033,San Juan,568,0,73,0,7.550551053419858e-07,0.12852112676056338,,0,,466,363,333,30,1040,0,60,0,0,0,0,0,980,805,282,90,31,51,0.9173553719008265,0.5639751552795031,0.10872781065088755,7,1142.0,459.0,678244.0,1.667153284671533,1.667153284671533,1.4123076923076923,1.0,true
721270099034,San Juan,673,0,105,0,1.414785630809497e-06,0.15601783060921248,,0,76688.0,734,656,558,98,1604,13,0,0,0,0,0,0,1591,1239,545,218,179,56,0.850609756097561,0.8054882970137207,0.016078102748117162,22,1614.0,786.0,800864.0,0.882449425915801,0.882449425915801,0.966789667896679,1.0,true
721270099041,San Juan,188,0,26,0,3.9052522284546294e-07,0.13829787234042554,,0,70854.0,809,666,559,107,1362,0,0,0,0,0,0,0,1362,1145,585,189,103,102,0.8393393393393394,0.8550218340611354,0.0,3,1132.0,683.0,270564.0,1.0026572187776794,1.0026572187776794,0.9799139167862266,1.0,true
721270099042,San Juan,371,1,66,1,8.052642336652139e-07,0.1778975741239892,,0,82981.0,328,261,261,0,643,0,0,0,0,0,0,0,643,590,247,83,101,46,1.0,0.8084745762711865,0.0,16,845.0,354.0,315238.0,1.159122085048011,1.159122085048011,0.959349593495935,1.0,true
721270100021,San Juan,1256,0,255,0,4.0390852385372925e-06,0.20302547770700638,,0,143608.0,813,761,761,0,2133,0,0,0,0,0,0,0,2133,1798,867,400,237,128,1.0,0.9076751946607341,0.0,15,2221.0,801.0,1248109.0,0.8834526650755767,0.8834526650755767,0.978021978021978,1.0,true
721270100022,San Juan,758,0,149,0,2.790493225589213e-06,0.19656992084432717,,0,70935.0,1627,1456,1015,441,2846,49,0,0,0,0,0,0,2797,2143,857,607,161,73,0.6971153846153846,0.7923471768548763,0.03384143345272861,16,2791.0,1457.0,999995.0,1.554874651810585,1.554874651810585,1.2223154362416107,1.0,true
721270100121,San Juan,787,0,154,0,1.5424233042188463e-06,0.19567979669631513,,0,81875.0,822,697,550,147,1963,0,0,0,0,0,0,0,1963,1461,843,189,40,26,0.7890961262553802,0.7515400410677618,0.0,19,1826.0,798.0,638500.0,1.056712962962963,1.056712962962963,0.9614457831325302,1.0,true
721270100122,San Juan,381,0,61,0,7.765677327388078e-07,0.16010498687664043,,0,,790,709,314,395,1777,0,0,0,0,0,0,0,1777,1002,174,86,42,164,0.44287729196050774,0.46506986027944114,0.0,8,1253.0,602.0,410669.0,0.8817733990147784,0.8817733990147784,0.8015978695073236,1.0,true
721270100123,San Juan,436,0,78,0,1.1255904943186918e-06,0.17889908256880735,,0,51953.0,501,410,378,32,1035,0,0,0,0,0,0,0,1035,860,129,149,0,0,0.9219512195121952,0.32325581395348835,0.0,15,1003.0,427.0,288790.0,1.4728340675477238,1.4728340675477238,1.4280936454849498,1.0,true
721270100124,San Juan,288,0,25,0,2.44830888366067e-07,0.08680555555555555,,0,69510.0,610,510,366,144,811,0,0,0,0,0,0,0,811,811,264,149,65,77,0.7176470588235294,0.6843403205918619,0.0,9,1110.0,655.0,204483.0,1.1538461538461537,1.1538461538461537,0.827020202020202,1.0,true
721270100221,San Juan,428,0,84,0,2.4682349533790426e-06,0.19626168224299065,,0,,345,325,259,66,898,0,0,0,0,0,0,0,898,552,166,51,32,22,0.796923076923077,0.49094202898550726,0.0,10,622.0,281.0,592729.0,1.4168564920273348,1.4168564920273348,0.9756944444444444,1.0,true
721270100222,San Juan,769,0,153,0,3.0600071435463406e-06,0.19895968790637192,,0,60401.0,904,759,487,272,1705,0,0,0,0,0,0,0,1705,1270,416,263,97,37,0.6416337285902504,0.6401574803149607,0.0,22,1929.0,912.0,904088.0,1.1769371568029285,1.1769371568029285,1.0,1.0,true
721270100223,San Juan,255,0,43,0,4.599529766404105e-07,0.16862745098039217,,0,55647.0,362,271,260,11,544,0,0,0,0,0,0,0,544,513,164,100,67,0,0.959409594095941,0.645224171539961,0.0,7,690.0,363.0,335515.0,1.0147058823529411,1.0147058823529411,1.0083333333333333,1.0,true
721270100321,San Juan,565,0,52,0,4.1368644321424725e-07,0.0920353982300885,,0,10934.0,1941,1660,507,1153,3782,0,0,0,0,0,0,0,3782,2416,310,137,60,0,0.30542168674698794,0.20985099337748345,0.0,14,2899.0,1423.0,434141.0,0.9612068965517241,0.9612068965517241,1.0222701149425288,1.0,true
721270100322,San Juan,802,0,85,0,1.0123889862497613e-06,0.1059850374064838,,0,46458.0,821,670,470,200,1597,0,0,0,0,0,0,0,1597,1325,588,115,78,63,0.7014925373134329,0.6369811320754717,0.0,15,2562.0,1070.0,765697.0,1.32952776336274,1.32952776336274,1.1370882040382573,1.0,true
721270100431,San Juan,623,0,102,0,1.0352319527008845e-06,0.1637239165329053,,0,52750.0,673,563,470,93,1071,0,0,0,0,0,0,0,1071,948,194,176,106,0,0.8348134991119005,0.5021097046413502,0.0,25,1398.0,654.0,397416.0,0.8848101265822785,0.8848101265822785,0.9108635097493036,1.0,true
721270100432,San Juan,372,0,87,0,8.148698620320051e-07,0.23387096774193547,,0,74107.0,346,288,203,85,903,0,0,0,0,0,0,0,903,580,184,166,84,105,0.7048611111111112,0.9293103448275862,0.0,16,794.0,387.0,347263.0,1.186846038863976,1.186846038863976,1.2688524590163934,1.0,true
721270100441,San Juan,310,0,42,0,4.6954464472803267e-07,0.13548387096774195,,0,,777,777,625,152,1771,0,0,0,0,0,0,0,1771,1334,354,275,134,71,0.8043758043758044,0.6251874062968515,0.0,5,1454.0,657.0,296773.0,1.2076411960132891,1.2076411960132891,0.9984802431610942,1.0,true
721270100442,San Juan,123,0,24,0,4.2823964289596683e-07,0.1951219512195122,,0,,797,554,351,203,773,17,0,0,0,0,0,0,756,749,143,160,35,26,0.6335740072202166,0.48598130841121495,0.043017158999814065,2,1305.0,760.0,259134.0,1.4729119638826185,1.4729119638826185,1.2881355932203389,1.0,true
721270100443,San Juan,545,0,81,0,8.41024098406146e-07,0.14862385321100918,,0,53241.0,571,396,364,32,817,0,0,0,0,0,0,0,817,708,275,99,90,83,0.9191919191919192,0.7725988700564972,0.0,6,1469.0,648.0,381848.0,1.1539670070699135,1.1539670070699135,1.0062111801242235,1.0,true
721270100451,San Juan,1406,0,181,0,1.6557915400720157e-06,0.1287339971550498,,0,52865.0,807,659,524,135,1481,0,0,0,0,0,0,0,1481,1296,420,24,215,0,0.795144157814871,0.5084876543209876,0.0,15,2452.0,1059.0,2679312.0,1.2446700507614212,1.2446700507614212,1.0241779497098646,1.0,true
721270100452,San Juan,1052,0,157,0,1.3653673628562144e-06,0.14923954372623574,,0,34732.0,861,731,519,212,1730,0,0,0,0,0,0,0,1730,1414,76,53,60,46,0.7099863201094391,0.1661951909476662,0.0,14,1352.0,638.0,3989652.0,1.3241919686581782,1.3241919686581782,0.9300291545189504,1.0,true
721270100461,San Juan,677,0,63,0,5.360020483535439e-07,0.0930576070901034,,0,51332.0,980,835,648,187,1969,0,0,0,0,0,0,0,1969,1639,180,286,69,121,0.7760479041916167,0.4002440512507627,0.0,9,1664.0,826.0,1167596.0,0.7786616752456715,0.7786616752456715,0.8703898840885143,1.0,true
721270100462,San Juan,878,0,103,0,8.105064999014856e-07,0.11731207289293849,,0,14278.0,684,579,347,232,1470,0,0,0,0,0,0,0,1470,1167,243,0,0,0,0.5993091537132987,0.20822622107969152,0.0,12,1196.0,572.0,2489033.0,0.8691860465116279,0.8691860465116279,0.8732824427480916,1.0,true
721270100463,San Juan,234,0,22,0,1.5543581595728274e-07,0.09401709401709402,,0,,317,234,172,62,547,0,0,0,0,0,0,0,547,407,100,47,0,46,0.7350427350427351,0.4742014742014742,0.0,2,732.0,354.0,356533.0,0.8271186440677966,0.8271186440677966,1.0567164179104478,1.0,true
721270101001,San Juan,1102,0,210,0,3.737498106271862e-06,0.19056261343012704,,0,119939.0,901,760,737,23,2298,0,0,0,0,0,0,0,2298,1590,616,291,311,124,0.9697368421052631,0.8440251572327044,0.0,15,2212.0,829.0,2038982.0,1.1599370739381227,1.1599370739381227,1.1202702702702703,1.0,true
721270101002,San Juan,1467,0,220,0,2.3254144339741357e-06,0.1499659168370825,,0,33469.0,874,700,488,212,1974,0,0,0,0,0,0,0,1974,1317,385,96,0,111,0.6971428571428572,0.4495064540622627,0.0,21,2444.0,1072.0,4507042.0,1.1577451444812885,1.1577451444812885,1.1404255319148937,1.0,true
721270101003,San Juan,1506,0,200,0,2.245502569685399e-06,0.13280212483399734,,0,33518.0,1169,876,664,212,2234,24,0,0,0,0,0,0,2210,1748,589,83,22,176,0.7579908675799086,0.4977116704805492,0.021255296792710432,14,2989.0,1298.0,1963898.0,0.9461855017410573,0.9461855017410573,1.1103507271171942,1.0,true
721270102001,San Juan,1053,0,85,0,7.99965367764873e-07,0.08072174738841406,,0,36371.0,1104,995,738,257,2244,0,0,0,0,0,0,0,2244,1797,604,87,24,36,0.7417085427135678,0.41791875347801893,0.0,20,1833.0,861.0,920924.0,0.7941941074523396,0.7941941074523396,0.8092105263157895,1.0,true
721270102002,San Juan,917,0,107,0,8.003914871597327e-07,0.11668484187568157,,0,21377.0,894,679,341,338,2205,0,0,0,0,0,0,0,2205,1415,163,79,0,92,0.5022091310751104,0.23604240282685512,0.0,16,1492.0,677.0,1484097.0,0.9461001902346227,0.9461001902346227,0.8896189224704336,1.0,true
721270102003,San Juan,1923,0,255,0,6.66396567642434e-06,0.13260530421216848,,0,,542,462,251,211,1345,0,0,0,0,0,0,0,1345,906,57,46,0,0,0.5432900432900433,0.11368653421633554,0.0,26,2334.0,1050.0,6370399.0,1.0575441776166743,1.0575441776166743,1.1134676564156947,1.0,true
721270105001,San Juan,406,21,110,18,6.306591792724726e-06,0.270935960591133,1560.6858232824388,1091419,25436.0,949,713,207,506,1114,0,0,0,0,0,0,0,1114,937,117,152,46,0,0.2903225806451613,0.33617929562433296,0.0,24,1676.0,1163.0,1111322.0,1.5841209829867675,1.5841209829867675,1.3878281622911695,1.0,true
721270105002,San Juan,126,5,37,4,2.6860668348380516e-06,0.29365079365079366,1706.6274145473733,649054,69451.0,1421,852,513,339,1653,25,0,0,0,0,0,0,1628,1355,584,298,144,38,0.602112676056338,0.785239852398524,0.02979056210106168,23,2144.0,1248.0,1548726.0,1.8939929328621907,1.8939929328621907,1.5737704918032787,1.0,true
721270105003,San Juan,69,2,20,1,2.0236681730805458e-07,0.2898550724637681,1643.7138790881627,266837,102097.0,863,608,380,228,1251,22,0,0,0,0,0,0,1229,1021,464,319,82,0,0.625,0.8472086190009794,0.03455333255378101,3,1322.0,808.0,151340.0,1.068714632174616,1.068714632174616,0.8186423505572442,1.0,true
721279800001,San Juan,160,0,30,0,1.0030159542669448e-06,0.1875,1483.851892482527,350217,,9,0,0,0,0,0,0,0,0,0,0,0,0,0,0,0,0,0,,,,4,6.0,7.0,1244366.0,0.8571428571428571,0.8571428571428571,1.0,1.0,true
721279801011,San Juan,80,1,6,1,2.142779461693989e-07,0.075,1663.3514416300443,975662,,0,0,0,0,0,0,0,0,0,0,0,0,0,0,0,0,0,0,,,,2,0.0,0.0,545707.0,,,,1.0,true
721279801021,San Juan,55,0,7,0,4.6400502432759006e-08,0.12727272727272726,1426.076496120912,238730,,0,0,0,0,0,0,0,0,0,0,0,0,0,0,0,0,0,0,,,,1,0.0,0.0,242072.0,,,,1.0,true
721279801031,San Juan,64,2,13,2,7.096199880186674e-07,0.203125,1576.2868244159336,1705126,,0,0,0,0,0,0,0,0,0,0,0,0,0,0,0,0,0,0,,,,5,8.0,3.0,626818.0,0.010973936899862825,0.010973936899862825,0.009316770186335404,1.0,true
721279801041,San Juan,663,0,61,0,2.255086617253937e-06,0.09200603318250378,1723.8824424966044,2843618,,0,0,0,0,0,0,0,0,0,0,0,0,0,0,0,0,0,0,,,,11,3.0,1.0,1590161.0,,,,1.0,true
721279801051,San Juan,38,0,8,0,4.400105600987767e-07,0.21052631578947367,1563.0228429669942,87093,,0,0,0,0,0,0,0,0,0,0,0,0,0,0,0,0,0,0,,,,2,2.0,0.0,256589.0,,,,0.9792165168775163,true
721279801071,San Juan,29,1,2,0,2.6136046254794728e-08,0.06896551724137931,,0,,0,0,0,0,0,0,0,0,0,0,0,0,0,0,0,0,0,0,,,,2,4.0,3.0,95354.0,,,,0.8882451025141824,true
721279801081,San Juan,198,8,42,7,3.014622005204542e-06,0.21212121212121213,1692.7904479259203,1166432,,0,0,0,0,0,0,0,0,0,0,0,0,0,0,0,0,0,0,,,,1,4.0,2.0,747136.0,,,,1.0,true
721279802001,San Juan,28,0,5,0,1.9577424424456496e-07,0.17857142857142858,,0,,17,0,0,0,0,0,0,0,0,0,0,0,0,0,0,0,0,0,,,,3,30.0,12.0,229871.0,0.7692307692307693,0.7692307692307693,1.2,1.0,true
721279803001,San Juan,32,0,7,0,5.7766178451983226e-08,0.21875,,0,,0,0,0,0,0,0,0,0,0,0,0,0,0,0,0,0,0,0,,,,6,0.0,0.0,242257.0,,,,1.0,true
