ST,STATE,ST_ABBR,STCNTY,COUNTY,FIPS,LOCATION,AREA_SQMI,E_TOTPOP,M_TOTPOP,E_HU,M_HU,E_HH,M_HH,E_POV150,M_POV150,E_UNEMP,M_UNEMP,E_HBURD,M_HBURD,E_NOHSDP,M_NOHSDP,E_UNINSUR,M_UNINSUR,E_AGE65,M_AGE65,E_AGE17,M_AGE17,E_DISABL,M_DISABL,E_SNGPNT,M_SNGPNT,E_LIMENG,M_LIMENG,E_MINRTY,M_MINRTY,E_MUNIT,M_MUNIT,E_MOBILE,M_MOBILE,E_CROWD,M_CROWD,E_NOVEH,M_NOVEH,E_GROUPQ,M_GROUPQ,EP_POV150,MP_POV150,EP_UNEMP,MP_UNEMP,EP_HBURD,MP_HBURD,EP_NOHSDP,MP_NOHSDP,EP_UNINSUR,MP_UNINSUR,EP_AGE65,MP_AGE65,EP_AGE17,MP_AGE17,EP_DISABL,MP_DISABL,EP_SNGPNT,MP_SNGPNT,EP_LIMENG,MP_LIMENG,EP_MINRTY,MP_MINRTY,EP_MUNIT,MP_MUNIT,EP_MOBILE,MP_MOBILE,EP_CROWD,MP_CROWD,EP_NOVEH,MP_NOVEH,EP_GROUPQ,MP_GROUPQ,EPL_POV150,EPL_UNEMP,EPL_HBURD,EPL_NOHSDP,EPL_UNINSUR,SPL_THEME1,RPL_THEME1,EPL_AGE65,EPL_AGE17,EPL_DISABL,EPL_SNGPNT,EPL_LIMENG,SPL_THEME2,RPL_THEME2,EPL_MINRTY,SPL_THEME3,RPL_THEME3,EPL_MUNIT,EPL_MOBILE,EPL_CROWD,EPL_NOVEH,EPL_GROUPQ,SPL_THEME4,RPL_THEME4,SPL_THEMES,RPL_THEMES,F_POV150,F_UNEMP,F_HBURD,F_NOHSDP,F_UNINSUR,F_THEME1,F_AGE65,F_AGE17,F_DISABL,F_SNGPNT,F_LIMENG,F_THEME2,F_MINRTY,F_THEME3,F_MUNIT,F_MOBILE,F_CROWD,F_NOVEH,F_GROUPQ,F_THEME4,F_TOTAL,E_DAYPOP,E_NOINT,M_NOINT,E_AFAM,M_AFAM,E_HISP,M_HISP,E_ASIAN,M_ASIAN,E_AIAN,M_AIAN,E_NHPI,M_NHPI,E_TWOMORE,M_TWOMORE,E_OTHERRACE,M_OTHERRACE,EP_NOINT,MP_NOINT,EP_AFAM,MP_AFAM,EP_HISP,MP_HISP,EP_ASIAN,MP_ASIAN,EP_AIAN,MP_AIAN,EP_NHPI,MP_NHPI,EP_TWOMORE,MP_TWOMORE,EP_OTHERRACE,MP_OTHERRACE
72,Puerto Rico,PR,72001,Adjuntas,72001956300,"Census Tract 9563, Adjuntas Municipio, Puerto Rico",17.40157659929,3837,504,1698,179,1290,155,2930,450,493,202,305,109,922,212,292,213,551,152,641,197,565,159,51,38,3000,481,3822,504,0,19,0,14,23,27,176,78,19,19,76.7,6.0,37.0,10.5,23.6,8.0,34.4,7.1,7.6,5.3,14.4,3.8,16.7,4.6,14.8,4.4,4.0,2.9,80.0,7.5,99.6,1.2,0.0,1.1,0.0,2.8,1.8,2.1,13.6,5.8,0.5,0.5,0.8342,0.9544,0.5027,0.8581,0.6421,3.7915,0.9425,0.1073,0.3673,0.1627,0.1733,0.9166,1.7272,0.1182,0.4594,0.4594,0.4594,0.0,0.0,0.4345,0.4805,0.6165,1.5315,0.2939,7.5096,0.5434,0,1,0,0,0,1,0,0,0,0,1,1,0,0,0,0,0,0,0,0,2,5316,1225,718,0,14,3815,503,0,14,7,12,0,14,0,14,0,14,32.1,4.2,0.0,1.2,99.4,0.7,0.0,1.2,0.2,0.3,0.0,1.2,0.0,1.2,0.0,1.2
72,Puerto Rico,PR,72001,Adjuntas,72001956400,"Census Tract 9564, Adjuntas Municipio, Puerto Rico",14.362033392122,2428,517,1153,133,893,143,1776,486,107,72,121,78,769,285,251,173,671,210,409,185,489,216,82,61,1857,420,2428,518,0,19,0,14,0,19,106,61,8,8,73.4,12.6,14.6,8.5,13.5,8.5,42.4,10.6,10.4,6.5,27.6,7.5,16.8,6.7,20.2,8.3,9.2,6.7,81.4,5.9,100.0,1.3,0.0,1.6,0.0,4.0,0.0,2.1,11.9,6.5,0.3,0.3,0.7595,0.5217,0.1051,0.9729,0.8362,3.1954,0.8221,0.8462,0.377,0.385,0.5861,0.9382,3.1325,0.8341,0.5536,0.5536,0.5536,0.0,0.0,0.0,0.3829,0.5255,0.9084,0.0813,7.7899,0.6052,0,0,0,1,0,1,0,0,0,0,1,1,0,0,0,0,0,0,0,0,2,2314,581,734,0,14,2428,517,0,14,0,14,0,14,0,14,0,14,24.0,5.1,0.0,1.9,100.0,1.9,0.0,1.9,0.0,1.9,0.0,1.9,0.0,1.9,0.0,1.9
72,Puerto Rico,PR,72001,Adjuntas,72001956500,"Census Tract 9565, Adjuntas Municipio, Puerto Rico",17.260727361894,2676,472,1086,150,774,144,2378,460,345,206,108,58,969,300,97,98,482,159,538,217,707,264,103,65,2019,406,2676,473,0,19,0,14,0,19,130,66,0,14,88.9,7.0,40.2,17.8,14.0,7.0,52.1,10.9,3.6,3.6,18.0,6.1,20.1,7.3,26.4,9.5,13.3,8.0,82.3,8.1,100.0,1.1,0.0,1.7,0.0,4.3,0.0,2.5,16.8,8.8,0.0,0.5,0.9751,0.9718,0.1181,0.9989,0.154,3.2179,0.8308,0.3066,0.6511,0.7299,0.8212,0.9469,3.4557,0.9436,0.5536,0.5536,0.5536,0.0,0.0,0.0,0.6464,0.0,0.6464,0.0304,7.8736,0.6258,1,1,0,1,0,3,0,0,0,0,1,1,0,0,0,0,0,0,0,0,4,1646,1515,597,0,14,2676,472,0,14,0,14,0,14,0,14,0,14,56.6,10.0,0.0,1.8,100.0,1.8,0.0,1.8,0.0,1.8,0.0,1.8,0.0,1.8,0.0,1.8
72,Puerto Rico,PR,72001,Adjuntas,72001956600,"Census Tract 9566, Adjuntas Municipio, Puerto Rico",0.768452246866,2397,411,916,106,724,100,2103,407,234,98,158,58,579,163,150,93,423,103,487,163,341,91,88,50,1606,339,2397,412,106,56,0,14,13,17,195,65,0,14,87.7,7.9,34.7,12.2,21.8,7.4,35.7,7.8,6.3,4.0,17.6,4.8,20.3,5.8,14.2,3.7,12.2,6.7,69.3,8.4,100.0,1.2,11.6,6.0,0.0,5.0,1.8,2.3,26.9,7.9,0.0,0.6,0.9653,0.9393,0.4225,0.8884,0.4892,3.7047,0.9317,0.2763,0.6685,0.1432,0.7714,0.6576,2.517,0.4935,0.5536,0.5536,0.5536,0.7736,0.0,0.4345,0.8557,0.0,2.0638,0.5466,8.8391,0.821,1,1,0,0,0,2,0,0,0,0,0,0,0,0,0,0,0,0,0,0,2,2838,875,556,0,14,2397,411,0,14,0,14,0,14,0,14,0,14,36.5,6.3,0.0,2.0,100.0,2.0,0.0,2.0,0.0,2.0,0.0,2.0,0.0,2.0,0.0,2.0
72,Puerto Rico,PR,72001,Adjuntas,72001956700,"Census Tract 9567, Adjuntas Municipio, Puerto Rico",0.533489488664,1886,368,879,98,646,99,1402,318,256,132,175,66,283,87,85,70,382,93,399,130,337,118,95,44,1091,256,1836,362,59,42,0,14,14,20,142,55,20,29,74.3,8.6,39.9,13.9,27.1,9.3,21.2,5.7,4.5,3.4,20.3,5.1,21.2,5.5,17.9,5.8,14.7,6.4,59.8,7.7,97.3,2.8,6.7,4.7,0.0,5.3,2.2,3.1,22.0,7.7,1.1,1.5,0.7811,0.9685,0.6663,0.468,0.2592,3.1431,0.7983,0.454,0.7281,0.2755,0.8624,0.4041,2.7241,0.6247,0.0953,0.0953,0.0953,0.7053,0.0,0.5049,0.7809,0.7746,2.7657,0.8362,8.7282,0.8069,0,1,0,0,0,1,0,0,0,0,0,0,0,0,0,0,0,0,0,0,1,1286,538,493,0,14,1836,361,0,14,0,14,0,14,0,14,0,14,28.8,5.7,0.0,2.5,97.3,2.1,0.0,2.5,0.0,2.5,0.0,2.5,0.0,2.5,0.0,2.5
72,Puerto Rico,PR,72001,Adjuntas,72001956800,"Census Tract 9568, Adjuntas Municipio, Puerto Rico",16.363469171216,4390,652,1855,167,1483,166,3504,659,193,127,274,112,862,263,269,152,929,197,1023,288,671,209,131,84,3292,589,4390,652,13,25,0,14,20,27,175,68,26,33,80.3,9.1,15.7,8.9,18.5,7.3,26.8,6.6,6.2,3.3,21.2,5.0,23.3,5.6,15.4,4.7,8.8,5.6,77.2,7.5,100.0,0.0,0.7,1.3,0.0,2.5,1.3,1.8,11.8,4.3,0.6,0.7,0.8992,0.5586,0.2622,0.6501,0.4783,2.8484,0.68,0.5135,0.8494,0.1822,0.5655,0.8646,2.9752,0.7614,0.5536,0.5536,0.5536,0.4009,0.0,0.3326,0.3774,0.6522,1.7631,0.3959,8.1403,0.6876,0,0,0,0,0,0,0,0,0,0,0,0,0,0,0,0,0,0,0,0,0,2936,1691,873,0,14,4390,652,0,14,0,14,0,14,0,14,0,14,38.7,5.8,0.0,1.1,100.0,1.1,0.0,1.1,0.0,1.1,0.0,1.1,0.0,1.1,0.0,1.1
72,Puerto Rico,PR,72003,Aguada,72003430100,"Census Tract 4301, Aguada Municipio, Puerto Rico",5.418070137786,3968,773,1994,219,1388,199,2566,632,27,31,232,112,961,315,259,152,839,194,733,310,1137,310,97,88,2581,519,3795,761,19,33,0,14,47,55,183,87,0,14,66.0,10.5,2.1,2.3,16.7,7.7,33.3,8.1,6.5,3.6,21.1,5.4,18.5,6.9,28.7,7.4,7.0,6.3,71.8,5.4,95.6,4.6,1.0,1.7,0.0,2.4,3.4,3.9,13.2,5.8,0.0,0.4,0.5785,0.0239,0.2037,0.8353,0.5184,2.1598,0.3536,0.506,0.5244,0.8243,0.4182,0.7205,2.9934,0.7679,0.0455,0.0455,0.0455,0.4464,0.0,0.6663,0.4544,0.0,1.5671,0.3145,6.7658,0.3536,0,0,0,0,0,0,0,0,0,0,0,0,0,0,0,0,0,0,0,0,0,5032,2704,927,0,14,3795,761,0,14,0,14,0,14,0,14,0,14,68.1,13.3,0.0,1.2,95.6,2.5,0.0,1.2,0.0,1.2,0.0,1.2,0.0,1.2,0.0,1.2
72,Puerto Rico,PR,72003,Aguada,72003430200,"Census Tract 4302, Aguada Municipio, Puerto Rico",2.336240267374,4598,848,2339,261,1686,271,2953,803,79,73,498,207,975,296,271,163,834,192,843,385,1423,359,168,116,2804,631,4360,833,17,30,0,14,0,19,334,134,47,46,64.2,12.8,5.5,4.9,29.5,11.3,28.7,7.9,5.9,3.6,18.1,4.0,18.3,7.7,30.9,6.8,10.0,6.7,64.9,9.2,94.8,4.7,0.7,1.3,0.0,2.0,0.0,1.1,19.8,7.8,1.0,1.0,0.5363,0.115,0.7627,0.7118,0.4458,2.5716,0.5564,0.3099,0.5038,0.8883,0.6479,0.5135,2.8634,0.7093,0.0358,0.0358,0.0358,0.4009,0.0,0.0,0.7408,0.7595,1.9012,0.4566,7.372,0.5,0,0,0,0,0,0,0,0,0,0,0,0,0,0,0,0,0,0,0,0,0,5291,2381,1033,0,14,4334,832,0,14,26,42,0,14,0,14,0,14,52.3,9.7,0.0,1.0,94.3,4.4,0.0,1.0,0.6,0.9,0.0,1.0,0.0,1.0,0.0,1.0
72,Puerto Rico,PR,72003,Aguada,72003430300,"Census Tract 4303, Aguada Municipio, Puerto Rico",0.700100995908,2546,545,1399,163,942,159,1837,448,99,74,202,95,674,248,69,64,533,158,582,225,962,295,81,70,1531,368,2395,481,17,30,0,14,23,30,218,78,5,3,72.2,8.4,15.5,12.0,21.4,9.4,37.3,9.3,2.7,2.6,20.9,5.7,22.9,7.4,37.8,7.9,8.6,7.3,61.3,6.6,94.1,27.6,1.2,2.1,0.0,3.3,2.4,3.2,23.1,7.9,0.2,0.1,0.7313,0.551,0.4063,0.909,0.0781,2.6757,0.6074,0.4962,0.8256,0.9816,0.5525,0.4377,3.2936,0.8926,0.0293,0.0293,0.0293,0.4713,0.0,0.5309,0.795,0.4735,2.2707,0.6432,8.2693,0.718,0,0,0,1,0,1,0,0,1,0,0,1,0,0,0,0,0,0,0,0,2,6015,1682,652,0,14,2249,450,0,14,0,14,0,14,89,140,57,93,66.2,14.2,0.0,1.8,88.3,8.8,0.0,1.8,0.0,1.8,0.0,1.8,3.5,5.3,2.2,3.6
72,Puerto Rico,PR,72003,Aguada,72003430401,"Census Tract 4304.01, Aguada Municipio, Puerto Rico",2.445540338146,4479,766,1955,199,1376,188,3090,633,113,88,169,86,928,233,213,116,806,222,770,261,1218,270,90,77,2822,542,4117,733,0,19,0,14,16,30,152,82,0,14,69.0,7.8,7.5,5.5,12.3,6.0,28.4,6.5,4.8,2.5,18.0,5.7,17.2,5.0,27.2,6.2,6.5,5.5,65.8,5.1,91.9,4.6,0.0,1.0,0.0,2.4,1.2,2.2,11.0,6.0,0.0,0.3,0.6436,0.1898,0.0834,0.6988,0.2972,1.9128,0.2332,0.3066,0.4052,0.7657,0.3759,0.5493,2.4027,0.4197,0.0152,0.0152,0.0152,0.0,0.0,0.3174,0.3341,0.0,0.6515,0.0315,4.9822,0.0781,0,0,0,0,0,0,0,0,0,0,0,0,0,0,0,0,0,0,0,0,0,2639,2628,935,0,14,4038,728,0,14,48,77,0,14,31,36,0,14,58.7,10.0,0.0,1.1,90.2,4.3,0.0,1.1,1.1,1.7,0.0,1.1,0.7,0.8,0.0,1.1
72,Puerto Rico,PR,72003,Aguada,72003430402,"Census Tract 4304.02, Aguada Municipio, Puerto Rico",4.597556283342,4396,734,1920,221,1516,211,3309,688,206,108,187,99,1383,345,349,206,824,195,627,270,1231,261,118,87,3023,586,4181,737,0,19,0,14,0,19,176,93,20,39,75.6,9.2,13.9,6.5,12.3,6.3,41.4,8.4,8.0,4.6,18.7,5.1,14.3,5.7,28.1,6.4,7.8,5.6,69.9,7.2,95.1,5.4,0.0,1.0,0.0,2.4,0.0,1.3,11.6,6.2,0.5,0.9,0.8082,0.487,0.0834,0.9621,0.6876,3.0283,0.7636,0.3391,0.2004,0.7983,0.4865,0.6771,2.5014,0.487,0.039,0.039,0.039,0.0,0.0,0.0,0.3677,0.6165,0.9842,0.0944,6.5529,0.3102,0,0,0,1,0,1,0,0,0,0,0,0,0,0,0,0,0,0,0,0,1,2215,2507,945,0,14,4181,737,0,14,0,14,0,14,0,14,0,14,57.3,9.7,0.0,1.1,95.1,2.9,0.0,1.1,0.0,1.1,0.0,1.1,0.0,1.1,0.0,1.1
72,Puerto Rico,PR,72003,Aguada,72003430501,"Census Tract 4305.01, Aguada Municipio, Puerto Rico",4.25901973313,5353,910,2391,245,1828,259,3023,706,97,93,143,99,1143,332,364,314,1049,243,576,240,1310,366,0,28,2796,543,4751,862,0,28,0,20,0,28,200,116,0,20,56.5,9.0,5.1,4.8,7.8,5.3,28.6,7.8,6.8,5.7,19.6,4.3,10.8,4.1,24.5,6.3,0.0,1.5,52.2,4.9,88.8,5.6,0.0,1.2,0.0,2.0,0.0,1.5,10.9,6.2,0.0,0.4,0.3673,0.1052,0.013,0.7064,0.5597,1.7516,0.1714,0.4041,0.0726,0.6269,0.0,0.2405,1.3441,0.0466,0.0076,0.0076,0.0076,0.0,0.0,0.0,0.3297,0.0,0.3297,0.0119,3.433,0.0054,0,0,0,0,0,0,0,0,0,0,0,0,0,0,0,0,0,0,0,0,0,4361,3094,1221,0,20,4751,861,0,20,0,20,0,20,0,20,0,20,57.8,9.8,0.0,0.9,88.8,4.5,0.0,0.9,0.0,0.9,0.0,0.9,0.0,0.9,0.0,0.9
72,Puerto Rico,PR,72003,Aguada,72003430502,"Census Tract 4305.02, Aguada Municipio, Puerto Rico",4.074084211068,4309,630,2014,175,1560,172,3273,587,101,70,150,80,1467,277,247,129,780,156,738,282,1015,214,97,69,2905,445,4045,589,0,19,0,14,0,19,217,92,4,6,76.0,7.9,8.6,5.8,9.6,5.0,46.6,7.3,5.7,3.0,18.1,4.1,17.1,6.0,23.6,5.0,6.2,4.4,69.3,2.7,93.9,19.4,0.0,0.9,0.0,2.3,0.0,1.2,13.9,6.0,0.1,0.1,0.818,0.243,0.0336,0.987,0.4165,2.4981,0.5184,0.3099,0.3976,0.5835,0.3564,0.6576,2.305,0.3677,0.0271,0.0271,0.0271,0.0,0.0,0.0,0.4935,0.4334,0.9269,0.0846,5.7571,0.1714,0,0,0,1,0,1,0,0,0,0,0,0,0,0,0,0,0,0,0,0,1,2124,2311,836,0,14,3960,585,0,14,0,14,0,14,60,56,25,42,53.7,7.8,0.0,1.1,91.9,3.3,0.0,1.1,0.0,1.1,0.0,1.1,1.4,1.3,0.6,1.0
72,Puerto Rico,PR,72003,Aguada,72003430601,"Census Tract 4306.01, Aguada Municipio, Puerto Rico",3.870327374812,4178,678,1951,186,1536,177,2767,583,118,71,190,93,1113,266,256,172,947,211,685,274,1684,361,145,81,2830,500,4032,628,0,19,0,14,10,20,158,77,0,14,66.2,8.9,9.0,5.5,12.4,5.9,34.5,7.1,6.1,4.4,22.7,5.6,16.4,6.0,40.3,7.1,9.4,5.2,68.1,4.6,96.5,21.7,0.0,1.0,0.0,2.4,0.7,1.3,10.3,4.8,0.0,0.3,0.584,0.2614,0.0867,0.8624,0.4642,2.2587,0.4046,0.6208,0.3434,0.9935,0.6002,0.6197,3.1776,0.8482,0.0672,0.0672,0.0672,0.0,0.0,0.2264,0.2983,0.0,0.5247,0.0163,6.0282,0.2148,0,0,0,0,0,0,0,0,1,0,0,1,0,0,0,0,0,0,0,0,1,2526,2436,852,0,14,3982,625,0,14,0,14,0,14,50,55,0,14,58.3,9.5,0.0,1.1,95.3,2.4,0.0,1.1,0.0,1.1,0.0,1.1,1.2,1.3,0.0,1.1
72,Puerto Rico,PR,72003,Aguada,72003430602,"Census Tract 4306.02, Aguada Municipio, Puerto Rico",3.157736751408,3480,627,1711,166,1173,180,2239,614,73,73,215,106,675,225,67,60,548,156,993,316,596,162,132,77,1876,402,3297,612,59,26,0,14,56,63,76,43,14,19,64.3,13.3,6.5,6.4,18.3,8.6,29.8,8.5,1.9,1.7,15.7,5.0,28.5,7.5,17.1,4.7,11.3,6.3,58.7,7.5,94.7,4.3,3.4,1.5,0.0,2.7,4.8,5.3,6.5,3.8,0.4,0.5,0.5385,0.1508,0.2503,0.7454,0.0325,1.7175,0.1562,0.1636,0.9621,0.2364,0.727,0.3759,2.465,0.4718,0.0336,0.0336,0.0336,0.5948,0.0,0.8147,0.1052,0.5688,2.0835,0.5564,6.2996,0.2549,0,0,0,0,0,0,0,1,0,0,0,1,0,0,0,0,0,0,0,0,1,2745,1813,824,0,14,3285,611,0,14,0,14,0,14,12,18,0,14,52.3,9.4,0.0,1.4,94.4,3.0,0.0,1.4,0.0,1.4,0.0,1.4,0.3,0.5,0.0,1.4
72,Puerto Rico,PR,72005,Aguadilla,72005400100,"Census Tract 4001, Aguadilla Municipio, Puerto Rico",3.038797258104,4867,681,2542,247,1981,272,3267,583,291,188,488,200,835,273,122,100,1351,331,851,294,1166,325,229,148,2587,504,4847,679,42,50,25,40,51,60,259,148,7,4,67.1,7.4,19.4,12.0,24.6,9.5,24.2,7.3,2.5,2.0,27.8,7.0,17.5,5.5,24.0,6.5,11.6,7.3,54.1,7.3,99.6,0.6,1.7,2.0,1.0,1.6,2.6,3.0,13.1,7.3,0.1,0.1,0.6013,0.6887,0.5525,0.571,0.0651,2.4786,0.513,0.8516,0.4312,0.5998,0.7421,0.2698,2.8945,0.7223,0.4594,0.4594,0.4594,0.5222,0.8861,0.5666,0.4479,0.4334,2.8562,0.8623,8.6887,0.7993,0,0,0,0,0,0,0,0,0,0,0,0,0,0,0,0,0,0,0,0,0,5771,1287,993,0,14,4847,679,0,14,0,14,0,14,0,14,0,14,26.5,3.7,0.0,1.0,99.6,0.6,0.0,1.0,0.0,1.0,0.0,1.0,0.0,1.0,0.0,1.0
72,Puerto Rico,PR,72005,Aguadilla,72005400300,"Census Tract 4003, Aguadilla Municipio, Puerto Rico",3.989672661318,3103,459,1706,167,1285,178,1328,364,70,59,392,120,346,133,159,86,484,149,676,216,560,189,120,70,888,217,2774,433,85,62,12,20,10,21,65,47,318,189,43.0,9.9,6.3,5.3,30.5,8.3,16.8,5.7,5.2,2.6,15.6,4.5,21.8,6.2,18.2,5.7,9.3,5.3,28.9,5.6,89.4,4.5,5.0,3.6,0.7,1.1,0.8,1.6,5.1,3.7,10.2,5.9,0.1495,0.1475,0.7931,0.3109,0.3503,1.7513,0.1703,0.1593,0.766,0.2863,0.5915,0.0531,1.8562,0.1584,0.0098,0.0098,0.0098,0.6566,0.8275,0.2405,0.064,0.9827,2.7713,0.8373,6.3886,0.2744,0,0,0,0,0,0,0,0,0,0,0,0,0,0,0,0,0,0,1,1,1,14588,347,629,56,69,2631,421,20,31,0,14,7,17,26,43,34,55,12.5,2.0,1.8,2.2,84.8,7.1,0.6,1.0,0.0,1.5,0.2,0.5,0.8,1.4,1.1,1.7
72,Puerto Rico,PR,72005,Aguadilla,72005400400,"Census Tract 4004, Aguadilla Municipio, Puerto Rico",2.500629757608,3250,519,1849,184,1386,182,2207,452,91,66,207,98,790,208,139,74,688,182,558,206,851,228,145,85,1843,324,3074,524,53,51,0,14,0,19,265,100,17,27,68.3,8.7,10.8,6.9,14.9,6.8,32.8,7.6,4.3,2.4,21.2,5.9,17.2,5.7,26.5,6.4,10.5,6.0,59.0,4.1,94.6,5.6,2.9,2.7,0.0,2.5,0.0,1.4,19.1,6.9,0.5,0.8,0.6338,0.3579,0.143,0.8245,0.2321,2.1913,0.372,0.5135,0.4052,0.7375,0.675,0.3814,2.7126,0.6182,0.0314,0.0314,0.0314,0.572,0.0,0.0,0.7234,0.6165,1.9119,0.4642,6.8472,0.3731,0,0,0,0,0,0,0,0,0,0,0,0,0,0,0,0,0,0,0,0,0,2363,943,706,0,14,3014,515,0,14,0,14,0,14,60,93,0,14,29.2,4.7,0.0,1.4,92.7,6.4,0.0,1.4,0.0,1.4,0.0,1.4,1.8,2.9,0.0,1.4
72,Puerto Rico,PR,72005,Aguadilla,72005400501,"Census Tract 4005.01, Aguadilla Municipio, Puerto Rico",1.41536305905,3199,555,1552,183,1279,182,1936,403,152,111,294,105,654,190,187,114,628,166,729,209,698,222,223,103,1465,319,3150,554,189,80,0,14,0,19,203,99,0,14,60.5,7.0,14.6,9.5,23.0,7.5,28.7,7.6,5.8,3.3,19.6,5.0,22.8,5.2,21.8,6.3,17.4,7.7,47.4,6.0,98.5,2.8,12.2,4.9,0.0,3.0,0.0,1.5,15.9,7.0,0.0,0.4,0.4496,0.5217,0.468,0.7118,0.4273,2.5784,0.5607,0.4041,0.818,0.4924,0.9166,0.1831,2.8142,0.6887,0.1874,0.1874,0.1874,0.7833,0.0,0.0,0.6052,0.0,1.3885,0.2245,6.9685,0.3959,0,0,0,0,0,0,0,0,0,1,0,1,0,0,0,0,0,0,0,0,1,1803,957,765,0,14,3150,553,0,14,0,14,0,14,0,14,0,14,29.9,5.2,0.0,1.5,98.5,1.1,0.0,1.5,0.0,1.5,0.0,1.5,0.0,1.5,0.0,1.5
72,Puerto Rico,PR,72005,Aguadilla,72005400502,"Census Tract 4005.02, Aguadilla Municipio, Puerto Rico",1.966590845798,5413,719,2447,241,2234,238,3251,650,348,142,391,164,712,239,171,113,942,229,862,294,1219,318,232,137,2889,494,5353,721,290,128,0,20,63,77,248,121,14,33,60.1,9.0,16.7,6.9,17.5,7.1,19.1,6.1,3.2,2.1,17.4,4.2,15.9,5.0,22.6,5.7,10.4,6.0,55.5,6.0,98.9,2.2,11.9,5.1,0.0,1.9,2.8,3.4,11.1,5.0,0.3,0.6,0.442,0.6009,0.221,0.3868,0.1128,1.7635,0.1746,0.2622,0.3066,0.5347,0.6717,0.3034,2.0786,0.2646,0.2579,0.2579,0.2579,0.7801,0.0,0.5991,0.3406,0.5255,2.2453,0.6269,6.3453,0.2668,0,0,0,0,0,0,0,0,0,0,0,0,0,0,0,0,0,0,0,0,0,6117,914,1075,0,20,5353,720,0,20,0,20,0,20,0,20,0,20,16.9,2.3,0.0,0.9,98.9,1.3,0.0,0.9,0.0,0.9,0.0,0.9,0.0,0.9,0.0,0.9
72,Puerto Rico,PR,72005,Aguadilla,72005400600,"Census Tract 4006, Aguadilla Municipio, Puerto Rico",0.43080875058,2522,458,1331,170,1155,165,2143,432,335,155,289,94,478,132,75,56,601,136,607,228,536,134,173,82,1312,297,2522,448,554,144,0,14,0,19,435,109,14,19,85.4,7.3,53.1,14.2,25.0,7.3,29.8,8.8,3.0,2.3,23.8,6.5,24.1,7.9,21.5,5.0,15.0,6.8,57.3,7.3,100.0,25.4,41.6,9.4,0.0,3.5,0.0,1.6,37.7,8.5,0.6,0.7,0.9523,0.9902,0.5753,0.7454,0.103,3.3662,0.8688,0.6923,0.8776,0.4653,0.8657,0.3456,3.2465,0.8742,0.5536,0.5536,0.5536,0.948,0.0,0.0,0.9469,0.6522,2.5471,0.7679,9.7134,0.9187,1,1,0,0,0,2,0,0,0,0,0,0,0,0,1,0,0,1,0,2,4,1612,804,636,0,14,2481,445,0,14,0,14,0,14,21,33,20,33,32.1,5.9,0.0,1.9,98.4,1.8,0.0,1.9,0.0,1.9,0.0,1.9,0.8,1.3,0.8,1.3
72,Puerto Rico,PR,72005,Aguadilla,72005400700,"Census Tract 4007, Aguadilla Municipio, Puerto Rico",0.824189931586,2540,406,1479,180,1159,148,1378,357,213,118,123,66,288,117,94,81,711,154,315,145,682,200,86,71,1041,266,2540,407,268,122,0,14,10,20,161,82,0,14,54.3,11.1,22.0,10.7,10.6,5.5,15.2,6.0,3.7,3.1,28.0,6.7,12.4,5.4,26.9,6.7,7.4,6.1,42.3,8.6,100.0,1.1,18.1,7.9,0.0,3.2,0.9,1.7,13.9,6.8,0.0,0.6,0.3207,0.7657,0.0444,0.2535,0.1649,1.5492,0.0987,0.857,0.1192,0.7484,0.4475,0.1224,2.2945,0.3644,0.5536,0.5536,0.5536,0.8386,0.0,0.2622,0.4935,0.0,1.5943,0.3275,5.9916,0.2072,0,0,0,0,0,0,0,0,0,0,0,0,0,0,0,0,0,0,0,0,0,1715,580,574,0,14,2540,406,0,14,0,14,0,14,0,14,0,14,22.8,3.7,0.0,1.9,100.0,1.9,0.0,1.9,0.0,1.9,0.0,1.9,0.0,1.9,0.0,1.9
72,Puerto Rico,PR,72005,Aguadilla,72005400800,"Census Tract 4008, Aguadilla Municipio, Puerto Rico",0.149328423418,1222,243,1376,130,718,106,1086,235,42,41,91,54,424,120,84,45,400,97,163,106,418,99,26,28,898,189,1201,252,0,19,0,14,14,26,400,86,10,12,88.9,7.6,16.0,17.1,12.7,7.3,42.3,9.2,6.9,3.9,32.7,8.7,13.3,8.3,34.2,8.8,3.6,3.9,75.3,6.0,98.3,6.6,0.0,1.4,0.0,3.4,1.9,3.6,55.7,9.6,0.8,1.0,0.9751,0.5748,0.091,0.9707,0.5683,3.1799,0.8124,0.9502,0.1517,0.9534,0.1452,0.8267,3.0272,0.7863,0.1679,0.1679,0.1679,0.0,0.0,0.4561,0.9881,0.7226,2.1668,0.5987,8.5418,0.7701,1,0,0,1,0,2,1,0,1,0,0,2,0,0,0,0,0,1,0,1,5,657,645,344,0,14,1163,249,10,17,0,14,0,14,15,21,13,20,53.2,10.7,0.0,3.8,95.2,4.1,0.8,1.4,0.0,3.8,0.0,3.8,1.2,1.7,1.1,1.7
72,Puerto Rico,PR,72005,Aguadilla,72005400900,"Census Tract 4009, Aguadilla Municipio, Puerto Rico",0.432726519214,2203,339,1310,143,1105,144,1813,358,158,107,172,80,522,146,126,101,602,163,447,158,611,154,205,82,1546,332,2203,337,490,110,0,14,30,50,360,132,0,14,82.3,10.2,31.0,17.8,15.6,6.9,32.2,7.6,5.7,4.3,27.3,8.3,20.3,6.5,27.7,7.3,18.6,7.0,75.2,11.6,100.0,21.7,37.4,7.3,0.0,3.6,2.7,4.5,32.6,11.0,0.0,0.6,0.9231,0.9111,0.1679,0.8115,0.4165,3.2301,0.8373,0.8332,0.6685,0.782,0.9296,0.8234,4.0367,0.9978,0.5536,0.5536,0.5536,0.935,0.0,0.5872,0.9154,0.0,2.4376,0.7202,10.258,0.961,1,1,0,0,0,2,0,0,0,1,0,1,0,0,1,0,0,1,0,2,5,1742,753,471,0,14,2187,335,0,14,0,14,0,14,0,14,16,26,34.2,5.3,0.0,2.1,99.3,1.2,0.0,2.1,0.0,2.1,0.0,2.1,0.0,2.1,0.7,1.2
72,Puerto Rico,PR,72005,Aguadilla,72005401200,"Census Tract 4012, Aguadilla Municipio, Puerto Rico",6.563668748762,3194,476,1640,143,1393,154,1610,445,105,84,161,81,596,172,272,122,919,199,534,235,783,197,150,90,1791,350,3194,477,0,19,0,14,33,39,186,88,0,14,50.8,11.8,9.9,8.0,11.6,5.7,25.0,6.8,8.6,3.5,28.8,6.9,16.7,6.9,24.6,6.3,10.8,6.3,58.2,7.4,100.0,1.0,0.0,1.2,0.0,2.9,2.4,2.8,13.4,6.2,0.0,0.4,0.2557,0.321,0.0672,0.6024,0.7278,1.9741,0.2549,0.8743,0.3673,0.6291,0.6988,0.3705,2.94,0.7484,0.5536,0.5536,0.5536,0.0,0.0,0.5309,0.4653,0.0,0.9962,0.0954,6.4639,0.2928,0,0,0,0,0,0,0,0,0,0,0,0,0,0,0,0,0,0,0,0,0,4462,1061,693,0,14,3194,476,0,14,0,14,0,14,0,14,0,14,33.2,5.0,0.0,1.5,100.0,1.5,0.0,1.5,0.0,1.5,0.0,1.5,0.0,1.5,0.0,1.5
72,Puerto Rico,PR,72005,Aguadilla,72005401301,"Census Tract 4013.01, Aguadilla Municipio, Puerto Rico",0.875946904686,4053,540,2026,194,1765,185,3067,520,219,128,344,118,856,188,118,88,922,164,915,236,880,157,339,124,2543,433,4053,541,370,118,0,14,33,32,248,110,20,38,76.0,8.2,16.9,9.1,19.5,6.4,29.7,5.9,2.9,2.1,22.7,4.1,22.6,5.0,21.8,3.9,19.2,6.7,66.8,6.9,100.0,0.8,18.3,5.6,0.0,2.3,1.9,1.8,14.1,5.8,0.5,0.9,0.818,0.615,0.3001,0.7421,0.0954,2.5706,0.5553,0.6208,0.8093,0.4924,0.9372,0.5785,3.4382,0.9382,0.5536,0.5536,0.5536,0.8407,0.0,0.4561,0.5054,0.6165,2.4187,0.7093,8.9811,0.8406,0,0,0,0,0,0,0,0,0,1,0,1,0,0,0,0,0,0,0,0,1,2700,917,719,0,14,4053,540,0,14,0,14,0,14,0,14,0,14,22.7,3.0,0.0,1.2,100.0,1.2,0.0,1.2,0.0,1.2,0.0,1.2,0.0,1.2,0.0,1.2
72,Puerto Rico,PR,72005,Aguadilla,72005401303,"Census Tract 4013.03, Aguadilla Municipio, Puerto Rico",5.468668804886,2674,689,1198,204,1074,210,1422,518,163,117,279,144,279,151,93,88,380,169,601,262,425,205,67,81,1163,430,2674,689,0,19,0,14,42,66,58,68,0,14,53.2,13.7,14.8,11.1,26.0,12.4,15.3,7.3,3.5,3.3,14.2,7.0,22.5,7.9,15.9,7.3,6.2,7.4,45.1,12.2,100.0,0.0,0.0,1.6,0.0,3.9,3.9,6.1,5.4,6.4,0.0,0.5,0.2947,0.5336,0.623,0.2589,0.1443,1.8545,0.2104,0.0986,0.805,0.1974,0.3564,0.1517,1.6091,0.0965,0.5536,0.5536,0.5536,0.0,0.0,0.7281,0.0748,0.0,0.8029,0.0542,4.8201,0.0618,0,0,0,0,0,0,0,0,0,0,0,0,0,0,0,0,0,0,0,0,0,4069,556,894,0,14,2674,689,0,14,0,14,0,14,0,14,0,14,20.8,5.4,0.0,1.8,100.0,1.8,0.0,1.8,0.0,1.8,0.0,1.8,0.0,1.8,0.0,1.8
72,Puerto Rico,PR,72005,Aguadilla,72005401304,"Census Tract 4013.04, Aguadilla Municipio, Puerto Rico",1.538281719566,3010,685,1512,248,1266,251,1876,651,168,116,269,147,562,215,214,150,621,204,322,280,818,304,0,19,1924,620,3010,693,61,99,0,14,0,19,266,145,0,14,62.3,16.3,13.7,8.7,21.2,10.8,23.8,9.4,7.1,5.0,20.6,7.4,10.7,9.0,27.2,8.9,0.0,1.5,65.3,15.3,100.0,3.5,4.0,6.5,0.0,3.1,0.0,1.5,21.0,10.2,0.0,0.5,0.4897,0.4805,0.3922,0.5569,0.5857,2.505,0.5249,0.4745,0.0693,0.7657,0.0,0.532,1.8415,0.1497,0.5536,0.5536,0.5536,0.6186,0.0,0.0,0.7646,0.0,1.3832,0.2202,6.2833,0.2505,0,0,0,0,0,0,0,0,0,0,0,0,0,0,0,0,0,0,0,0,0,1554,772,929,0,14,2982,691,0,14,0,14,0,14,0,14,28,46,25.6,5.8,0.0,1.6,99.1,1.6,0.0,1.6,0.0,1.6,0.0,1.6,0.0,1.6,0.9,1.6
72,Puerto Rico,PR,72005,Aguadilla,72005401401,"Census Tract 4014.01, Aguadilla Municipio, Puerto Rico",2.616424836224,3823,597,1602,155,1245,161,2088,480,109,81,249,105,1013,201,204,128,641,178,672,224,834,212,215,101,2510,400,3802,593,0,19,0,14,16,29,192,79,771,178,67.8,10.5,11.8,8.4,20.0,8.0,34.4,5.1,6.6,4.4,16.8,4.8,17.6,5.2,27.1,6.6,17.3,7.8,67.0,2.7,99.5,22.0,0.0,1.2,0.0,2.9,1.3,2.3,15.4,6.3,20.2,3.4,0.623,0.3915,0.3229,0.8581,0.5315,2.727,0.6345,0.2286,0.441,0.7592,0.9133,0.5894,2.9315,0.743,0.4193,0.4193,0.4193,0.0,0.0,0.3326,0.5835,0.9924,1.9085,0.4631,7.9863,0.6508,0,0,0,0,0,0,0,0,0,1,0,1,0,0,0,0,0,0,1,1,2,3937,879,695,0,14,3776,592,0,14,0,14,7,14,19,29,0,14,28.8,5.0,0.0,1.2,98.8,1.2,0.0,1.2,0.0,1.2,0.2,0.4,0.5,0.8,0.0,1.2
72,Puerto Rico,PR,72005,Aguadilla,72005401402,"Census Tract 4014.02, Aguadilla Municipio, Puerto Rico",4.104249588124,4056,629,1951,213,1559,202,2492,492,254,144,314,130,608,185,373,222,816,211,958,284,696,176,125,84,2178,397,4023,636,0,19,0,14,18,32,134,72,25,37,61.8,7.4,18.1,8.7,20.1,7.9,22.1,5.9,9.3,5.1,20.1,5.3,23.6,6.0,17.4,3.9,8.0,5.3,56.9,5.9,99.2,3.0,0.0,1.0,0.0,2.4,1.2,2.0,8.6,4.5,0.6,0.9,0.4789,0.6518,0.3294,0.5016,0.7777,2.7394,0.6388,0.4388,0.8592,0.2473,0.5016,0.3359,2.3828,0.4035,0.3218,0.3218,0.3218,0.0,0.0,0.3174,0.1952,0.6522,1.1648,0.1475,6.6088,0.3254,0,0,0,0,0,0,0,0,0,0,0,0,0,0,0,0,0,0,0,0,0,2810,566,912,16,25,3990,635,0,14,0,14,0,14,17,26,0,14,14.0,2.2,0.4,0.6,98.4,1.9,0.0,1.2,0.0,1.2,0.0,1.2,0.4,0.6,0.0,1.2
72,Puerto Rico,PR,72005,Aguadilla,72005401500,"Census Tract 4015, Aguadilla Municipio, Puerto Rico",0.616855088096,2423,374,1802,153,1170,157,2071,366,167,78,122,51,651,146,181,84,465,109,505,145,596,167,243,82,1643,294,2405,373,410,112,0,14,48,38,440,99,3,6,85.5,7.3,26.7,11.0,10.4,4.1,37.0,6.8,7.5,3.3,19.2,4.5,20.8,5.1,24.6,5.9,20.8,6.4,72.0,7.1,99.3,1.4,22.8,5.9,0.0,2.6,4.1,3.2,37.6,7.0,0.1,0.2,0.9534,0.859,0.0423,0.9014,0.6323,3.3884,0.8731,0.3738,0.7042,0.6291,0.9556,0.7259,3.3886,0.9208,0.3402,0.3402,0.3402,0.8732,0.0,0.753,0.9458,0.4334,3.0054,0.898,10.1226,0.9566,1,0,0,1,0,2,0,0,0,1,0,1,0,0,0,0,0,1,0,1,4,3097,550,526,22,25,2383,371,0,14,0,14,0,14,0,14,0,14,22.7,3.5,0.9,1.0,98.3,1.4,0.0,1.9,0.0,1.9,0.0,1.9,0.0,1.9,0.0,1.9
72,Puerto Rico,PR,72007,Aguas Buenas,72007230100,"Census Tract 2301, Aguas Buenas Municipio, Puerto Rico",5.049147746276,4301,745,1592,202,1348,208,3091,727,132,100,260,133,834,258,464,239,759,191,839,327,1130,275,114,92,2442,532,4301,745,13,25,0,14,0,19,173,76,23,50,71.9,11.4,9.0,6.2,19.3,9.4,28.6,7.0,10.8,4.9,17.6,5.2,19.5,6.8,26.3,5.7,8.5,6.7,60.3,8.0,100.0,0.0,0.8,1.6,0.0,2.9,0.0,1.4,12.8,5.4,0.5,1.2,0.7237,0.2614,0.2893,0.7064,0.8557,2.8365,0.6779,0.2763,0.6056,0.7223,0.5471,0.4117,2.563,0.5239,0.5536,0.5536,0.5536,0.4171,0.0,0.0,0.4317,0.6165,1.4653,0.2636,7.4184,0.5119,0,0,0,0,0,0,0,0,0,0,0,0,0,0,0,0,0,0,0,0,0,2482,1169,992,0,14,4301,745,0,14,0,14,0,14,0,14,0,14,27.3,4.7,0.0,1.1,100.0,1.1,0.0,1.1,0.0,1.1,0.0,1.1,0.0,1.1,0.0,1.1
72,Puerto Rico,PR,72007,Aguas Buenas,72007230200,"Census Tract 2302, Aguas Buenas Municipio, Puerto Rico",5.097376133198,6002,981,2519,235,2062,239,3058,947,104,98,512,220,1241,353,406,200,1585,228,946,363,1917,450,230,141,3686,755,6002,977,0,28,38,61,64,77,315,149,95,92,51.7,13.5,4.6,4.3,24.8,10.3,26.4,6.9,6.9,3.4,26.4,5.0,15.8,5.5,32.4,6.3,11.2,6.7,63.9,8.1,100.0,23.1,0.0,1.1,1.5,2.5,3.1,3.7,15.3,6.9,1.6,1.5,0.2719,0.0879,0.5655,0.6414,0.5683,2.135,0.3406,0.7985,0.2979,0.9176,0.7172,0.4897,3.2209,0.8612,0.5536,0.5536,0.5536,0.0,0.9501,0.6338,0.577,0.8472,3.0081,0.9002,8.9176,0.8351,0,0,0,0,0,0,0,0,1,0,0,1,0,0,0,1,0,0,0,1,2,4226,1527,1415,0,20,5974,975,0,20,0,20,0,20,28,44,0,20,25.9,4.3,0.0,0.8,99.5,0.7,0.0,0.8,0.0,0.8,0.0,0.8,0.5,0.7,0.0,0.8
72,Puerto Rico,PR,72007,Aguas Buenas,72007230300,"Census Tract 2303, Aguas Buenas Municipio, Puerto Rico",0.6862059571319999,2393,609,1342,215,944,182,1439,475,100,132,185,101,465,152,96,84,563,133,399,244,948,296,98,82,1388,378,2393,609,24,31,0,14,28,46,255,97,0,14,60.1,12.7,11.6,14.0,19.6,10.0,26.5,7.8,4.0,3.6,23.5,7.1,16.7,9.3,39.6,8.9,10.4,8.5,60.1,5.7,100.0,0.0,1.8,2.3,0.0,3.5,3.0,4.8,27.0,9.2,0.0,0.6,0.442,0.3839,0.3077,0.6436,0.1985,1.9757,0.2581,0.6761,0.3673,0.9892,0.6717,0.4095,3.1138,0.8275,0.5536,0.5536,0.5536,0.5287,0.0,0.6186,0.859,0.0,2.0063,0.5141,7.6494,0.5727,0,0,0,0,0,0,0,0,1,0,0,1,0,0,0,0,0,0,0,0,1,4935,601,849,0,14,2393,609,0,14,0,14,0,14,0,14,0,14,25.1,6.4,0.0,2.0,100.0,2.0,0.0,2.0,0.0,2.0,0.0,2.0,0.0,2.0,0.0,2.0
72,Puerto Rico,PR,72007,Aguas Buenas,72007230400,"Census Tract 2304, Aguas Buenas Municipio, Puerto Rico",10.15647295581,4582,778,1918,180,1538,204,2973,687,203,132,132,75,1105,273,329,165,858,177,1007,292,1220,247,86,58,3217,579,4489,766,0,19,0,14,37,45,292,109,29,25,65.1,10.2,11.6,7.2,8.6,4.7,35.3,8.1,7.2,3.3,18.7,4.7,22.0,5.2,26.7,5.1,5.6,3.7,74.8,4.5,98.0,1.6,0.0,1.0,0.0,2.4,2.4,2.9,19.0,7.0,0.6,0.5,0.5601,0.3839,0.0206,0.8808,0.5965,2.4419,0.4978,0.3391,0.7736,0.7419,0.3044,0.8147,2.9737,0.7581,0.1343,0.1343,0.1343,0.0,0.0,0.5309,0.7191,0.6522,1.9022,0.4588,7.4521,0.5239,0,0,0,0,0,0,0,0,0,0,0,0,0,0,0,0,0,0,0,0,0,3400,1000,1095,0,14,4489,766,0,14,0,14,0,14,0,14,0,14,22.0,3.8,0.0,1.0,98.0,1.8,0.0,1.0,0.0,1.0,0.0,1.0,0.0,1.0,0.0,1.0
72,Puerto Rico,PR,72007,Aguas Buenas,72007230501,"Census Tract 2305.01, Aguas Buenas Municipio, Puerto Rico",3.328651751544,4250,614,1633,163,1412,174,3084,593,214,120,310,125,752,216,267,273,646,173,868,252,1223,258,178,114,2764,512,4250,607,12,22,0,14,25,41,166,80,22,23,73.0,9.2,15.4,7.9,22.0,8.4,25.5,7.1,6.3,6.2,15.2,4.5,20.4,5.1,28.8,6.0,12.6,7.9,65.0,7.5,100.0,20.3,0.7,1.3,0.0,2.9,1.8,2.9,11.8,5.6,0.5,0.5,0.7508,0.5477,0.4312,0.6176,0.4892,2.8365,0.6779,0.1408,0.6771,0.8275,0.7909,0.5168,2.9531,0.7538,0.5536,0.5536,0.5536,0.4009,0.0,0.4345,0.3774,0.6165,1.8293,0.4252,8.1725,0.6963,0,0,0,0,0,0,0,0,0,0,0,0,0,0,0,0,0,0,0,0,0,2081,1076,904,19,29,4231,606,0,14,0,14,0,14,0,14,0,14,25.4,3.7,0.4,0.7,99.6,0.7,0.0,1.1,0.0,1.1,0.0,1.1,0.0,1.1,0.0,1.1
72,Puerto Rico,PR,72007,Aguas Buenas,72007230502,"Census Tract 2305.02, Aguas Buenas Municipio, Puerto Rico",5.767021789448,3770,664,1622,164,1325,157,2427,629,134,76,271,103,549,162,364,203,597,167,713,266,1408,354,59,60,2772,521,3770,664,79,55,0,14,65,70,242,86,28,22,64.7,12.2,9.5,4.9,20.5,7.4,20.4,5.4,9.7,5.4,15.8,5.0,18.9,6.2,37.5,9.0,4.5,4.5,74.8,5.8,100.0,0.0,4.9,3.4,0.0,2.9,4.9,5.3,18.3,6.2,0.7,0.6,0.5515,0.3026,0.351,0.4312,0.8037,2.44,0.4957,0.169,0.5569,0.9783,0.2156,0.8147,2.7345,0.6367,0.5536,0.5536,0.5536,0.6522,0.0,0.8299,0.7017,0.6956,2.8794,0.8688,8.6075,0.7852,0,0,0,0,0,0,0,0,1,0,0,1,0,0,0,0,0,0,0,0,1,3715,333,951,0,14,3770,664,0,14,0,14,0,14,0,14,0,14,8.9,1.6,0.0,1.3,100.0,1.3,0.0,1.3,0.0,1.3,0.0,1.3,0.0,1.3,0.0,1.3
72,Puerto Rico,PR,72009,Aibonito,72009250100,"Census Tract 2501, Aibonito Municipio, Puerto Rico",9.117567841004,5923,654,2403,206,2196,209,3545,682,56,63,394,167,964,251,56,65,1335,273,928,318,1721,390,298,154,4094,631,5901,658,0,28,0,20,38,49,296,153,20,37,60.1,9.4,2.7,3.0,17.9,7.4,21.4,5.1,0.9,1.1,22.5,5.0,15.7,5.1,29.2,6.3,13.6,6.9,73.2,8.0,99.6,1.6,0.0,1.2,0.0,2.0,1.7,2.2,13.5,6.7,0.3,0.6,0.442,0.0369,0.234,0.481,0.0152,1.2091,0.0412,0.6067,0.2936,0.8438,0.8342,0.7757,3.354,0.9121,0.4594,0.4594,0.4594,0.0,0.0,0.4139,0.4751,0.5255,1.4145,0.2343,6.437,0.2852,0,0,0,0,0,0,0,0,0,0,0,0,0,0,0,0,0,0,0,0,0,3850,2332,997,0,20,5901,657,0,20,0,20,0,20,0,20,0,20,39.5,4.4,0.0,0.8,99.6,0.6,0.0,0.8,0.0,0.8,0.0,0.8,0.0,0.8,0.0,0.8
72,Puerto Rico,PR,72009,Aibonito,72009250200,"Census Tract 2502, Aibonito Municipio, Puerto Rico",6.671468427162,4015,469,1799,150,1542,162,2433,489,54,52,302,113,548,186,218,117,509,145,886,229,1098,250,95,69,2809,424,3995,468,10,20,0,14,33,39,153,76,0,14,60.6,9.9,3.6,3.4,19.6,7.0,19.3,5.9,5.5,2.8,12.7,3.6,22.1,5.1,27.5,5.9,6.2,4.4,72.5,7.1,99.5,0.9,0.6,1.1,0.0,2.6,2.1,2.5,9.9,4.7,0.0,0.3,0.454,0.0586,0.3077,0.3911,0.3861,1.5975,0.1161,0.0661,0.7801,0.7755,0.3564,0.7465,2.7246,0.6269,0.4193,0.4193,0.4193,0.3944,0.0,0.4908,0.2744,0.0,1.1596,0.1453,5.901,0.1887,0,0,0,0,0,0,0,0,0,0,0,0,0,0,0,0,0,0,0,0,0,4568,1285,686,0,14,3971,466,24,41,0,14,0,14,0,14,0,14,32.0,3.7,0.0,1.2,98.9,1.8,0.6,1.0,0.0,1.2,0.0,1.2,0.0,1.2,0.0,1.2
72,Puerto Rico,PR,72009,Aibonito,72009250300,"Census Tract 2503, Aibonito Municipio, Puerto Rico",0.88742648935,2532,455,1149,152,956,145,1791,371,54,43,216,90,600,171,47,52,516,153,539,207,757,215,77,62,1685,366,2512,446,0,19,0,14,39,34,124,66,0,14,70.7,7.3,6.7,5.4,22.6,8.8,35.0,7.6,1.9,2.0,20.4,6.4,21.3,7.2,29.9,7.9,8.1,6.4,71.2,8.9,99.2,25.1,0.0,1.7,0.0,4.0,4.1,3.5,13.0,6.5,0.0,0.6,0.6945,0.1573,0.455,0.8754,0.0325,2.2147,0.3818,0.4594,0.7302,0.8677,0.5146,0.7086,3.2805,0.8883,0.3218,0.3218,0.3218,0.0,0.0,0.753,0.4425,0.0,1.1955,0.1594,7.0125,0.4089,0,0,0,0,0,0,0,0,0,0,0,0,0,0,0,0,0,0,0,0,0,1479,1031,591,0,14,2512,445,0,14,0,14,0,14,0,14,0,14,40.7,7.3,0.0,1.9,99.2,1.2,0.0,1.9,0.0,1.9,0.0,1.9,0.0,1.9,0.0,1.9
72,Puerto Rico,PR,72009,Aibonito,72009250400,"Census Tract 2504, Aibonito Municipio, Puerto Rico",1.118210851708,2963,481,1329,177,1182,172,2212,483,102,70,380,144,349,124,83,62,603,155,655,261,942,211,151,83,1742,341,2961,481,15,26,0,14,72,51,302,103,9,9,74.7,10.9,13.0,8.1,32.1,11.3,17.4,5.7,2.8,2.1,20.4,5.7,22.1,8.0,31.8,5.4,12.8,6.8,61.7,6.7,99.9,0.7,1.1,2.0,0.0,3.5,6.1,4.2,25.5,7.9,0.3,0.3,0.7887,0.4469,0.8429,0.3261,0.0835,2.4881,0.5163,0.4594,0.7801,0.9067,0.805,0.4475,3.3987,0.9252,0.546,0.546,0.546,0.454,0.0,0.9112,0.8319,0.5255,2.7226,0.8286,9.1554,0.8568,0,0,0,0,0,0,0,0,1,0,0,1,0,0,0,0,1,0,0,1,2,3756,1509,644,0,14,2961,480,0,14,0,14,0,14,0,14,0,14,51.1,8.3,0.0,1.6,99.9,0.2,0.0,1.6,0.0,1.6,0.0,1.6,0.0,1.6,0.0,1.6
72,Puerto Rico,PR,72009,Aibonito,72009250500,"Census Tract 2505, Aibonito Municipio, Puerto Rico",2.19501882765,4089,549,1831,174,1669,176,2617,521,112,74,452,130,582,177,324,170,1024,186,724,238,1223,228,136,75,2867,466,4089,546,70,39,0,14,40,42,256,102,0,14,64.0,9.4,8.5,5.7,27.1,7.2,18.6,5.0,7.9,3.8,25.0,4.9,17.7,5.3,29.9,4.9,8.1,4.4,71.7,6.6,100.0,18.9,3.8,2.1,0.0,2.6,2.4,2.5,15.3,5.6,0.0,0.3,0.5255,0.2332,0.6663,0.3684,0.6746,2.468,0.5098,0.7486,0.455,0.8677,0.5146,0.7161,3.302,0.8948,0.5536,0.5536,0.5536,0.6111,0.0,0.5309,0.577,0.0,1.719,0.3764,8.0426,0.6616,0,0,0,0,0,0,0,0,0,0,0,0,0,0,0,0,0,0,0,0,0,6667,1720,748,0,14,4064,544,0,14,0,14,0,14,0,14,25,39,42.1,5.7,0.0,1.2,99.4,1.0,0.0,1.2,0.0,1.2,0.0,1.2,0.0,1.2,0.6,1.0
72,Puerto Rico,PR,72009,Aibonito,72009250600,"Census Tract 2506, Aibonito Municipio, Puerto Rico",11.32104346076,3023,455,1493,168,1250,171,2054,393,70,56,196,97,502,178,234,145,723,182,449,200,663,164,39,45,2275,409,3023,456,0,19,0,14,41,50,107,72,0,14,67.9,8.0,7.2,5.5,15.7,7.5,22.8,7.3,7.7,4.5,23.9,6.2,14.9,6.2,21.9,5.0,3.1,3.6,77.4,7.7,100.0,1.0,0.0,1.3,0.0,3.1,3.3,4.0,8.6,5.4,0.0,0.5,0.6262,0.1735,0.1712,0.5211,0.6562,2.1482,0.346,0.6988,0.2416,0.4989,0.1083,0.8711,2.4187,0.4317,0.5536,0.5536,0.5536,0.0,0.0,0.6544,0.1952,0.0,0.8496,0.0651,5.9701,0.1996,0,0,0,0,0,0,0,0,0,0,0,0,0,0,0,0,0,0,0,0,0,2530,1404,636,0,14,3023,455,0,14,0,14,0,14,0,14,0,14,46.4,7.0,0.0,1.6,100.0,1.6,0.0,1.6,0.0,1.6,0.0,1.6,0.0,1.6,0.0,1.6
72,Puerto Rico,PR,72011,Añasco,72011810100,"Census Tract 8101, Añasco Municipio, Puerto Rico",17.09967186243,2754,451,1343,159,963,136,2104,439,141,76,165,86,906,217,190,145,748,181,374,192,914,234,33,39,2072,388,2689,456,0,19,0,14,42,46,148,74,31,42,76.4,9.9,17.0,9.4,17.1,8.6,41.2,8.7,6.9,5.0,27.2,7.1,13.6,6.6,33.2,7.1,3.4,4.0,77.4,7.4,97.6,4.3,0.0,1.4,0.0,3.5,4.4,4.7,15.4,7.5,1.1,1.5,0.8277,0.6193,0.2134,0.9556,0.5683,3.1843,0.8134,0.8321,0.169,0.9349,0.13,0.8711,2.9371,0.7462,0.1116,0.1116,0.1116,0.0,0.0,0.7822,0.5835,0.7746,2.1403,0.5803,8.3733,0.7397,0,0,0,1,0,1,0,0,1,0,0,1,0,0,0,0,0,0,0,0,2,1598,2090,539,0,14,2671,455,0,14,0,14,0,14,0,14,18,29,76.8,12.5,0.0,1.7,97.0,2.5,0.0,1.7,0.0,1.7,0.0,1.7,0.0,1.7,0.7,1.1
72,Puerto Rico,PR,72011,Añasco,72011810200,"Census Tract 8102, Añasco Municipio, Puerto Rico",7.924445865358,6765,871,3043,257,2257,267,4708,914,242,169,486,189,1290,389,256,168,1121,235,1230,330,1491,511,174,118,4241,763,6381,837,0,28,24,39,0,28,179,128,0,20,70.2,10.3,10.6,7.1,21.5,8.0,27.1,7.2,3.8,2.5,16.6,3.5,18.2,4.3,22.0,6.9,7.7,5.1,63.7,8.1,94.3,2.4,0.0,0.9,0.8,1.3,0.0,1.2,7.9,5.3,0.0,0.3,0.6782,0.3492,0.4106,0.6631,0.1746,2.2757,0.4121,0.2134,0.4951,0.5054,0.4778,0.4832,2.1749,0.3091,0.0303,0.0303,0.0303,0.0,0.8427,0.0,0.1659,0.0,1.0086,0.102,5.4895,0.1226,0,0,0,0,0,0,0,0,0,0,0,0,0,0,0,0,0,0,0,0,0,3940,3646,1205,0,20,6381,836,0,20,0,20,0,20,0,20,0,20,53.9,6.9,0.0,0.7,94.3,2.8,0.0,0.7,0.0,0.7,0.0,0.7,0.0,0.7,0.0,0.7
72,Puerto Rico,PR,72011,Añasco,72011810300,"Census Tract 8103, Añasco Municipio, Puerto Rico",0.302600878766,2256,495,962,122,787,122,1422,408,138,94,105,50,353,121,84,91,534,134,427,173,566,142,65,44,1503,311,2112,508,33,29,0,14,0,19,170,55,0,14,63.0,11.7,16.8,9.8,13.3,6.0,20.8,6.2,3.7,4.0,23.7,6.3,18.9,6.5,25.1,5.1,8.3,5.4,70.6,21.4,93.6,9.2,3.4,3.0,0.0,4.8,0.0,2.4,21.6,6.2,0.0,0.6,0.5049,0.6095,0.1029,0.454,0.1649,1.8362,0.2017,0.6858,0.5569,0.654,0.5309,0.6923,3.1199,0.8308,0.0249,0.0249,0.0249,0.5948,0.0,0.0,0.7744,0.0,1.3692,0.2126,6.3502,0.269,0,0,0,0,0,0,0,0,0,0,0,0,0,0,0,0,0,0,0,0,0,2908,1001,632,0,14,2094,507,0,14,0,14,0,14,0,14,18,28,44.4,9.7,0.0,2.1,92.8,4.3,0.0,2.1,0.0,2.1,0.0,2.1,0.0,2.1,0.8,1.2
72,Puerto Rico,PR,72011,Añasco,72011810400,"Census Tract 8104, Añasco Municipio, Puerto Rico",0.239216443936,873,249,817,111,388,78,681,258,76,57,106,61,167,73,31,36,279,74,121,116,253,86,17,29,533,144,851,226,44,34,0,14,0,19,35,34,4,3,78.0,19.5,29.0,15.4,27.3,14.7,24.2,8.8,3.6,3.6,32.0,10.4,13.9,12.7,29.0,9.5,4.4,7.4,66.1,6.7,97.5,38.0,5.4,4.1,0.0,5.6,0.0,4.9,9.0,8.5,0.5,0.3,0.8613,0.8926,0.675,0.571,0.154,3.1539,0.8069,0.9447,0.1798,0.8351,0.2059,0.5601,2.7256,0.6291,0.1051,0.1051,0.1051,0.6631,0.0,0.0,0.2267,0.6165,1.5063,0.2809,7.4909,0.538,0,0,0,0,0,0,1,0,0,0,0,1,0,0,0,0,0,0,0,0,1,1780,400,337,0,14,757,179,0,14,0,14,1,4,83,135,10,16,46.0,13.2,0.0,5.3,86.7,13.3,0.0,5.3,0.0,5.3,0.1,0.4,9.5,13.6,1.1,1.8
72,Puerto Rico,PR,72011,Añasco,72011810500,"Census Tract 8105, Añasco Municipio, Puerto Rico",4.57270444201,6720,1033,2457,246,1960,270,3425,891,122,123,249,131,1726,492,321,212,1398,338,1100,389,1843,515,87,84,4713,853,6568,1006,0,28,0,20,26,47,240,118,65,107,51.4,10.8,4.9,5.1,12.7,6.5,34.9,7.2,4.8,3.1,20.8,5.0,16.4,5.2,27.6,6.5,4.4,4.2,72.1,6.7,97.7,21.2,0.0,1.1,0.0,1.9,1.3,2.4,12.2,5.9,1.0,1.6,0.2687,0.0998,0.091,0.87,0.2972,1.6267,0.1236,0.4908,0.3434,0.7798,0.2059,0.7302,2.5501,0.513,0.1181,0.1181,0.1181,0.0,0.0,0.3326,0.3959,0.7595,1.488,0.2722,5.7829,0.1757,0,0,0,0,0,0,0,0,0,0,0,0,0,0,0,0,0,0,0,0,0,7285,3815,1313,0,20,6568,1005,0,20,0,20,0,20,0,20,0,20,57.3,8.8,0.0,0.7,97.7,1.6,0.0,0.7,0.0,0.7,0.0,0.7,0.0,0.7,0.0,0.7
72,Puerto Rico,PR,72011,Añasco,72011810600,"Census Tract 8106, Añasco Municipio, Puerto Rico",5.54005983689,4029,634,2085,167,1365,161,2222,541,72,54,269,106,776,214,144,115,406,142,1005,290,650,173,92,55,2370,463,3849,599,0,19,0,14,0,19,148,71,24,36,55.5,10.2,4.7,3.5,19.7,7.4,30.7,6.9,3.6,2.8,10.1,3.4,24.9,6.0,16.2,4.0,6.7,4.0,62.6,6.6,95.5,21.1,0.0,0.9,0.0,2.2,0.0,1.4,10.8,5.1,0.6,0.9,0.351,0.0922,0.3142,0.7736,0.154,1.685,0.1475,0.0325,0.9036,0.2072,0.3933,0.4605,1.9971,0.2158,0.0433,0.0433,0.0433,0.0,0.0,0.0,0.3254,0.6522,0.9776,0.0911,4.703,0.051,0,0,0,0,0,0,0,1,0,0,0,1,0,0,0,0,0,0,0,0,1,4023,2023,854,0,14,3819,598,0,14,0,14,0,14,0,14,30,35,50.5,8.0,0.0,1.2,94.8,2.7,0.0,1.2,0.0,1.2,0.0,1.2,0.0,1.2,0.7,0.8
72,Puerto Rico,PR,72011,Añasco,72011810700,"Census Tract 8107, Añasco Municipio, Puerto Rico",3.606186502368,3158,675,1786,189,1146,187,2003,565,86,62,126,72,920,214,177,131,991,232,456,224,980,223,71,61,2324,565,2970,629,94,60,17,27,28,33,122,65,0,14,63.4,11.7,9.4,6.3,11.0,6.0,36.5,7.5,5.6,3.8,31.4,8.6,14.4,6.4,31.0,5.8,6.2,5.2,76.5,8.4,94.0,28.3,5.3,3.3,1.0,1.5,2.4,2.9,10.6,5.8,0.0,0.4,0.5125,0.2885,0.0498,0.8927,0.4002,2.1437,0.3449,0.9372,0.2037,0.8948,0.3564,0.8516,3.2437,0.8709,0.0282,0.0282,0.0282,0.6598,0.8861,0.5309,0.3167,0.0,2.3935,0.7007,7.8091,0.6128,0,0,0,0,0,0,1,0,0,0,0,1,0,0,0,0,0,0,0,0,1,3331,2279,765,0,14,2970,629,0,14,0,14,0,14,0,14,0,14,72.2,15.4,0.0,1.5,94.0,3.8,0.0,1.5,0.0,1.5,0.0,1.5,0.0,1.5,0.0,1.5
72,Puerto Rico,PR,72013,Arecibo,72013300101,"Census Tract 3001.01, Arecibo Municipio, Puerto Rico",7.035615123034,4676,591,2004,192,1612,177,2659,642,236,104,295,121,595,220,139,79,862,247,913,239,1009,301,117,60,2476,483,4660,590,0,19,0,14,32,40,95,68,13,17,56.9,11.7,14.1,6.0,18.3,7.2,18.0,5.4,3.0,1.7,18.4,4.9,19.5,4.5,21.6,5.6,7.3,3.6,55.6,8.4,99.7,0.6,0.0,0.9,0.0,2.3,2.0,2.5,5.9,4.1,0.3,0.4,0.3792,0.4989,0.2503,0.3489,0.103,1.5803,0.1106,0.3239,0.6056,0.4729,0.4388,0.3077,2.1489,0.2993,0.4886,0.4886,0.4886,0.0,0.0,0.4778,0.0868,0.5255,1.0901,0.1247,5.3079,0.103,0,0,0,0,0,0,0,0,0,0,0,0,0,0,0,0,0,0,0,0,0,2531,833,835,0,14,4660,590,0,14,0,14,0,14,0,14,0,14,17.9,2.3,0.0,1.0,99.7,0.5,0.0,1.0,0.0,1.0,0.0,1.0,0.0,1.0,0.0,1.0
72,Puerto Rico,PR,72013,Arecibo,72013300102,"Census Tract 3001.02, Arecibo Municipio, Puerto Rico",4.312648914828,4984,718,2370,231,1992,229,3273,666,186,94,549,145,684,211,335,154,691,189,1048,284,886,199,159,83,2893,437,4944,710,0,19,0,14,32,33,146,75,153,72,65.9,9.4,10.0,4.5,27.6,6.6,19.2,5.4,6.7,3.0,13.9,4.1,21.0,4.8,17.8,3.7,8.0,4.1,59.7,2.8,99.2,20.2,0.0,0.8,0.0,2.0,1.6,1.6,7.3,3.8,3.1,1.4,0.5764,0.3265,0.6912,0.3889,0.5434,2.5264,0.5325,0.0921,0.7151,0.2701,0.5016,0.3998,1.9787,0.2093,0.3218,0.3218,0.3218,0.0,0.0,0.3922,0.1323,0.9361,1.4606,0.2603,6.2875,0.2527,0,0,0,0,0,0,0,0,0,0,0,0,0,0,0,0,0,0,1,1,1,2539,1119,977,0,14,4944,710,0,14,0,14,0,14,0,14,0,14,23.2,3.4,0.0,0.9,99.2,1.1,0.0,0.9,0.0,0.9,0.0,0.9,0.0,0.9,0.0,0.9
72,Puerto Rico,PR,72013,Arecibo,72013300200,"Census Tract 3002, Arecibo Municipio, Puerto Rico",6.956513247988,3586,562,1773,185,1243,178,2556,499,256,137,149,85,657,175,326,203,780,164,779,219,730,190,164,92,2286,407,3586,562,0,19,14,23,16,29,126,64,55,27,71.3,8.3,20.8,9.7,12.0,6.6,26.0,6.1,9.1,5.3,21.8,4.8,21.7,5.1,20.4,4.9,13.2,7.2,66.8,5.8,100.0,0.0,0.0,1.1,0.8,1.3,1.3,2.3,10.1,5.1,1.5,0.7,0.7064,0.7364,0.078,0.6327,0.7625,2.916,0.7061,0.5666,0.7551,0.3959,0.818,0.5785,3.1141,0.8286,0.5536,0.5536,0.5536,0.0,0.8427,0.3326,0.2842,0.8375,2.297,0.6584,8.8807,0.8319,0,0,0,0,0,0,0,0,0,0,0,0,0,0,0,0,0,0,0,0,0,2055,704,780,13,21,3544,560,0,14,0,14,0,14,29,46,0,14,19.9,3.2,0.4,0.6,98.8,1.4,0.0,1.3,0.0,1.3,0.0,1.3,0.8,1.3,0.0,1.3
72,Puerto Rico,PR,72013,Arecibo,72013300301,"Census Tract 3003.01, Arecibo Municipio, Puerto Rico",2.168963120282,2874,588,1306,165,969,159,1600,439,237,112,184,87,421,155,189,128,634,197,474,201,583,246,80,64,1354,339,2844,578,15,27,0,14,42,39,74,60,17,26,56.0,10.2,21.4,8.4,19.0,8.4,20.7,6.0,6.6,4.4,22.1,7.1,16.5,6.1,20.4,7.9,8.3,6.5,48.3,6.8,99.0,28.5,1.1,2.1,0.0,3.6,4.3,4.0,7.6,6.2,0.6,0.9,0.3597,0.756,0.2741,0.4507,0.5315,2.372,0.4555,0.585,0.3564,0.3959,0.5309,0.1939,2.0621,0.257,0.2774,0.2774,0.2774,0.454,0.0,0.7757,0.1497,0.6522,2.0316,0.5217,6.7431,0.3471,0,0,0,0,0,0,0,0,0,0,0,0,0,0,0,0,0,0,0,0,0,2850,480,842,0,14,2844,577,0,14,0,14,0,14,0,14,0,14,16.8,3.5,0.0,1.6,99.0,1.2,0.0,1.6,0.0,1.6,0.0,1.6,0.0,1.6,0.0,1.6
72,Puerto Rico,PR,72013,Arecibo,72013300302,"Census Tract 3003.02, Arecibo Municipio, Puerto Rico",7.245416772202,4101,757,1978,236,1576,229,2026,777,147,98,412,161,282,153,168,104,764,249,905,410,832,259,176,119,2073,598,4071,751,44,74,0,14,58,67,116,106,8,9,49.5,16.6,11.5,7.1,26.1,9.5,10.2,5.8,4.1,2.7,18.6,6.6,22.1,9.1,20.5,6.3,11.2,7.4,52.3,11.6,99.3,25.9,2.2,3.7,0.0,2.4,3.7,4.2,7.4,6.5,0.2,0.2,0.2308,0.3796,0.6262,0.1083,0.2082,1.5531,0.0998,0.3326,0.7801,0.4024,0.7172,0.2416,2.4739,0.4761,0.3402,0.3402,0.3402,0.5493,0.0,0.7064,0.1388,0.4735,1.868,0.4403,6.2352,0.243,0,0,0,0,0,0,0,0,0,0,0,0,0,0,0,0,0,0,0,0,0,10118,702,1045,0,14,4071,751,0,14,0,14,0,14,0,14,0,14,17.2,3.2,0.0,1.1,99.3,1.2,0.0,1.1,0.0,1.1,0.0,1.1,0.0,1.1,0.0,1.1
72,Puerto Rico,PR,72013,Arecibo,72013300400,"Census Tract 3004, Arecibo Municipio, Puerto Rico",0.707689058514,1450,264,919,116,657,91,978,228,97,63,110,61,364,111,64,53,413,115,215,102,247,76,23,30,963,189,1444,266,10,21,0,14,0,19,221,77,0,14,67.4,9.8,19.7,9.6,16.7,9.0,33.2,10.0,4.4,3.6,28.5,8.6,14.8,6.5,17.1,5.7,3.5,4.5,69.0,5.2,99.6,2.8,1.1,2.3,0.0,5.0,0.0,2.9,33.6,10.4,0.0,1.0,0.6089,0.7039,0.2037,0.831,0.244,2.5915,0.5683,0.8689,0.2362,0.2364,0.1398,0.6479,2.1292,0.2885,0.4594,0.4594,0.4594,0.454,0.0,0.0,0.9241,0.0,1.3781,0.2169,6.5582,0.3124,0,0,0,0,0,0,0,0,0,0,0,0,0,0,0,0,0,1,0,1,1,805,529,383,0,14,1444,264,0,14,0,14,0,14,0,14,0,14,36.5,6.7,0.0,3.2,99.6,0.6,0.0,3.2,0.0,3.2,0.0,3.2,0.0,3.2,0.0,3.2
72,Puerto Rico,PR,72013,Arecibo,72013300500,"Census Tract 3005, Arecibo Municipio, Puerto Rico",0.207303569228,661,263,735,103,284,82,480,244,80,66,88,49,103,45,42,39,176,70,146,112,64,34,15,28,333,141,661,265,13,25,0,14,0,19,129,64,42,26,76.7,22.1,36.0,23.4,31.0,14.8,21.9,8.5,6.7,5.9,26.6,13.5,22.1,14.5,10.2,7.0,5.3,9.7,54.9,13.1,100.0,4.9,1.8,3.4,0.0,6.3,0.0,6.7,45.4,16.9,6.4,3.0,0.8342,0.9479,0.8137,0.4951,0.5434,3.6343,0.9165,0.8072,0.7801,0.0542,0.2784,0.2914,2.2113,0.3243,0.5536,0.5536,0.5536,0.5287,0.0,0.0,0.9696,0.9751,2.4734,0.7354,8.8726,0.8297,0,1,0,0,0,1,0,0,0,0,0,0,0,0,0,0,0,1,1,2,3,1660,145,373,0,14,661,263,0,14,0,14,0,14,0,14,0,14,23.4,10.0,0.0,6.9,100.0,6.9,0.0,6.9,0.0,6.9,0.0,6.9,0.0,6.9,0.0,6.9
72,Puerto Rico,PR,72013,Arecibo,72013300700,"Census Tract 3007, Arecibo Municipio, Puerto Rico",0.315397457352,1190,224,845,108,569,93,876,190,150,83,146,61,233,82,42,30,313,79,172,85,299,94,52,39,494,146,1176,227,91,32,0,14,11,22,147,58,34,42,73.6,7.9,32.9,13.4,25.7,9.9,24.3,7.5,3.5,2.5,26.3,6.8,14.5,6.6,25.1,7.0,9.1,6.7,42.4,9.8,98.8,4.2,10.8,3.5,0.0,5.5,1.9,3.9,25.8,9.9,2.9,3.5,0.7627,0.923,0.6121,0.5753,0.1443,3.0174,0.757,0.7963,0.2102,0.654,0.5764,0.1246,2.3615,0.3915,0.2427,0.2427,0.2427,0.7584,0.0,0.4561,0.8362,0.9263,2.977,0.8915,8.5986,0.7831,0,1,0,0,0,1,0,0,0,0,0,0,0,0,0,0,0,0,1,1,2,1319,375,286,0,14,1176,225,0,14,0,14,0,14,0,14,0,14,32.4,6.0,0.0,3.9,98.8,1.8,0.0,3.9,0.0,3.9,0.0,3.9,0.0,3.9,0.0,3.9
72,Puerto Rico,PR,72013,Arecibo,72013300800,"Census Tract 3008, Arecibo Municipio, Puerto Rico",0.659358740664,4812,737,2598,297,1998,293,3696,620,433,161,492,173,513,215,347,225,958,251,1178,320,650,245,529,168,2623,513,4773,726,696,166,0,14,114,93,570,183,15,12,77.0,5.2,34.9,12.5,24.6,7.9,18.0,6.7,7.2,4.5,19.9,4.8,24.5,5.5,13.5,4.5,26.5,7.5,57.2,6.9,99.2,21.4,26.8,5.6,0.0,1.8,5.7,4.6,28.5,8.4,0.3,0.2,0.8429,0.9403,0.5525,0.3489,0.5965,3.2811,0.8525,0.4269,0.8927,0.1269,0.9837,0.3445,2.7747,0.6638,0.3218,0.3218,0.3218,0.896,0.0,0.8852,0.8807,0.5255,3.1874,0.9403,9.565,0.9056,0,1,0,0,0,1,0,0,0,1,0,1,0,0,0,0,0,0,0,0,2,6929,1489,1033,0,14,4737,724,5,10,0,14,0,14,0,14,31,51,31.0,4.8,0.0,1.0,98.4,1.4,0.1,0.2,0.0,1.0,0.0,1.0,0.0,1.0,0.6,1.0
72,Puerto Rico,PR,72013,Arecibo,72013301000,"Census Tract 3010, Arecibo Municipio, Puerto Rico",1.4538477759,4582,857,2333,301,1946,299,2365,710,91,74,488,194,351,178,244,157,1272,325,832,341,749,216,113,93,2399,527,4537,869,18,32,0,14,28,48,147,103,9,10,51.7,12.1,5.7,4.5,25.1,9.2,10.1,5.0,5.3,3.2,27.8,6.9,18.2,6.6,16.3,5.0,5.8,4.7,56.7,7.4,99.0,4.1,0.8,1.4,0.0,2.0,1.4,2.5,7.6,5.2,0.2,0.2,0.2719,0.1258,0.5785,0.1051,0.359,1.4403,0.0727,0.8516,0.4951,0.2115,0.325,0.3304,2.2136,0.3275,0.2774,0.2774,0.2774,0.4171,0.0,0.3597,0.1497,0.4735,1.4,0.231,5.3313,0.1063,0,0,0,0,0,0,0,0,0,0,0,0,0,0,0,0,0,0,0,0,0,9748,879,1211,0,14,4537,869,0,14,0,14,0,14,0,14,0,14,19.2,3.6,0.0,1.0,99.0,1.4,0.0,1.0,0.0,1.0,0.0,1.0,0.0,1.0,0.0,1.0
72,Puerto Rico,PR,72013,Arecibo,72013301100,"Census Tract 3011, Arecibo Municipio, Puerto Rico",2.724049610418,7409,1046,3312,305,2859,314,4388,938,352,157,629,203,1131,346,378,257,1730,329,1582,502,1125,301,222,148,3767,696,7319,1053,133,92,0,20,89,86,335,141,58,56,59.2,9.5,13.4,5.5,22.0,6.7,21.9,5.7,5.1,3.4,23.3,5.0,21.4,6.1,15.2,3.7,7.8,5.1,53.4,6.8,98.8,2.7,4.0,2.8,0.0,1.4,3.1,3.0,11.7,4.9,0.8,0.7,0.4215,0.4685,0.4312,0.4951,0.3384,2.1547,0.3492,0.6587,0.74,0.1757,0.4865,0.2568,2.3177,0.3753,0.2427,0.2427,0.2427,0.6186,0.0,0.6338,0.3709,0.7226,2.3459,0.6811,7.061,0.4241,0,0,0,0,0,0,0,0,0,0,0,0,0,0,0,0,0,0,0,0,0,12752,1691,1485,0,20,7319,1052,0,20,0,20,0,20,0,20,0,20,23.0,3.3,0.0,0.6,98.8,1.9,0.0,0.6,0.0,0.6,0.0,0.6,0.0,0.6,0.0,0.6
72,Puerto Rico,PR,72013,Arecibo,72013301200,"Census Tract 3012, Arecibo Municipio, Puerto Rico",0.753988093742,3456,525,1976,238,1510,191,2125,465,236,96,316,117,685,204,184,99,871,195,492,174,636,185,117,71,2203,384,3456,526,102,47,0,14,19,33,268,92,44,59,61.6,9.7,19.9,8.2,20.9,7.3,26.6,6.8,5.3,2.8,25.2,5.7,14.2,4.5,18.4,5.3,7.7,4.6,65.7,5.7,100.0,0.9,5.2,2.3,0.0,2.4,1.3,2.2,17.7,5.7,1.3,1.7,0.4713,0.7093,0.3716,0.6468,0.359,2.558,0.5488,0.7573,0.1961,0.2972,0.4778,0.5439,2.2723,0.3536,0.5536,0.5536,0.5536,0.6587,0.0,0.3326,0.6779,0.805,2.4742,0.7364,7.8581,0.6204,0,0,0,0,0,0,0,0,0,0,0,0,0,0,0,0,0,0,0,0,0,2704,912,729,8,13,3412,524,0,14,0,14,0,14,0,14,36,42,26.7,4.1,0.2,0.4,98.7,1.3,0.0,1.4,0.0,1.4,0.0,1.4,0.0,1.4,1.0,1.2
72,Puerto Rico,PR,72013,Arecibo,72013301300,"Census Tract 3013, Arecibo Municipio, Puerto Rico",0.429542722122,2997,517,1550,175,1409,179,2680,513,340,139,401,137,557,175,124,95,534,165,771,264,680,192,366,137,1807,384,2981,507,650,144,8,13,0,19,669,141,27,35,90.2,7.6,53.4,13.9,28.5,9.0,28.5,7.5,4.2,3.2,17.8,5.8,25.7,7.6,22.9,5.8,26.0,9.1,65.3,8.1,99.5,24.1,41.9,8.0,0.5,0.9,0.0,1.3,47.5,9.6,0.9,1.2,0.9805,0.9913,0.7237,0.7042,0.2213,3.621,0.9154,0.2882,0.9166,0.5488,0.9805,0.532,3.2661,0.8818,0.4193,0.4193,0.4193,0.9502,0.7928,0.0,0.9751,0.7389,3.457,0.9772,10.7634,0.9826,1,1,0,0,0,2,0,1,0,1,0,2,0,0,1,0,0,1,0,2,6,3789,1243,674,16,26,2965,506,0,14,0,14,0,14,0,14,0,14,41.9,7.2,0.5,0.9,98.9,1.8,0.0,1.6,0.0,1.6,0.0,1.6,0.0,1.6,0.0,1.6
72,Puerto Rico,PR,72013,Arecibo,72013301400,"Census Tract 3014, Arecibo Municipio, Puerto Rico",0.337295618384,1044,229,624,77,455,74,691,199,80,63,130,62,200,76,60,56,298,79,185,100,262,89,24,30,660,157,1044,231,0,19,0,14,6,16,88,41,0,14,66.2,12.3,22.0,13.7,28.6,12.8,25.6,8.2,5.7,5.2,28.5,7.9,17.7,8.8,25.1,7.3,5.3,6.5,67.2,6.4,100.0,2.9,0.0,3.0,0.0,7.3,1.3,3.5,19.3,9.0,0.0,1.3,0.584,0.7657,0.7281,0.6241,0.4165,3.1184,0.795,0.8689,0.455,0.654,0.2784,0.597,2.8533,0.7039,0.5536,0.5536,0.5536,0.0,0.0,0.3326,0.7299,0.0,1.0625,0.1215,7.5878,0.5618,0,0,0,0,0,0,0,0,0,0,0,0,0,0,0,0,0,0,0,0,0,1446,364,305,0,14,1044,229,0,14,0,14,0,14,0,14,0,14,34.9,7.7,0.0,4.4,100.0,4.4,0.0,4.4,0.0,4.4,0.0,4.4,0.0,4.4,0.0,4.4
72,Puerto Rico,PR,72013,Arecibo,72013301500,"Census Tract 3015, Arecibo Municipio, Puerto Rico",2.18480449924,5302,851,2480,271,2000,287,2349,695,239,166,225,111,668,273,188,134,1336,312,869,314,1025,268,52,61,3291,673,5302,852,0,28,0,20,25,45,245,134,58,37,44.5,11.1,11.7,7.3,11.3,5.3,15.7,6.1,3.6,2.6,25.2,5.7,16.4,5.3,19.4,4.6,2.6,3.0,64.7,8.2,100.0,0.8,0.0,1.1,0.0,1.9,1.3,2.2,12.3,6.6,1.1,0.7,0.1679,0.3872,0.0585,0.2676,0.154,1.0352,0.0271,0.7573,0.3434,0.3471,0.0823,0.5049,2.035,0.2397,0.5536,0.5536,0.5536,0.0,0.0,0.3326,0.4067,0.7746,1.5139,0.2852,5.1377,0.0868,0,0,0,0,0,0,0,0,0,0,0,0,0,0,0,0,0,0,0,0,0,2612,1171,1164,0,20,5301,851,1,3,0,20,0,20,0,20,0,20,22.3,3.6,0.0,0.9,100.0,0.1,0.0,0.1,0.0,0.9,0.0,0.9,0.0,0.9,0.0,0.9
72,Puerto Rico,PR,72013,Arecibo,72013301600,"Census Tract 3016, Arecibo Municipio, Puerto Rico",9.910200111722,3634,595,1812,196,1415,182,2590,558,237,122,209,104,645,193,174,109,902,227,684,254,766,258,98,76,2070,419,3634,595,0,19,0,14,12,23,144,81,99,85,71.8,10.0,20.7,9.1,14.8,7.1,24.0,6.1,4.8,2.9,24.8,6.3,18.8,6.3,21.2,5.9,6.9,5.3,58.6,6.9,100.0,0.0,0.0,1.0,0.0,2.6,0.8,1.6,10.2,5.7,2.7,2.3,0.7216,0.7332,0.1398,0.5645,0.2972,2.4563,0.5022,0.74,0.5536,0.449,0.4117,0.3727,2.527,0.5043,0.5536,0.5536,0.5536,0.0,0.0,0.2405,0.295,0.922,1.4575,0.2592,6.9944,0.4024,0,0,0,0,0,0,0,0,0,0,0,0,0,0,0,0,0,0,1,1,1,2158,905,835,0,14,3634,595,0,14,0,14,0,14,0,14,0,14,25.6,4.3,0.0,1.3,100.0,1.3,0.0,1.3,0.0,1.3,0.0,1.3,0.0,1.3,0.0,1.3
72,Puerto Rico,PR,72013,Arecibo,72013301700,"Census Tract 3017, Arecibo Municipio, Puerto Rico",6.700930712476,4305,622,1969,183,1603,192,2913,592,315,139,185,82,811,279,254,156,917,211,633,216,901,211,76,63,2708,489,4305,622,0,19,16,26,19,33,206,71,67,38,68.0,9.8,22.2,7.5,11.5,4.9,24.6,7.5,5.9,3.5,21.3,4.7,14.7,4.5,21.0,4.6,4.7,3.9,64.8,6.7,100.0,0.0,0.0,1.0,0.8,1.3,1.2,2.1,12.9,4.4,1.6,0.9,0.6295,0.7711,0.065,0.5905,0.4458,2.5019,0.5239,0.5276,0.2286,0.4371,0.2297,0.507,1.93,0.1876,0.5536,0.5536,0.5536,0.0,0.8427,0.3174,0.4371,0.8472,2.4444,0.7223,7.4299,0.5174,0,0,0,0,0,0,0,0,0,0,0,0,0,0,0,0,0,0,0,0,0,2743,1485,871,0,14,4305,622,0,14,0,14,0,14,0,14,0,14,35.0,5.1,0.0,1.1,100.0,1.1,0.0,1.1,0.0,1.1,0.0,1.1,0.0,1.1,0.0,1.1
72,Puerto Rico,PR,72013,Arecibo,72013301800,"Census Tract 3018, Arecibo Municipio, Puerto Rico",9.99676765504,1552,342,715,99,560,101,1221,296,73,57,110,55,328,103,68,59,333,110,314,133,329,116,33,34,1053,262,1528,339,0,19,10,16,6,16,29,29,16,27,79.1,7.7,15.9,11.9,19.6,9.2,31.0,8.7,4.4,3.8,21.5,7.6,20.2,7.3,21.2,7.0,5.9,6.0,73.3,8.1,98.5,2.4,0.0,2.7,1.4,2.3,1.1,2.9,5.2,5.2,1.0,1.7,0.8787,0.5662,0.3077,0.7844,0.244,2.781,0.6605,0.5385,0.6587,0.449,0.3326,0.7779,2.7567,0.6518,0.1874,0.1874,0.1874,0.0,0.9393,0.3055,0.0672,0.7595,2.0715,0.5488,7.7966,0.6085,0,0,0,0,0,0,0,0,0,0,0,0,0,0,0,1,0,0,0,1,1,1741,818,437,0,14,1517,338,0,14,11,17,0,14,0,14,0,14,53.3,11.9,0.0,3.0,97.7,2.1,0.0,3.0,0.7,1.1,0.0,3.0,0.0,3.0,0.0,3.0
72,Puerto Rico,PR,72013,Arecibo,72013301900,"Census Tract 3019, Arecibo Municipio, Puerto Rico",30.223307413978,4151,582,1993,190,1514,175,2927,573,230,109,165,86,1120,263,252,151,882,182,575,203,778,230,68,55,3317,554,4151,574,0,19,0,14,69,49,263,106,173,80,73.2,9.5,17.3,6.9,10.9,5.5,34.7,6.7,6.3,3.6,21.2,4.4,13.9,4.5,19.5,5.2,4.5,3.6,82.3,7.9,100.0,19.7,0.0,1.0,0.0,2.4,4.6,3.2,17.4,6.9,4.2,1.8,0.7573,0.628,0.0477,0.8657,0.4892,2.7879,0.6616,0.5135,0.1798,0.3557,0.2156,0.9469,2.2115,0.3254,0.5536,0.5536,0.5536,0.0,0.0,0.7952,0.6649,0.9545,2.4146,0.7061,7.9676,0.6443,0,0,0,0,0,0,0,0,0,0,1,1,0,0,0,0,0,0,1,1,2,2605,2348,739,0,14,4097,570,0,14,0,14,0,14,0,14,54,61,59.0,8.5,0.0,1.1,98.7,1.5,0.0,1.1,0.0,1.1,0.0,1.1,0.0,1.1,1.3,1.5
72,Puerto Rico,PR,72013,Arecibo,72013302000,"Census Tract 3020, Arecibo Municipio, Puerto Rico",2.533786266858,2972,495,1428,154,1068,154,1798,493,238,150,163,88,427,134,209,100,498,147,521,236,757,210,99,60,1885,358,2972,496,0,19,0,14,15,28,122,68,0,14,60.5,13.2,19.5,10.6,15.3,7.9,20.3,5.3,7.0,3.1,16.8,5.4,17.5,7.4,25.5,6.6,9.3,5.5,65.2,5.8,100.0,1.1,0.0,1.3,0.0,3.3,1.4,2.6,11.4,6.3,0.0,0.5,0.4496,0.6931,0.1549,0.4247,0.5781,2.3004,0.4262,0.2286,0.4312,0.6822,0.5915,0.5276,2.4611,0.4707,0.5536,0.5536,0.5536,0.0,0.0,0.3597,0.3579,0.0,0.7176,0.038,6.0327,0.2158,0,0,0,0,0,0,0,0,0,0,0,0,0,0,0,0,0,0,0,0,0,1416,885,702,0,14,2972,495,0,14,0,14,0,14,0,14,0,14,29.8,5.0,0.0,1.6,100.0,1.6,0.0,1.6,0.0,1.6,0.0,1.6,0.0,1.6,0.0,1.6
72,Puerto Rico,PR,72013,Arecibo,72013302100,"Census Tract 3021, Arecibo Municipio, Puerto Rico",6.081150515628,4615,882,2260,262,1795,289,3584,719,239,164,319,150,1085,298,665,395,1176,302,266,171,1376,366,57,68,3119,727,4591,876,121,85,0,14,48,60,232,127,18,28,77.7,4.7,13.0,8.6,17.8,7.8,29.3,6.7,14.4,8.0,25.5,6.7,5.8,3.5,29.8,7.6,3.2,3.8,68.4,9.2,99.5,26.9,5.4,3.7,0.0,2.1,2.7,3.3,12.9,6.8,0.4,0.6,0.8537,0.4469,0.2308,0.7302,0.9371,3.1987,0.8243,0.7768,0.0119,0.8644,0.117,0.6338,2.4039,0.4219,0.4193,0.4193,0.4193,0.6631,0.0,0.5872,0.4371,0.5688,2.2562,0.6345,8.2781,0.7213,0,0,0,0,1,1,0,0,0,0,0,0,0,0,0,0,0,0,0,0,1,2874,2051,1128,0,14,4591,876,0,14,0,14,0,14,0,14,0,14,44.6,8.6,0.0,1.0,99.5,0.9,0.0,1.0,0.0,1.0,0.0,1.0,0.0,1.0,0.0,1.0
72,Puerto Rico,PR,72013,Arecibo,72013302201,"Census Tract 3022.01, Arecibo Municipio, Puerto Rico",2.419190421054,1765,297,1041,96,726,92,1460,300,97,51,147,60,378,100,69,47,403,109,334,133,376,97,71,41,1442,244,1724,294,0,19,0,14,0,19,125,48,0,14,82.7,9.8,20.0,9.0,20.2,7.9,29.9,6.9,3.9,2.5,22.8,6.3,18.9,6.8,21.3,5.7,9.8,5.5,86.8,4.9,97.7,2.7,0.0,1.8,0.0,4.5,0.0,2.6,17.2,6.3,0.0,0.8,0.9285,0.7126,0.3348,0.7486,0.1844,2.9089,0.7007,0.6316,0.5569,0.4544,0.6327,0.9892,3.2648,0.8796,0.1181,0.1181,0.1181,0.0,0.0,0.0,0.654,0.0,0.654,0.0325,6.9458,0.3905,1,0,0,0,0,1,0,0,0,0,1,1,0,0,0,0,0,0,0,0,2,1363,942,383,0,14,1724,292,0,14,0,14,0,14,0,14,0,14,53.4,9.0,0.0,2.7,97.7,3.5,0.0,2.7,0.0,2.7,0.0,2.7,0.0,2.7,0.0,2.7
72,Puerto Rico,PR,72013,Arecibo,72013302202,"Census Tract 3022.02, Arecibo Municipio, Puerto Rico",5.622987982756,4752,592,2046,185,1673,176,2968,550,288,139,366,126,788,213,405,175,946,222,761,233,979,204,173,91,2694,448,4752,592,0,19,0,14,21,28,124,70,5,3,62.8,8.6,17.6,6.9,21.9,7.2,22.8,5.4,8.5,3.7,19.9,4.5,16.0,4.5,20.6,3.9,10.3,5.3,57.6,6.4,100.0,0.0,0.0,0.9,0.0,2.3,1.3,1.7,7.4,4.2,0.1,0.1,0.5005,0.6323,0.4269,0.5211,0.7223,2.8031,0.6659,0.4269,0.3131,0.4121,0.6663,0.3554,2.1738,0.308,0.5536,0.5536,0.5536,0.0,0.0,0.3326,0.1388,0.4334,0.9048,0.0803,6.4353,0.2842,0,0,0,0,0,0,0,0,0,0,0,0,0,0,0,0,0,0,0,0,0,6711,1452,823,0,14,4752,592,0,14,0,14,0,14,0,14,0,14,30.6,3.8,0.0,1.0,100.0,1.0,0.0,1.0,0.0,1.0,0.0,1.0,0.0,1.0,0.0,1.0
72,Puerto Rico,PR,72013,Arecibo,72013302300,"Census Tract 3023, Arecibo Municipio, Puerto Rico",14.957835496464,2812,419,1133,119,972,117,1821,337,138,83,178,75,611,152,243,103,492,133,582,168,513,122,127,50,2221,369,2812,420,0,19,0,14,48,42,121,56,193,87,69.5,7.0,16.7,9.4,18.3,7.4,32.3,6.5,9.3,3.8,17.5,4.7,20.7,5.1,19.6,4.7,13.1,4.9,84.3,6.5,100.0,1.0,0.0,1.7,0.0,4.1,4.9,4.3,12.4,5.5,6.9,2.9,0.6566,0.6009,0.2503,0.8137,0.7777,3.0992,0.7852,0.2698,0.6988,0.359,0.8169,0.9675,3.112,0.8254,0.5536,0.5536,0.5536,0.0,0.0,0.8299,0.4121,0.9762,2.2182,0.6171,8.983,0.8427,0,0,0,0,0,0,0,0,0,0,1,1,0,0,0,0,0,0,1,1,2,1637,1215,515,0,14,2812,419,0,14,0,14,0,14,0,14,0,14,46.4,7.2,0.0,1.7,100.0,1.7,0.0,1.7,0.0,1.7,0.0,1.7,0.0,1.7,0.0,1.7
72,Puerto Rico,PR,72015,Arroyo,72015280101,"Census Tract 2801.01, Arroyo Municipio, Puerto Rico",6.807608378464,2672,531,1139,133,909,133,1806,470,34,40,152,69,633,201,140,107,750,223,410,194,636,168,77,57,2106,469,2652,530,0,19,0,14,46,46,165,72,0,14,67.6,11.4,4.4,4.8,16.7,7.2,31.1,6.9,5.2,3.9,28.1,7.0,15.3,6.6,23.8,5.2,8.5,6.1,80.8,8.1,99.3,2.0,0.0,1.7,0.0,4.1,5.1,5.0,18.2,7.0,0.0,0.5,0.6143,0.0781,0.2037,0.7855,0.3503,2.0319,0.2918,0.8624,0.2698,0.5933,0.5471,0.9285,3.2011,0.8525,0.3402,0.3402,0.3402,0.0,0.0,0.8451,0.6941,0.0,1.5392,0.2993,7.1124,0.4371,0,0,0,0,0,0,0,0,0,0,1,1,0,0,0,0,0,0,0,0,1,1707,1335,705,0,14,2652,529,0,14,0,14,0,14,0,14,0,14,50.0,9.9,0.0,1.8,99.3,1.2,0.0,1.8,0.0,1.8,0.0,1.8,0.0,1.8,0.0,1.8
72,Puerto Rico,PR,72015,Arroyo,72015280102,"Census Tract 2801.02, Arroyo Municipio, Puerto Rico",2.54646045111,5997,935,2513,294,1910,291,4208,985,72,76,603,214,1178,386,234,159,1143,306,1552,415,1427,572,214,122,4761,795,5997,936,0,28,0,20,108,100,134,119,0,20,70.2,12.2,6.2,6.6,31.6,10.1,28.6,7.1,3.9,2.6,19.1,5.3,25.9,5.6,23.8,8.2,11.2,6.2,83.5,5.1,100.0,0.7,0.0,1.1,0.0,1.9,5.7,5.2,7.0,6.0,0.0,0.3,0.6782,0.1453,0.8299,0.7064,0.1844,2.5442,0.5434,0.3684,0.9231,0.5933,0.7172,0.9588,3.5608,0.962,0.5536,0.5536,0.5536,0.0,0.0,0.8852,0.1226,0.0,1.0078,0.1009,7.6664,0.5759,0,0,0,0,0,0,0,1,0,0,1,2,0,0,0,0,0,0,0,0,2,4641,2485,1251,0,20,5997,935,0,20,0,20,0,20,0,20,0,20,41.4,6.5,0.0,0.8,100.0,0.8,0.0,0.8,0.0,0.8,0.0,0.8,0.0,0.8,0.0,0.8
72,Puerto Rico,PR,72015,Arroyo,72015280201,"Census Tract 2802.01, Arroyo Municipio, Puerto Rico",1.33358279443,4709,851,2182,212,1666,206,3041,725,347,206,499,139,724,319,230,172,867,226,752,220,1039,326,197,100,2991,728,4695,850,0,19,0,14,70,53,223,108,0,14,64.6,10.0,26.4,12.4,30.0,7.5,20.9,7.5,4.9,3.4,18.4,4.5,16.0,3.7,22.1,5.1,11.8,5.8,65.4,10.6,99.7,1.1,0.0,0.9,0.0,2.2,4.2,3.1,13.4,6.2,0.0,0.3,0.5504,0.8525,0.779,0.4583,0.3156,2.9558,0.7321,0.3239,0.3131,0.5108,0.7508,0.5363,2.4349,0.4469,0.4886,0.4886,0.4886,0.0,0.0,0.7692,0.4653,0.0,1.2345,0.1735,7.1138,0.4403,0,0,0,0,0,0,0,0,0,0,0,0,0,0,0,0,0,0,0,0,0,4079,1870,1123,0,14,4695,850,0,14,0,14,0,14,0,14,0,14,39.7,7.2,0.0,1.0,99.7,0.5,0.0,1.0,0.0,1.0,0.0,1.0,0.0,1.0,0.0,1.0
72,Puerto Rico,PR,72015,Arroyo,72015280202,"Census Tract 2802.02, Arroyo Municipio, Puerto Rico",4.321192965986,4124,822,2440,292,1585,291,3111,672,99,96,653,248,342,158,90,92,674,278,951,322,1029,308,334,189,2866,672,4124,822,135,79,22,33,38,65,320,187,18,15,75.7,6.1,9.6,8.7,41.2,13.7,13.0,5.9,2.2,2.2,16.3,6.6,23.1,6.3,25.0,6.9,21.1,11.3,73.5,9.1,100.0,0.0,5.5,3.2,0.9,1.4,2.4,4.1,20.2,10.9,0.4,0.4,0.8104,0.308,0.9707,0.182,0.0466,2.3177,0.4328,0.1939,0.8375,0.6464,0.9588,0.7833,3.4199,0.9338,0.5536,0.5536,0.5536,0.6674,0.8633,0.5309,0.744,0.5688,3.3744,0.9707,9.6656,0.9132,0,0,1,0,0,1,0,0,0,1,0,1,0,0,0,0,0,0,0,0,2,5079,1674,1111,0,14,4124,822,0,14,0,14,0,14,0,14,0,14,40.8,8.2,0.0,1.1,100.0,1.1,0.0,1.1,0.0,1.1,0.0,1.1,0.0,1.1,0.0,1.1
72,Puerto Rico,PR,72017,Barceloneta,72017590100,"Census Tract 5901, Barceloneta Municipio, Puerto Rico",7.614951135382,6756,984,2736,306,2163,287,3255,805,456,260,416,174,947,261,565,313,1143,301,1148,339,1198,373,57,66,3893,680,6756,971,22,42,16,27,49,68,148,112,0,20,48.2,9.6,16.8,8.4,19.2,7.6,19.0,4.6,8.4,4.5,16.9,4.4,17.0,4.4,17.7,5.1,2.6,3.0,60.4,5.7,100.0,20.5,0.8,1.5,0.6,1.0,2.3,3.1,6.8,5.1,0.0,0.3,0.2156,0.6095,0.2828,0.3814,0.7148,2.2041,0.3774,0.2362,0.3933,0.2636,0.0823,0.4139,1.3893,0.0542,0.5536,0.5536,0.5536,0.4171,0.8048,0.5179,0.1139,0.0,1.8537,0.4328,6.0007,0.2093,0,0,0,0,0,0,0,0,0,0,0,0,0,0,0,0,0,0,0,0,0,3978,2093,1370,0,20,6705,967,0,20,0,20,0,20,0,20,51,82,31.0,4.5,0.0,0.7,99.2,1.2,0.0,0.7,0.0,0.7,0.0,0.7,0.0,0.7,0.8,1.2
72,Puerto Rico,PR,72017,Barceloneta,72017590200,"Census Tract 5902, Barceloneta Municipio, Puerto Rico",0.93385525485,4000,578,1692,166,1362,168,3344,603,280,146,323,133,758,237,174,142,1096,247,881,234,868,291,268,124,2715,516,3974,573,13,26,0,14,13,26,300,118,5,4,83.6,9.0,35.3,15.6,23.7,9.3,28.0,7.8,4.4,3.5,27.4,6.5,22.0,4.9,21.7,6.6,19.7,8.8,72.9,8.3,99.4,20.3,0.8,1.5,0.0,2.8,1.0,1.9,22.0,8.6,0.1,0.1,0.9361,0.9425,0.5103,0.6891,0.244,3.322,0.8579,0.8364,0.7736,0.4805,0.948,0.766,3.8045,0.987,0.3694,0.3694,0.3694,0.4171,0.0,0.2839,0.7809,0.4334,1.9153,0.4675,9.4112,0.8926,1,1,0,0,0,2,0,0,0,1,0,1,0,0,0,0,0,0,0,0,3,3629,1478,840,0,14,3974,572,0,14,0,14,0,14,0,14,0,14,37.0,5.4,0.0,1.2,99.4,0.7,0.0,1.2,0.0,1.2,0.0,1.2,0.0,1.2,0.0,1.2
72,Puerto Rico,PR,72017,Barceloneta,72017590300,"Census Tract 5903, Barceloneta Municipio, Puerto Rico",3.83060674546,7556,1051,3327,255,2672,257,5213,829,503,254,673,199,1565,623,358,235,1578,349,1545,364,1210,329,309,155,4977,854,7554,1053,0,28,19,33,16,32,403,167,15,21,69.1,5.4,21.4,10.6,25.2,7.0,29.3,9.4,4.7,3.2,20.9,4.3,20.4,3.9,16.0,4.4,11.6,5.7,68.8,6.9,100.0,0.9,0.0,0.8,0.6,1.0,0.6,1.2,15.1,6.0,0.2,0.3,0.6479,0.756,0.585,0.7302,0.2809,3.0,0.7495,0.4962,0.6771,0.1996,0.7421,0.6436,2.7586,0.6529,0.5536,0.5536,0.5536,0.0,0.8048,0.2189,0.5586,0.4735,2.0558,0.5412,8.368,0.7386,0,0,0,0,0,0,0,0,0,0,0,0,0,0,0,0,0,0,0,0,0,10615,3151,1434,0,20,7554,1052,0,20,0,20,0,20,0,20,0,20,41.8,5.8,0.0,0.6,100.0,0.1,0.0,0.6,0.0,0.6,0.0,0.6,0.0,0.6,0.0,0.6
72,Puerto Rico,PR,72017,Barceloneta,72017590400,"Census Tract 5904, Barceloneta Municipio, Puerto Rico",6.316377367598,5601,827,2464,229,1955,265,3657,811,280,149,358,159,1206,423,319,215,850,229,1097,365,913,307,262,153,3376,764,5539,829,0,28,0,20,45,74,23,38,0,20,65.3,10.8,12.1,6.6,18.3,7.7,30.9,8.8,5.7,3.5,15.2,4.1,19.6,5.8,16.3,5.3,13.4,7.6,61.9,10.6,98.9,2.4,0.0,1.1,0.0,1.9,2.3,3.8,1.2,1.9,0.0,0.4,0.5666,0.41,0.2503,0.779,0.4165,2.4224,0.487,0.1408,0.6186,0.2115,0.8267,0.454,2.2516,0.3471,0.2579,0.2579,0.2579,0.0,0.0,0.5179,0.0108,0.0,0.5287,0.0184,5.4606,0.1193,0,0,0,0,0,0,0,0,0,0,0,0,0,0,0,0,0,0,0,0,0,7552,1300,1180,0,20,5539,828,0,20,0,20,0,20,0,20,0,20,23.2,3.4,0.0,0.8,98.9,1.3,0.0,0.8,0.0,0.8,0.0,0.8,0.0,0.8,0.0,0.8
72,Puerto Rico,PR,72019,Barranquitas,72019952201,"Census Tract 9522.01, Barranquitas Municipio, Puerto Rico",3.852642358804,3676,647,1368,145,1148,159,2394,586,203,102,238,104,664,194,74,58,453,126,845,324,770,225,138,100,2703,480,3676,647,0,19,0,14,44,57,134,70,223,104,69.0,11.7,15.6,8.2,20.7,8.6,29.0,7.4,2.1,1.6,12.3,4.1,23.0,7.8,21.6,6.3,12.0,8.6,79.8,4.3,100.0,0.0,0.0,1.4,0.0,3.4,3.8,4.9,11.7,6.0,6.1,2.6,0.6436,0.5553,0.364,0.7183,0.0423,2.3235,0.4371,0.0563,0.8321,0.4729,0.7638,0.909,3.0341,0.7907,0.5536,0.5536,0.5536,0.0,0.0,0.7194,0.3709,0.9707,2.061,0.5445,7.9722,0.6475,0,0,0,0,0,0,0,0,0,0,1,1,0,0,0,0,0,0,1,1,2,2620,1324,862,0,14,3676,647,0,14,0,14,0,14,0,14,0,14,38.3,6.9,0.0,1.3,100.0,1.3,0.0,1.3,0.0,1.3,0.0,1.3,0.0,1.3,0.0,1.3
72,Puerto Rico,PR,72019,Barranquitas,72019952202,"Census Tract 9522.02, Barranquitas Municipio, Puerto Rico",9.114202575972,5732,791,2096,195,1713,201,4359,680,437,198,350,130,1068,296,164,96,1108,267,1331,343,1447,298,97,72,3692,537,5698,795,0,28,20,32,71,60,163,82,11,12,76.1,5.5,25.0,8.9,20.4,7.2,27.6,6.1,2.9,1.6,19.3,4.8,23.2,5.1,25.2,4.8,5.7,4.1,70.5,3.4,99.4,2.1,0.0,1.3,1.0,1.5,4.1,3.5,9.5,4.7,0.2,0.2,0.8202,0.8221,0.3424,0.6793,0.0954,2.7594,0.6497,0.3803,0.8451,0.6638,0.3131,0.6901,2.8924,0.7202,0.3694,0.3694,0.3694,0.0,0.8861,0.753,0.2505,0.4735,2.3631,0.6887,8.3843,0.7473,0,0,0,0,0,0,0,0,0,0,0,0,0,0,0,0,0,0,0,0,0,4208,2217,1072,0,20,5698,794,0,20,0,20,0,20,0,20,0,20,38.8,5.4,0.0,0.8,99.4,0.9,0.0,0.8,0.0,0.8,0.0,0.8,0.0,0.8,0.0,0.8
72,Puerto Rico,PR,72019,Barranquitas,72019952301,"Census Tract 9523.01, Barranquitas Municipio, Puerto Rico",4.683741199578,3627,692,1375,187,1143,202,2610,661,190,148,163,100,612,246,331,206,354,122,707,249,640,259,172,125,2675,553,3627,692,15,27,0,14,29,33,48,46,0,14,72.0,12.0,15.6,11.1,14.3,8.4,24.5,8.1,9.1,5.3,9.8,3.5,19.5,5.8,17.6,6.7,15.0,10.6,75.8,6.4,100.0,0.0,1.1,2.0,0.0,3.4,2.5,2.9,4.2,4.1,0.0,0.4,0.727,0.5553,0.1278,0.5861,0.7625,2.7587,0.6486,0.0303,0.6056,0.2581,0.8657,0.8364,2.5961,0.5456,0.5536,0.5536,0.5536,0.454,0.0,0.5558,0.0466,0.0,1.0564,0.1193,6.9648,0.3937,0,0,0,0,0,0,0,0,0,0,0,0,0,0,0,0,0,0,0,0,0,2233,1042,962,0,14,3627,692,0,14,0,14,0,14,0,14,0,14,28.7,5.5,0.0,1.3,100.0,1.3,0.0,1.3,0.0,1.3,0.0,1.3,0.0,1.3,0.0,1.3
72,Puerto Rico,PR,72019,Barranquitas,72019952302,"Census Tract 9523.02, Barranquitas Municipio, Puerto Rico",6.906170566514,5422,1019,1965,238,1778,249,3901,956,174,131,422,209,957,274,195,169,1062,263,1309,408,1024,282,164,101,4214,866,5422,1020,0,28,36,57,101,96,284,122,26,43,71.9,11.3,10.5,8.0,23.7,11.3,25.5,7.0,3.6,3.0,19.6,5.5,24.1,6.0,18.9,5.2,9.2,5.5,79.0,7.1,100.0,0.8,0.0,1.4,1.8,2.9,5.7,5.3,16.0,6.6,0.5,0.8,0.7237,0.3427,0.5103,0.6176,0.154,2.3483,0.4447,0.4041,0.8776,0.3156,0.5861,0.9025,3.0859,0.8145,0.5536,0.5536,0.5536,0.0,0.962,0.8852,0.6128,0.6165,3.0765,0.9154,9.0643,0.846,0,0,0,0,0,0,0,0,0,0,1,1,0,0,0,1,0,0,0,1,2,4695,2090,1350,0,20,5422,1019,0,20,0,20,0,20,0,20,0,20,38.7,7.3,0.0,0.9,100.0,0.9,0.0,0.9,0.0,0.9,0.0,0.9,0.0,0.9,0.0,0.9
72,Puerto Rico,PR,72019,Barranquitas,72019952400,"Census Tract 9524, Barranquitas Municipio, Puerto Rico",0.765727525052,2573,594,1122,144,769,136,1882,575,179,109,121,70,305,116,156,186,363,118,681,334,569,180,118,77,1833,485,2573,594,81,45,0,14,50,43,248,91,11,8,73.5,14.6,20.8,12.8,15.7,8.7,19.4,7.1,6.1,7.2,14.1,5.7,26.5,11.4,22.2,8.4,15.3,9.6,75.8,10.3,100.0,0.0,7.2,3.9,0.0,4.1,6.5,5.5,32.2,11.4,0.4,0.3,0.7606,0.7364,0.1712,0.3922,0.4642,2.5246,0.5315,0.0964,0.9372,0.5141,0.8776,0.8364,3.2617,0.8785,0.5536,0.5536,0.5536,0.7151,0.0,0.9296,0.9132,0.5688,3.1267,0.9306,9.4666,0.8959,0,0,0,0,0,0,0,1,0,0,0,1,0,0,0,0,1,1,0,2,3,5498,1035,823,0,14,2573,594,0,14,0,14,0,14,0,14,0,14,40.4,9.4,0.0,1.8,100.0,1.8,0.0,1.8,0.0,1.8,0.0,1.8,0.0,1.8,0.0,1.8
72,Puerto Rico,PR,72019,Barranquitas,72019952500,"Census Tract 9525, Barranquitas Municipio, Puerto Rico",8.930184818364,6996,1126,2876,231,2278,243,5165,949,442,235,555,196,1365,399,244,195,1145,283,1232,378,1628,371,124,114,4848,891,6996,1127,0,28,0,20,34,43,154,103,21,34,73.8,6.5,19.5,9.1,24.4,8.2,27.5,7.4,3.5,2.8,16.4,4.3,17.6,4.6,23.3,5.3,5.4,5.0,72.5,6.7,100.0,0.7,0.0,1.0,0.0,1.6,1.5,1.9,6.8,4.5,0.3,0.5,0.7714,0.6931,0.5428,0.6739,0.1443,2.8255,0.6735,0.1993,0.441,0.5672,0.286,0.7465,2.24,0.3427,0.5536,0.5536,0.5536,0.0,0.0,0.3759,0.1139,0.5255,1.0153,0.1041,6.6344,0.3297,0,0,0,0,0,0,0,0,0,0,0,0,0,0,0,0,0,0,0,0,0,7430,2614,1593,0,20,6996,1126,0,20,0,20,0,20,0,20,0,20,37.5,6.1,0.0,0.7,100.0,0.7,0.0,0.7,0.0,0.7,0.0,0.7,0.0,0.7,0.0,0.7
72,Puerto Rico,PR,72021,Bayamón,72021030101,"Census Tract 301.01, Bayamón Municipio, Puerto Rico",3.063168788548,5806,541,1124,148,970,152,948,309,211,102,277,108,1581,216,170,135,799,171,434,183,629,157,0,28,3398,363,5774,537,122,74,0,20,0,28,98,52,3546,344,40.7,10.7,22.7,9.1,28.6,10.2,33.4,3.8,7.3,5.8,13.8,2.9,7.5,3.1,27.0,6.8,0.0,2.9,60.5,3.6,99.4,13.1,10.9,6.4,0.0,4.1,0.0,2.9,10.1,5.4,61.1,1.6,0.1224,0.7787,0.7281,0.8386,0.6106,3.0784,0.7777,0.0899,0.0238,0.7549,0.0,0.4215,1.2901,0.0347,0.3694,0.3694,0.3694,0.7616,0.0,0.0,0.2842,0.9989,2.0447,0.5347,6.7826,0.359,0,0,0,0,0,0,0,0,0,0,0,0,0,0,0,0,0,0,1,1,1,36353,373,643,27,35,5725,535,0,20,0,20,0,20,17,22,5,8,16.5,3.3,0.5,0.6,98.6,1.2,0.0,0.8,0.0,0.8,0.0,0.8,0.3,0.4,0.1,0.1
72,Puerto Rico,PR,72021,Bayamón,72021030103,"Census Tract 301.03, Bayamón Municipio, Puerto Rico",0.209941418092,4618,950,2409,292,1984,314,3467,838,329,175,557,196,296,157,138,112,536,172,1417,490,1273,397,474,188,2307,710,4530,921,1579,301,0,14,15,26,594,195,277,450,78.9,11.3,20.7,9.4,28.1,8.8,10.8,5.7,3.1,2.4,11.6,4.2,30.7,8.5,29.0,7.3,23.9,8.7,54.2,12.3,98.1,28.4,65.5,9.6,0.0,1.9,0.8,1.3,29.9,8.9,6.0,9.7,0.8732,0.7332,0.7096,0.1203,0.1085,2.5448,0.5445,0.0455,0.9794,0.8351,0.9718,0.2741,3.1059,0.8243,0.1452,0.1452,0.1452,0.9729,0.0,0.2405,0.8937,0.9697,3.0768,0.9165,8.8727,0.8308,0,0,0,0,0,0,0,1,0,1,0,2,0,0,1,0,0,0,1,2,4,2247,728,1163,0,14,4530,921,0,14,0,14,0,14,0,14,0,14,16.8,3.3,0.0,1.0,98.1,1.7,0.0,1.0,0.0,1.0,0.0,1.0,0.0,1.0,0.0,1.0
72,Puerto Rico,PR,72021,Bayamón,72021030104,"Census Tract 301.04, Bayamón Municipio, Puerto Rico",0.395018639588,3833,545,1783,169,1616,176,694,255,170,67,371,121,134,74,150,110,712,189,647,206,738,164,82,57,680,186,3813,546,451,115,0,14,0,19,123,69,0,14,18.1,6.1,8.5,3.1,23.0,7.1,4.8,2.7,3.9,2.8,18.6,5.3,16.9,4.8,19.4,4.2,5.1,3.5,18.2,4.3,99.5,1.7,25.3,6.0,0.0,2.6,0.0,1.2,7.6,4.1,0.0,0.4,0.0163,0.2332,0.468,0.0336,0.1844,0.9355,0.0152,0.3326,0.3857,0.3471,0.2633,0.0206,1.3493,0.0499,0.4193,0.4193,0.4193,0.8895,0.0,0.0,0.1497,0.0,1.0392,0.1139,3.7433,0.0152,0,0,0,0,0,0,0,0,0,0,0,0,0,0,0,0,0,0,0,0,0,3710,228,775,0,14,3813,545,0,14,0,14,0,14,0,14,0,14,5.9,0.9,0.0,1.2,99.5,0.5,0.0,1.2,0.0,1.2,0.0,1.2,0.0,1.2,0.0,1.2
72,Puerto Rico,PR,72021,Bayamón,72021030105,"Census Tract 301.05, Bayamón Municipio, Puerto Rico",0.654623199634,2633,511,1140,164,960,148,999,372,99,56,282,115,313,149,219,100,555,196,534,219,651,229,72,56,1086,303,2528,451,0,19,16,26,9,19,57,49,0,14,37.9,12.1,9.3,5.0,29.4,11.1,17.0,7.1,8.5,3.6,21.1,8.6,20.3,7.3,25.1,8.7,7.5,5.7,44.0,9.1,96.0,25.3,0.0,1.7,1.4,2.3,0.9,2.0,5.9,4.9,0.0,0.5,0.0997,0.2787,0.7573,0.3174,0.7223,2.1754,0.3633,0.506,0.6685,0.654,0.4605,0.1398,2.4288,0.4414,0.0542,0.0542,0.0542,0.0,0.9393,0.2622,0.0868,0.0,1.2883,0.1866,5.9467,0.1974,0,0,0,0,0,0,0,0,0,0,0,0,0,0,0,1,0,0,0,1,1,1606,271,724,22,36,2410,434,0,14,0,14,0,14,27,44,69,108,10.3,2.0,0.8,1.3,91.5,8.1,0.0,1.8,0.0,1.8,0.0,1.8,1.0,1.6,2.6,3.9
72,Puerto Rico,PR,72021,Bayamón,72021030200,"Census Tract 302, Bayamón Municipio, Puerto Rico",0.440811881196,3112,461,1538,170,1291,151,1122,265,150,71,381,106,279,110,353,192,969,210,311,164,815,222,33,43,1354,273,3030,462,0,19,0,14,29,36,118,65,23,33,36.3,6.7,9.2,4.6,29.5,7.5,10.7,4.0,11.4,5.4,31.1,6.7,10.0,5.1,26.4,6.9,2.6,3.3,44.1,6.2,97.4,3.5,0.0,1.2,0.0,3.0,2.2,2.8,9.1,4.9,0.7,1.1,0.0845,0.2722,0.7627,0.117,0.8796,2.116,0.3297,0.9274,0.0488,0.7299,0.0823,0.1408,1.9292,0.1866,0.0997,0.0997,0.0997,0.0,0.0,0.5049,0.2332,0.6956,1.4337,0.2495,5.5786,0.1453,0,0,0,0,0,0,1,0,0,0,0,1,0,0,0,0,0,0,0,0,1,2710,433,664,0,14,3030,461,0,14,0,14,0,14,0,14,0,14,14.0,2.1,0.0,1.5,97.4,1.9,0.0,1.5,0.0,1.5,0.0,1.5,0.0,1.5,0.0,1.5
72,Puerto Rico,PR,72021,Bayamón,72021030300,"Census Tract 303, Bayamón Municipio, Puerto Rico",0.79558633712,3051,585,2059,276,1705,258,1930,540,241,185,466,184,547,236,278,218,727,178,249,168,1061,268,36,58,1407,388,3051,589,945,219,0,14,87,86,459,133,6,8,63.3,12.9,16.5,11.2,27.3,10.0,20.6,8.2,9.1,6.5,23.8,6.7,8.2,5.3,34.8,7.5,2.1,3.4,47.9,9.7,100.0,2.2,45.9,8.7,0.0,2.3,5.1,5.0,26.9,6.9,0.2,0.3,0.5103,0.5965,0.675,0.441,0.7625,2.9853,0.743,0.6923,0.026,0.9588,0.0585,0.1874,1.923,0.1811,0.5536,0.5536,0.5536,0.9534,0.0,0.8451,0.8557,0.4735,3.1277,0.9317,8.5896,0.782,0,0,0,0,0,0,0,0,1,0,0,1,0,0,1,0,0,0,0,1,2,12843,844,830,0,14,3036,588,15,22,0,14,0,14,0,14,0,14,27.7,5.3,0.0,1.5,99.5,0.7,0.5,0.7,0.0,1.5,0.0,1.5,0.0,1.5,0.0,1.5
72,Puerto Rico,PR,72021,Bayamón,72021030700,"Census Tract 307, Bayamón Municipio, Puerto Rico",0.096087660332,1545,310,811,110,615,97,1146,288,82,57,138,60,301,79,147,97,256,75,326,142,524,170,90,50,918,218,1545,315,139,63,0,14,13,24,185,64,21,17,74.2,11.2,14.3,9.5,22.4,9.1,28.4,6.8,9.5,5.7,16.6,5.9,21.1,8.2,33.9,9.0,14.6,7.8,64.1,9.2,100.0,3.6,17.1,7.4,0.0,5.7,2.1,3.9,30.1,9.5,1.4,1.1,0.779,0.513,0.4431,0.6988,0.7907,3.2246,0.8351,0.2134,0.7216,0.9447,0.8613,0.4919,3.2329,0.8655,0.5536,0.5536,0.5536,0.8277,0.0,0.4908,0.8959,0.8277,3.0421,0.91,10.0532,0.9447,0,0,0,0,0,0,0,0,1,0,0,1,0,0,0,0,0,0,0,0,1,672,293,457,13,19,1532,313,0,14,0,14,0,14,0,14,0,14,19.2,3.9,0.8,1.3,99.2,1.3,0.0,3.0,0.0,3.0,0.0,3.0,0.0,3.0,0.0,3.0
72,Puerto Rico,PR,72021,Bayamón,72021030800,"Census Tract 308, Bayamón Municipio, Puerto Rico",0.123148777308,960,203,602,80,436,75,642,194,14,23,132,59,89,46,54,44,181,57,178,77,271,102,58,43,392,123,960,205,22,28,0,14,5,16,70,37,0,14,66.9,14.4,3.5,5.5,30.3,12.5,12.9,6.3,5.6,4.3,18.9,6.5,18.5,7.0,28.2,8.0,13.3,9.6,45.0,10.7,100.0,3.0,3.7,4.6,0.0,7.6,1.1,3.7,16.1,8.3,0.0,1.5,0.5959,0.0542,0.7876,0.1788,0.4002,2.0167,0.2798,0.3586,0.5244,0.8048,0.8212,0.1506,2.6596,0.5846,0.5536,0.5536,0.5536,0.6078,0.0,0.3055,0.6204,0.0,1.5337,0.2972,6.7636,0.3525,0,0,0,0,0,0,0,0,0,0,0,0,0,0,0,0,0,0,0,0,0,374,210,285,0,14,960,203,0,14,0,14,0,14,0,14,0,14,21.9,4.6,0.0,4.8,100.0,4.8,0.0,4.8,0.0,4.8,0.0,4.8,0.0,4.8,0.0,4.8
72,Puerto Rico,PR,72021,Bayamón,72021030901,"Census Tract 309.01, Bayamón Municipio, Puerto Rico",0.238602541756,1947,303,865,81,695,83,890,271,87,52,187,67,76,43,140,94,459,101,379,124,486,126,118,56,868,193,1822,269,8,18,12,18,33,25,55,35,64,54,46.8,12.2,10.9,6.5,26.9,9.1,5.4,2.9,7.4,4.6,23.6,5.3,19.5,5.6,25.5,5.8,17.0,7.8,45.6,7.1,93.6,20.1,0.9,2.1,1.4,2.1,4.7,3.6,7.9,5.0,3.3,2.7,0.195,0.3644,0.6631,0.039,0.6236,1.8851,0.2234,0.6815,0.6056,0.6822,0.909,0.1636,3.0419,0.7928,0.0249,0.0249,0.0249,0.441,0.9393,0.805,0.1659,0.9393,3.2905,0.9566,8.2424,0.7148,0,0,0,0,0,0,0,0,0,1,0,1,0,0,0,1,0,0,1,2,3,723,116,419,8,12,1814,267,0,14,0,14,0,14,0,14,0,14,6.2,1.0,0.4,0.6,93.2,7.7,0.0,2.4,0.0,2.4,0.0,2.4,0.0,2.4,0.0,2.4
72,Puerto Rico,PR,72021,Bayamón,72021030902,"Census Tract 309.02, Bayamón Municipio, Puerto Rico",0.304292005526,2055,336,985,93,779,97,702,227,79,42,178,67,214,94,195,114,545,112,375,139,479,115,72,46,814,179,2055,337,28,33,0,14,58,46,117,52,88,74,35.3,9.8,9.3,4.3,22.8,8.1,14.2,5.8,9.8,5.5,26.5,6.0,18.2,6.1,24.1,5.1,9.2,5.8,41.2,6.3,100.0,1.3,2.8,3.3,0.0,4.7,7.4,5.8,15.0,6.5,4.3,3.5,0.0802,0.2787,0.4637,0.2167,0.8134,1.8527,0.2082,0.8007,0.4951,0.6052,0.5861,0.1116,2.5987,0.5499,0.5536,0.5536,0.5536,0.5677,0.0,0.9588,0.5553,0.9567,3.0385,0.9078,8.0435,0.6627,0,0,0,0,0,0,0,0,0,0,0,0,0,0,0,0,1,0,1,2,2,3475,122,471,0,14,2055,336,0,14,0,14,0,14,0,14,0,14,6.2,1.1,0.0,2.3,100.0,2.3,0.0,2.3,0.0,2.3,0.0,2.3,0.0,2.3,0.0,2.3
72,Puerto Rico,PR,72021,Bayamón,72021030903,"Census Tract 309.03, Bayamón Municipio, Puerto Rico",0.171522724684,1907,326,799,97,698,96,979,258,117,72,222,77,176,92,108,52,447,113,329,121,493,118,67,40,871,221,1907,327,0,19,0,14,23,29,98,46,43,65,52.4,10.6,13.6,7.1,31.8,10.1,12.6,5.9,5.8,2.6,23.4,6.3,17.3,5.6,26.4,5.8,9.6,5.6,47.7,8.8,100.0,1.3,0.0,2.4,0.0,5.8,3.3,4.1,14.0,6.5,2.3,3.4,0.2828,0.4751,0.8353,0.1668,0.4273,2.1873,0.3698,0.6706,0.4128,0.7299,0.6197,0.1863,2.6193,0.5629,0.5536,0.5536,0.5536,0.0,0.0,0.6544,0.5011,0.9025,2.058,0.5434,7.4182,0.5108,0,0,0,0,0,0,0,0,0,0,0,0,0,0,0,0,0,0,1,1,1,888,217,448,5,7,1902,326,0,14,0,14,0,14,0,14,0,14,11.6,2.0,0.3,0.4,99.7,0.4,0.0,2.5,0.0,2.5,0.0,2.5,0.0,2.5,0.0,2.5
72,Puerto Rico,PR,72021,Bayamón,72021030904,"Census Tract 309.04, Bayamón Municipio, Puerto Rico",0.198537123318,2023,311,953,106,783,113,1057,257,97,61,229,72,209,78,117,48,357,98,379,125,548,161,92,48,1111,198,2016,313,0,19,0,14,0,19,85,44,5,3,52.2,9.8,10.2,6.0,29.2,8.2,13.8,4.6,5.8,2.3,17.6,4.9,18.7,5.5,27.1,6.5,11.7,5.9,55.9,5.1,99.7,2.1,0.0,2.0,0.0,4.9,0.0,2.4,10.9,5.2,0.2,0.1,0.2806,0.3373,0.7497,0.2015,0.4273,1.9964,0.2711,0.2763,0.545,0.7592,0.7476,0.3131,2.6412,0.5748,0.4886,0.4886,0.4886,0.0,0.0,0.0,0.3297,0.4735,0.8032,0.0553,5.9294,0.1941,0,0,0,0,0,0,0,0,0,0,0,0,0,0,0,0,0,0,0,0,0,1135,199,439,0,14,2016,312,0,14,0,14,0,14,0,14,0,14,9.9,1.5,0.0,2.3,99.7,0.5,0.0,2.3,0.0,2.3,0.0,2.3,0.0,2.3,0.0,2.3
72,Puerto Rico,PR,72021,Bayamón,72021031004,"Census Tract 310.04, Bayamón Municipio, Puerto Rico",0.277625484794,2767,510,1259,140,1069,143,1444,443,240,133,259,92,246,89,296,195,594,177,665,272,721,179,118,78,1338,301,2751,513,48,47,0,14,19,34,93,59,19,20,52.5,12.9,22.1,9.3,24.2,8.0,14.0,5.0,10.7,6.8,21.5,6.8,24.0,8.8,26.1,6.3,11.0,7.1,51.0,6.7,99.4,2.8,3.8,3.7,0.0,3.7,1.8,3.2,8.7,5.3,0.7,0.7,0.2839,0.769,0.5352,0.2059,0.8449,2.6389,0.5868,0.5385,0.8743,0.7104,0.7107,0.2308,3.0647,0.8048,0.3694,0.3694,0.3694,0.6111,0.0,0.4345,0.2028,0.6956,1.944,0.4805,8.017,0.6573,0,0,0,0,0,0,0,0,0,0,0,0,0,0,0,0,0,0,0,0,0,1957,510,696,0,14,2751,512,0,14,0,14,0,14,0,14,0,14,18.6,3.4,0.0,1.7,99.4,0.9,0.0,1.7,0.0,1.7,0.0,1.7,0.0,1.7,0.0,1.7
72,Puerto Rico,PR,72021,Bayamón,72021031005,"Census Tract 310.05, Bayamón Municipio, Puerto Rico",0.288303135604,3252,587,1479,177,1257,161,2391,589,302,130,567,151,515,142,572,299,609,183,663,276,1065,271,191,98,1859,363,3229,582,208,85,0,14,78,72,411,121,47,67,74.5,12.8,24.5,8.9,45.1,10.5,23.8,5.7,17.8,7.8,18.7,5.5,20.4,7.6,33.2,6.4,15.2,7.5,60.4,5.3,99.3,25.3,14.1,5.5,0.0,3.2,6.2,5.7,32.7,9.4,1.4,2.0,0.7855,0.8113,0.9924,0.5569,0.9761,4.1222,0.9805,0.3391,0.6771,0.9349,0.8732,0.4139,3.2382,0.8677,0.3402,0.3402,0.3402,0.8017,0.0,0.9187,0.9165,0.8277,3.4646,0.9783,11.1652,0.9946,0,0,1,0,1,2,0,0,1,0,0,1,0,0,0,0,1,1,0,2,5,1753,739,806,19,30,3210,581,0,14,0,14,0,14,0,14,0,14,23.1,4.1,0.6,0.9,98.7,1.5,0.0,1.4,0.0,1.4,0.0,1.4,0.0,1.4,0.0,1.4
72,Puerto Rico,PR,72021,Bayamón,72021031011,"Census Tract 310.11, Bayamón Municipio, Puerto Rico",0.435230776786,3708,519,1574,162,1448,165,927,367,27,25,265,102,181,89,108,72,1015,176,485,151,1081,294,48,47,1092,210,3698,522,22,37,21,33,0,19,18,20,0,14,25.0,9.3,1.7,1.6,18.3,6.7,6.3,3.0,2.9,1.8,27.4,4.6,13.1,3.6,29.2,6.1,3.3,3.2,29.7,3.9,99.7,1.9,1.4,2.3,1.3,2.0,0.0,1.3,1.2,1.4,0.0,0.4,0.0325,0.0217,0.2503,0.0531,0.0954,0.453,0.0011,0.8364,0.1463,0.8438,0.1257,0.0553,2.0075,0.2223,0.4886,0.4886,0.4886,0.4919,0.9306,0.0,0.0108,0.0,1.4333,0.2473,4.3824,0.0304,0,0,0,0,0,0,0,0,0,0,0,0,0,0,0,1,0,0,0,1,1,2037,248,727,0,14,3688,521,10,16,0,14,0,14,0,14,0,14,6.7,1.0,0.0,1.3,99.5,0.6,0.3,0.4,0.0,1.3,0.0,1.3,0.0,1.3,0.0,1.3
72,Puerto Rico,PR,72021,Bayamón,72021031021,"Census Tract 310.21, Bayamón Municipio, Puerto Rico",0.894821114854,3263,553,1465,192,1287,178,1578,469,96,62,311,103,615,248,224,112,1053,201,501,210,1044,243,68,59,1427,300,3260,554,0,19,0,14,9,19,135,67,37,28,48.8,11.8,7.5,5.0,24.2,7.3,23.5,7.4,6.9,3.4,32.3,6.4,15.4,5.9,32.3,5.6,5.3,4.5,45.7,6.0,99.9,1.3,0.0,1.3,0.0,3.2,0.7,1.5,10.5,5.0,1.1,0.8,0.2221,0.1898,0.5352,0.546,0.5683,2.0614,0.308,0.948,0.2795,0.9154,0.2784,0.1658,2.5871,0.5358,0.546,0.546,0.546,0.0,0.0,0.2264,0.3059,0.7746,1.3069,0.1963,6.5014,0.2972,0,0,0,0,0,0,1,0,1,0,0,2,0,0,0,0,0,0,0,0,2,7150,514,799,0,14,3259,554,0,14,0,14,0,14,0,14,1,2,15.9,2.7,0.0,1.4,99.9,0.2,0.0,1.4,0.0,1.4,0.0,1.4,0.0,1.4,0.0,0.1
72,Puerto Rico,PR,72021,Bayamón,72021031023,"Census Tract 310.23, Bayamón Municipio, Puerto Rico",0.3730324473,2913,424,1366,151,1185,147,1314,351,98,63,331,122,236,100,369,132,696,174,568,223,751,231,79,63,1225,311,2913,425,66,44,0,14,10,20,114,62,0,14,45.1,10.1,7.8,4.9,27.9,9.7,10.9,4.1,12.7,4.2,23.9,6.1,19.5,7.1,25.8,7.2,6.7,5.3,43.3,9.0,100.0,1.0,4.8,3.2,0.0,3.4,0.8,1.7,9.6,5.2,0.0,0.5,0.1733,0.2082,0.6999,0.1224,0.9154,2.1192,0.3319,0.6988,0.6056,0.7007,0.3933,0.1322,2.5306,0.5076,0.5536,0.5536,0.5536,0.649,0.0,0.2405,0.2581,0.0,1.1476,0.1432,6.351,0.2701,0,0,0,0,1,1,0,0,0,0,0,0,0,0,0,0,0,0,0,0,1,1419,338,591,0,14,2913,424,0,14,0,14,0,14,0,14,0,14,11.6,1.7,0.0,1.6,100.0,1.6,0.0,1.6,0.0,1.6,0.0,1.6,0.0,1.6,0.0,1.6
72,Puerto Rico,PR,72021,Bayamón,72021031031,"Census Tract 310.31, Bayamón Municipio, Puerto Rico",0.554312355626,4100,579,1838,178,1601,189,1910,434,266,120,458,123,249,114,370,179,765,179,705,251,1332,302,202,96,1691,352,4090,581,113,78,0,14,19,33,189,96,25,13,47.0,8.3,14.7,6.0,28.6,6.9,8.9,3.7,9.1,4.1,18.7,4.3,17.2,5.6,32.6,5.6,12.6,5.8,42.3,6.4,99.8,1.5,6.1,4.2,0.0,2.5,1.2,2.1,11.8,5.7,0.6,0.3,0.2004,0.5282,0.7281,0.0856,0.7625,2.3048,0.4284,0.3391,0.4052,0.9208,0.7909,0.1224,2.5784,0.5315,0.5255,0.5255,0.5255,0.6891,0.0,0.3174,0.3774,0.6522,2.0361,0.5271,7.4448,0.5217,0,0,0,0,0,0,0,0,1,0,0,1,0,0,0,0,0,0,0,0,1,4324,522,822,0,14,4090,580,0,14,0,14,0,14,0,14,0,14,12.8,1.8,0.0,1.1,99.8,0.4,0.0,1.1,0.0,1.1,0.0,1.1,0.0,1.1,0.0,1.1
72,Puerto Rico,PR,72021,Bayamón,72021031032,"Census Tract 310.32, Bayamón Municipio, Puerto Rico",0.708979411398,1994,258,901,92,765,85,583,162,87,58,165,60,216,103,143,75,406,119,360,126,436,105,71,42,825,158,1988,265,11,12,0,14,28,26,51,26,21,16,29.5,7.3,10.5,6.3,21.6,7.5,14.5,6.2,7.3,3.7,20.4,5.9,18.1,5.9,22.2,5.2,9.3,5.4,42.5,6.0,99.7,3.2,1.2,1.3,0.0,5.1,3.7,3.4,6.7,3.3,1.1,0.8,0.0553,0.3427,0.415,0.2254,0.6106,1.649,0.1367,0.4594,0.4865,0.5141,0.5915,0.1268,2.1783,0.3134,0.4886,0.4886,0.4886,0.4713,0.0,0.7064,0.1106,0.7746,2.0629,0.5456,6.3788,0.2733,0,0,0,0,0,0,0,0,0,0,0,0,0,0,0,0,0,0,0,0,0,3311,217,348,23,35,1929,255,36,57,0,14,0,14,0,14,0,14,11.0,1.4,1.2,1.8,96.7,3.3,1.8,2.8,0.0,2.4,0.0,2.4,0.0,2.4,0.0,2.4
72,Puerto Rico,PR,72021,Bayamón,72021031033,"Census Tract 310.33, Bayamón Municipio, Puerto Rico",0.584860359764,3626,566,1636,177,1337,161,1732,485,231,136,254,98,405,132,221,81,735,156,842,263,1037,220,150,68,1572,309,3626,563,96,66,0,14,26,43,166,79,27,51,48.1,11.2,14.7,7.7,19.0,7.0,16.0,4.9,6.1,2.2,20.3,4.9,23.2,6.3,28.8,5.8,11.2,4.9,45.4,5.7,100.0,22.0,5.9,4.0,0.0,2.9,1.9,3.2,12.4,5.5,0.7,1.4,0.2145,0.5282,0.2741,0.2839,0.4642,1.7649,0.1768,0.454,0.8451,0.8275,0.7172,0.1603,3.0041,0.7766,0.5536,0.5536,0.5536,0.6793,0.0,0.4561,0.4121,0.6956,2.2431,0.6258,7.5657,0.5564,0,0,0,0,0,0,0,0,0,0,0,0,0,0,0,0,0,0,0,0,0,3678,351,797,0,14,3604,562,22,23,0,14,0,14,0,14,0,14,9.8,1.6,0.0,1.3,99.4,0.6,0.6,0.6,0.0,1.3,0.0,1.3,0.0,1.3,0.0,1.3
72,Puerto Rico,PR,72021,Bayamón,72021031034,"Census Tract 310.34, Bayamón Municipio, Puerto Rico",0.333911048252,3338,692,1501,213,1251,210,1817,617,154,121,291,135,494,181,306,161,734,273,378,213,1007,348,108,97,1906,534,3338,692,104,63,0,14,67,85,65,64,0,14,54.4,14.6,8.6,6.5,23.3,10.1,20.5,6.8,9.2,4.9,22.0,8.7,11.3,5.9,30.2,9.6,8.6,7.6,57.1,10.8,100.0,0.0,6.9,4.1,0.0,3.1,5.4,6.7,5.2,5.2,0.0,0.4,0.325,0.243,0.4865,0.4334,0.7711,2.259,0.4056,0.5785,0.0878,0.8742,0.5525,0.3402,2.4332,0.4458,0.5536,0.5536,0.5536,0.7075,0.0,0.8646,0.0672,0.0,1.6393,0.3406,6.8851,0.3807,0,0,0,0,0,0,0,0,0,0,0,0,0,0,0,0,0,0,0,0,0,1287,422,999,0,14,3338,692,0,14,0,14,0,14,0,14,0,14,12.6,2.6,0.0,1.4,100.0,1.4,0.0,1.4,0.0,1.4,0.0,1.4,0.0,1.4,0.0,1.4
72,Puerto Rico,PR,72021,Bayamón,72021031035,"Census Tract 310.35, Bayamón Municipio, Puerto Rico",0.45062929675,3816,951,1704,287,1267,280,1933,747,95,78,509,207,191,121,212,159,544,221,1104,406,714,270,194,126,1825,694,3799,952,74,69,0,14,51,82,55,67,60,69,51.5,15.0,5.5,4.7,40.2,13.7,8.0,4.6,5.6,3.6,14.3,6.1,28.9,7.8,19.0,7.2,15.3,9.4,49.5,14.3,99.6,2.5,4.3,4.0,0.0,2.7,4.0,6.4,4.3,5.3,1.6,1.8,0.2709,0.115,0.9523,0.0683,0.4002,1.8067,0.1909,0.1051,0.9653,0.32,0.8776,0.2059,2.4739,0.4761,0.4594,0.4594,0.4594,0.6284,0.0,0.74,0.0499,0.8472,2.2655,0.6377,7.0055,0.4056,0,0,1,0,0,1,0,1,0,0,0,1,0,0,0,0,0,0,0,0,2,2527,327,1354,0,14,3799,952,0,14,0,14,0,14,0,14,0,14,8.7,2.2,0.0,1.2,99.6,0.7,0.0,1.2,0.0,1.2,0.0,1.2,0.0,1.2,0.0,1.2
72,Puerto Rico,PR,72021,Bayamón,72021031101,"Census Tract 311.01, Bayamón Municipio, Puerto Rico",0.395120184414,2757,451,1224,123,1089,119,1382,423,93,72,236,91,424,127,178,155,824,197,390,159,828,203,10,20,1364,322,2718,454,10,20,27,44,28,36,159,76,15,36,50.1,13.0,9.5,7.3,21.7,8.0,20.5,5.5,6.5,5.5,29.9,7.1,14.1,5.3,30.0,7.7,0.9,1.8,50.8,8.6,98.6,3.3,0.8,1.6,2.2,3.5,2.6,3.3,14.6,6.9,0.5,1.3,0.2394,0.3026,0.4193,0.4334,0.5184,1.9131,0.2354,0.8971,0.1907,0.8698,0.0293,0.2264,2.2133,0.3265,0.2048,0.2048,0.2048,0.4171,0.9826,0.5666,0.5293,0.6165,3.1121,0.923,7.4433,0.5206,0,0,0,0,0,0,0,0,0,0,0,0,0,0,0,1,0,0,0,1,1,1156,597,673,0,14,2718,453,0,14,0,14,0,14,0,14,0,14,21.8,3.6,0.0,1.7,98.6,1.4,0.0,1.7,0.0,1.7,0.0,1.7,0.0,1.7,0.0,1.7
72,Puerto Rico,PR,72021,Bayamón,72021031113,"Census Tract 311.13, Bayamón Municipio, Puerto Rico",0.347993346498,3236,616,1532,178,1289,184,1498,460,60,67,336,124,510,169,188,91,995,236,408,191,738,203,59,57,1804,413,3236,610,55,40,0,14,22,37,122,63,43,27,46.9,11.2,4.5,4.7,26.1,8.9,19.7,5.1,5.9,2.8,30.7,7.0,12.6,5.4,23.1,5.7,4.6,4.4,57.3,7.5,100.0,26.8,3.6,2.6,0.0,3.0,1.7,2.9,9.5,5.0,1.3,0.8,0.1993,0.0835,0.6262,0.403,0.4458,1.7578,0.1725,0.9198,0.1278,0.5564,0.2232,0.3456,2.1728,0.3069,0.5536,0.5536,0.5536,0.6056,0.0,0.4139,0.2505,0.805,2.075,0.5521,6.5592,0.3134,0,0,0,0,0,0,1,0,0,0,0,1,0,0,0,0,0,0,0,0,1,1502,523,866,27,33,3209,609,0,14,0,14,0,14,0,14,0,14,16.4,3.2,0.8,1.0,99.2,1.0,0.0,1.5,0.0,1.5,0.0,1.5,0.0,1.5,0.0,1.5
72,Puerto Rico,PR,72021,Bayamón,72021031114,"Census Tract 311.14, Bayamón Municipio, Puerto Rico",0.238897909786,2793,569,1290,150,1071,154,1883,523,198,149,301,117,448,126,186,107,371,121,641,238,666,160,260,108,1619,372,2793,570,161,78,0,14,17,31,359,116,0,14,67.9,12.8,21.9,14.2,28.1,10.1,25.0,6.8,6.7,3.2,13.3,5.2,23.0,7.1,23.8,6.3,24.3,9.5,60.5,6.4,100.0,1.2,12.5,5.9,0.0,3.6,1.6,2.9,33.5,9.6,0.0,0.5,0.6262,0.7625,0.7096,0.6024,0.5434,3.2441,0.8427,0.0802,0.8321,0.5933,0.974,0.4215,2.9011,0.7245,0.5536,0.5536,0.5536,0.7876,0.0,0.3922,0.923,0.0,2.1028,0.5629,8.8016,0.8167,0,0,0,0,0,0,0,0,0,1,0,1,0,0,0,0,0,1,0,1,2,965,657,782,0,14,2793,569,0,14,0,14,0,14,0,14,0,14,23.5,4.8,0.0,1.7,100.0,1.7,0.0,1.7,0.0,1.7,0.0,1.7,0.0,1.7,0.0,1.7
72,Puerto Rico,PR,72021,Bayamón,72021031121,"Census Tract 311.21, Bayamón Municipio, Puerto Rico",0.444162474352,2792,519,1396,186,1144,185,1497,460,70,58,336,122,268,123,165,110,522,162,611,242,661,199,193,115,1590,404,2769,520,0,19,0,14,0,19,75,51,5,3,53.7,13.1,5.8,4.8,29.4,9.5,13.8,5.9,5.9,3.7,18.7,6.0,21.9,7.7,23.7,6.4,16.9,9.7,60.6,10.7,99.2,2.6,0.0,1.4,0.0,3.3,0.0,1.7,6.6,4.3,0.2,0.1,0.3055,0.128,0.7573,0.2015,0.4458,1.8381,0.2039,0.3391,0.7703,0.59,0.9068,0.4247,3.0309,0.7885,0.3218,0.3218,0.3218,0.0,0.0,0.0,0.1085,0.4735,0.582,0.0217,5.7728,0.1746,0,0,0,0,0,0,0,0,0,1,0,1,0,0,0,0,0,0,0,0,1,1303,372,726,21,33,2726,518,0,14,0,14,0,14,22,35,0,14,13.3,2.5,0.8,1.2,97.6,1.9,0.0,1.7,0.0,1.7,0.0,1.7,0.8,1.2,0.0,1.7
72,Puerto Rico,PR,72021,Bayamón,72021031122,"Census Tract 311.22, Bayamón Municipio, Puerto Rico",0.285695016594,3037,476,1354,167,1164,157,1264,385,168,100,281,111,517,168,234,120,962,201,260,136,737,229,47,45,1594,348,3010,473,18,33,8,13,11,22,86,58,6,9,41.6,10.9,14.0,7.6,24.1,9.0,21.6,6.6,7.7,3.6,31.7,6.8,8.6,4.3,24.3,6.4,4.0,3.8,52.5,8.0,99.1,1.1,1.3,2.4,0.6,1.0,0.9,1.9,7.4,4.9,0.2,0.3,0.1289,0.4924,0.532,0.4854,0.6562,2.2949,0.4241,0.9393,0.0271,0.6171,0.1733,0.2427,1.9995,0.2169,0.2914,0.2914,0.2914,0.4832,0.8048,0.2622,0.1388,0.4735,2.1625,0.5933,6.7483,0.3503,0,0,0,0,0,0,1,0,0,0,0,1,0,0,0,0,0,0,0,0,1,3689,525,688,0,14,3010,472,0,14,0,14,0,14,0,14,0,14,17.3,2.7,0.0,1.5,99.1,1.4,0.0,1.5,0.0,1.5,0.0,1.5,0.0,1.5,0.0,1.5
72,Puerto Rico,PR,72021,Bayamón,72021031123,"Census Tract 311.23, Bayamón Municipio, Puerto Rico",0.322841890014,1962,405,1097,158,778,152,994,316,137,81,213,95,493,143,109,67,672,201,286,113,691,209,52,47,1331,315,1962,406,0,19,0,14,7,18,139,81,70,70,52.5,12.7,19.4,9.9,27.4,11.0,31.9,7.2,5.8,3.5,34.3,8.9,14.6,4.9,36.5,8.4,6.7,5.9,70.6,7.8,100.0,1.5,0.0,1.7,0.0,4.2,0.9,2.3,17.9,8.9,3.6,3.5,0.2839,0.6887,0.6804,0.8028,0.4273,2.8831,0.692,0.9729,0.2189,0.9729,0.3933,0.6923,3.2503,0.8774,0.5536,0.5536,0.5536,0.0,0.0,0.2622,0.6866,0.9458,1.8946,0.4544,8.5816,0.7809,0,0,0,0,0,0,1,0,1,0,0,2,0,0,0,0,0,0,1,1,3,1283,640,495,0,14,1962,405,0,14,0,14,0,14,0,14,0,14,33.8,7.0,0.0,2.4,100.0,2.4,0.0,2.4,0.0,2.4,0.0,2.4,0.0,2.4,0.0,2.4
72,Puerto Rico,PR,72021,Bayamón,72021031124,"Census Tract 311.24, Bayamón Municipio, Puerto Rico",0.245076700092,1733,353,675,103,618,95,974,314,69,46,144,65,188,76,168,90,343,104,463,198,464,133,127,70,1033,255,1733,351,178,59,0,14,16,21,136,59,7,14,56.4,14.1,10.5,5.4,23.3,9.9,16.3,6.2,9.7,5.1,19.8,6.5,26.7,10.0,26.9,6.8,20.6,10.9,62.1,8.7,100.0,28.7,26.4,7.8,0.0,6.8,2.6,3.4,22.0,8.8,0.4,0.8,0.364,0.3427,0.4865,0.2936,0.8037,2.2905,0.4208,0.4193,0.9415,0.7484,0.9534,0.4572,3.5198,0.9555,0.5536,0.5536,0.5536,0.8938,0.0,0.5666,0.7809,0.5688,2.8101,0.8492,9.174,0.8601,0,0,0,0,0,0,0,1,0,1,0,2,0,0,0,0,0,0,0,0,2,829,186,499,0,14,1721,350,12,18,0,14,0,14,0,14,0,14,10.8,2.2,0.0,2.7,99.3,1.1,0.7,1.1,0.0,2.7,0.0,2.7,0.0,2.7,0.0,2.7
72,Puerto Rico,PR,72021,Bayamón,72021031125,"Census Tract 311.25, Bayamón Municipio, Puerto Rico",0.361587997918,2342,405,1236,149,907,146,1169,344,215,149,346,121,170,75,123,92,285,104,575,196,539,161,213,105,1046,274,2321,401,249,85,0,14,0,19,168,91,5,3,50.0,11.9,18.8,10.2,38.1,11.8,11.6,4.8,5.3,3.8,12.2,4.8,24.6,7.2,23.1,6.2,23.5,10.9,48.6,9.3,99.1,24.2,20.1,6.4,0.0,3.8,0.0,2.1,18.5,9.1,0.2,0.1,0.2373,0.6703,0.9307,0.1387,0.359,2.336,0.4403,0.0531,0.8949,0.5564,0.9707,0.1993,2.6744,0.5922,0.2914,0.2914,0.2914,0.8527,0.0,0.0,0.7061,0.4735,2.0323,0.5228,7.3341,0.4859,0,0,1,0,0,1,0,0,0,1,0,1,0,0,0,0,0,0,0,0,2,1325,299,577,0,14,2321,400,0,14,0,14,0,14,0,14,0,14,12.8,2.2,0.0,2.0,99.1,1.4,0.0,2.0,0.0,2.0,0.0,2.0,0.0,2.0,0.0,2.0
72,Puerto Rico,PR,72021,Bayamón,72021031201,"Census Tract 312.01, Bayamón Municipio, Puerto Rico",0.14729405198,2429,425,1127,157,933,150,1697,376,59,51,275,112,321,132,242,133,384,111,719,232,492,182,245,99,1544,351,2420,426,181,85,0,14,9,19,283,110,0,14,69.9,9.5,7.7,6.6,29.5,11.0,22.3,9.5,10.0,5.5,15.8,5.3,29.6,8.0,20.3,6.6,26.3,9.7,69.7,11.3,99.6,2.0,16.1,7.2,0.0,4.1,1.0,2.0,30.3,10.8,0.0,0.6,0.6706,0.205,0.7627,0.506,0.8254,2.9697,0.7386,0.169,0.9707,0.3905,0.9827,0.6717,3.1846,0.8492,0.4594,0.4594,0.4594,0.8212,0.0,0.2839,0.898,0.0,2.0031,0.5108,8.6168,0.7874,0,0,0,0,0,0,0,1,0,1,0,2,0,0,0,0,0,0,0,0,2,1911,307,635,0,14,2420,425,0,14,0,14,0,14,0,14,0,14,12.6,2.2,0.0,1.9,99.6,0.6,0.0,1.9,0.0,1.9,0.0,1.9,0.0,1.9,0.0,1.9
72,Puerto Rico,PR,72021,Bayamón,72021031202,"Census Tract 312.02, Bayamón Municipio, Puerto Rico",0.159912637544,1972,345,803,95,661,90,1046,310,112,60,126,53,289,89,173,107,376,99,351,154,684,160,36,35,1080,245,1972,346,0,19,0,14,40,34,70,37,0,14,53.3,12.8,12.8,6.4,19.1,7.6,21.3,5.1,8.8,5.2,19.1,5.8,17.8,7.2,34.7,6.4,5.4,5.2,56.9,8.6,100.0,1.3,0.0,2.4,0.0,5.7,6.1,5.1,10.6,5.6,0.0,0.7,0.299,0.4382,0.2795,0.4735,0.7419,2.2321,0.3948,0.3684,0.4626,0.9566,0.286,0.3359,2.4095,0.4273,0.5536,0.5536,0.5536,0.0,0.0,0.9112,0.3167,0.0,1.2279,0.1703,6.4231,0.2809,0,0,0,0,0,0,0,0,1,0,0,1,0,0,0,0,1,0,0,1,2,1055,299,495,0,14,1972,345,0,14,0,14,0,14,0,14,0,14,15.2,2.7,0.0,2.4,100.0,2.4,0.0,2.4,0.0,2.4,0.0,2.4,0.0,2.4,0.0,2.4
72,Puerto Rico,PR,72021,Bayamón,72021031203,"Census Tract 312.03, Bayamón Municipio, Puerto Rico",0.14939251635,1800,296,884,93,692,90,965,235,110,69,110,49,166,61,188,81,399,107,241,119,449,130,51,43,829,171,1800,297,7,17,0,14,9,19,85,45,30,58,54.5,9.8,13.1,7.8,15.9,6.8,12.0,3.8,10.6,4.2,22.2,6.2,13.4,6.2,25.4,7.0,7.4,6.1,47.1,6.2,100.0,1.4,0.8,1.9,0.0,5.2,1.3,2.7,12.3,6.4,1.7,3.2,0.3294,0.4544,0.1831,0.1484,0.8427,1.958,0.2462,0.5915,0.1571,0.6735,0.4475,0.1766,2.0462,0.2495,0.5536,0.5536,0.5536,0.4171,0.0,0.3326,0.4067,0.8613,2.0177,0.5174,6.5755,0.3178,0,0,0,0,0,0,0,0,0,0,0,0,0,0,0,0,0,0,0,0,0,582,160,418,0,14,1800,296,0,14,0,14,0,14,0,14,0,14,9.0,1.5,0.0,2.6,100.0,2.6,0.0,2.6,0.0,2.6,0.0,2.6,0.0,2.6,0.0,2.6
72,Puerto Rico,PR,72021,Bayamón,72021031301,"Census Tract 313.01, Bayamón Municipio, Puerto Rico",1.048173879418,4548,779,2324,268,1865,262,1653,557,262,170,621,232,616,284,420,219,953,304,720,307,1283,306,124,93,2210,569,4548,779,41,68,0,14,0,19,95,89,68,59,36.4,10.6,12.9,8.2,33.3,11.5,18.6,7.6,9.3,4.6,21.0,6.6,15.8,6.2,28.3,6.6,6.6,4.9,50.9,9.9,100.0,0.0,1.8,2.9,0.0,2.0,0.0,1.0,5.1,4.6,1.5,1.3,0.0867,0.4414,0.8635,0.3684,0.7777,2.5377,0.5369,0.5049,0.2979,0.8091,0.3824,0.2275,2.2218,0.333,0.5536,0.5536,0.5536,0.5287,0.0,0.0,0.064,0.8375,1.4302,0.243,6.7433,0.3482,0,0,0,0,0,0,0,0,0,0,0,0,0,0,0,0,0,0,0,0,0,2964,1281,1040,0,14,4548,779,0,14,0,14,0,14,0,14,0,14,28.6,4.9,0.0,1.0,100.0,1.0,0.0,1.0,0.0,1.0,0.0,1.0,0.0,1.0,0.0,1.0
72,Puerto Rico,PR,72021,Bayamón,72021031304,"Census Tract 313.04, Bayamón Municipio, Puerto Rico",0.990953176916,1735,288,830,92,676,86,718,252,63,47,124,59,305,121,163,81,436,117,178,73,597,184,0,19,1007,229,1735,290,0,19,0,14,33,33,65,42,40,45,42.0,12.9,8.6,6.1,18.3,8.4,23.1,7.5,9.5,4.7,25.1,6.2,10.3,3.8,34.9,8.2,0.0,2.8,58.7,9.4,100.0,2.0,0.0,2.3,0.0,5.6,4.9,4.8,9.6,6.2,2.3,2.6,0.1322,0.243,0.2503,0.5298,0.7907,1.946,0.244,0.753,0.0553,0.9599,0.0,0.3759,2.1441,0.2928,0.5536,0.5536,0.5536,0.0,0.0,0.8299,0.2581,0.9025,1.9905,0.5011,6.6342,0.3286,0,0,0,0,0,0,0,0,1,0,0,1,0,0,0,0,0,0,1,1,2,829,325,410,0,14,1735,288,0,14,0,14,0,14,0,14,0,14,19.2,3.3,0.0,2.7,100.0,2.7,0.0,2.7,0.0,2.7,0.0,2.7,0.0,2.7,0.0,2.7
72,Puerto Rico,PR,72021,Bayamón,72021031305,"Census Tract 313.05, Bayamón Municipio, Puerto Rico",0.354035070594,3945,537,1931,187,1649,168,1976,409,170,78,386,121,310,102,286,139,681,181,700,204,880,229,225,107,2129,372,3945,521,20,35,0,14,0,19,128,66,0,14,50.1,7.8,9.0,4.0,23.4,6.9,11.5,3.7,7.2,3.4,17.3,4.7,17.7,4.6,22.3,5.3,13.6,6.3,56.1,6.2,100.0,19.0,1.0,1.8,0.0,2.4,0.0,1.2,7.8,3.8,0.0,0.4,0.2394,0.2614,0.4951,0.1365,0.5965,1.7289,0.1605,0.2611,0.455,0.5195,0.8342,0.3196,2.3894,0.41,0.5536,0.5536,0.5536,0.4464,0.0,0.0,0.1605,0.0,0.6069,0.0239,5.2788,0.0987,0,0,0,0,0,0,0,0,0,0,0,0,0,0,0,0,0,0,0,0,0,1931,516,777,18,29,3885,516,0,14,0,14,0,14,42,66,0,14,13.1,1.8,0.5,0.7,98.5,1.8,0.0,1.2,0.0,1.2,0.0,1.2,1.1,1.6,0.0,1.2
72,Puerto Rico,PR,72021,Bayamón,72021031306,"Census Tract 313.06, Bayamón Municipio, Puerto Rico",0.733677970236,3134,530,1448,188,1166,182,1405,444,109,63,473,141,384,157,240,100,729,183,514,228,791,252,93,88,1534,363,3124,531,220,91,0,14,17,32,103,60,146,57,44.8,12.0,8.1,4.4,40.6,10.3,15.9,5.5,7.7,3.1,23.3,5.9,16.4,6.7,25.2,7.1,8.0,7.4,50.3,8.5,99.7,1.7,15.2,6.0,0.0,3.2,1.5,2.7,8.8,4.9,4.7,1.6,0.169,0.2169,0.9567,0.2774,0.6562,2.2762,0.4132,0.6587,0.3434,0.6638,0.5016,0.2189,2.3864,0.4067,0.4886,0.4886,0.4886,0.8137,0.0,0.3759,0.2082,0.9621,2.3599,0.6876,7.5111,0.5445,0,0,1,0,0,1,0,0,0,0,0,0,0,0,0,0,0,0,1,1,2,8446,329,722,0,14,3124,530,0,14,0,14,0,14,0,14,0,14,11.0,1.9,0.0,1.5,99.7,0.5,0.0,1.5,0.0,1.5,0.0,1.5,0.0,1.5,0.0,1.5
72,Puerto Rico,PR,72021,Bayamón,72021031307,"Census Tract 313.07, Bayamón Municipio, Puerto Rico",0.280795382214,2091,362,1012,117,867,115,710,218,46,44,213,81,209,86,187,107,470,95,325,118,538,164,95,50,851,182,2079,353,152,64,0,14,9,20,72,38,0,14,34.0,8.6,4.7,4.6,24.6,8.8,13.1,4.8,8.9,4.7,22.5,4.6,15.5,5.0,25.7,6.7,11.0,5.6,41.6,5.2,99.4,24.1,15.0,6.1,0.0,4.6,1.0,2.3,8.3,4.2,0.0,0.7,0.0693,0.0922,0.5525,0.1863,0.7484,1.6487,0.1356,0.6067,0.2849,0.6941,0.7107,0.1148,2.4112,0.4284,0.3694,0.3694,0.3694,0.8093,0.0,0.2839,0.1811,0.0,1.2743,0.1822,5.7036,0.1616,0,0,0,0,0,0,0,0,0,0,0,0,0,0,0,0,0,0,0,0,0,1659,236,529,0,14,1964,327,115,130,0,14,0,14,0,14,0,14,11.3,2.0,0.0,2.2,93.9,5.8,5.5,5.8,0.0,2.2,0.0,2.2,0.0,2.2,0.0,2.2
72,Puerto Rico,PR,72021,Bayamón,72021031401,"Census Tract 314.01, Bayamón Municipio, Puerto Rico",0.248614166616,2185,394,1302,154,1021,144,1046,325,31,37,415,124,351,174,167,102,695,206,219,150,667,218,58,51,1168,291,2185,395,19,34,9,15,15,28,154,82,41,57,48.4,12.4,3.6,4.1,40.6,10.7,19.5,8.1,7.7,4.5,31.8,8.3,10.0,6.6,30.9,8.3,5.7,4.9,53.9,9.3,100.0,1.3,1.5,2.6,0.7,1.2,1.5,2.7,15.1,7.5,1.9,2.6,0.2178,0.0586,0.9567,0.3944,0.6562,2.2837,0.4176,0.9415,0.0488,0.8883,0.3131,0.2644,2.4561,0.462,0.5536,0.5536,0.5536,0.5016,0.8275,0.3759,0.5586,0.8797,3.1433,0.9349,8.4367,0.757,0,0,1,0,0,1,1,0,0,0,0,1,0,0,0,0,0,0,0,0,2,1548,562,490,0,14,2185,394,0,14,0,14,0,14,0,14,0,14,26.2,4.7,0.0,2.1,100.0,2.1,0.0,2.1,0.0,2.1,0.0,2.1,0.0,2.1,0.0,2.1
72,Puerto Rico,PR,72021,Bayamón,72021031402,"Census Tract 314.02, Bayamón Municipio, Puerto Rico",0.264565198542,2298,544,1078,149,800,128,1373,479,248,188,245,99,246,112,342,222,471,99,604,264,572,204,134,77,1162,313,2298,544,8,18,36,41,61,56,121,78,0,14,59.7,15.3,27.9,17.0,30.6,11.4,17.6,7.5,14.9,8.5,20.5,6.0,26.3,9.7,24.9,7.5,16.8,9.2,55.1,8.4,100.0,0.0,0.7,1.7,3.3,3.7,7.6,6.9,15.1,9.1,0.0,0.6,0.4334,0.8774,0.7963,0.3337,0.9501,3.3909,0.8742,0.468,0.9328,0.6421,0.9047,0.2936,3.2412,0.8698,0.5536,0.5536,0.5536,0.4009,0.9946,0.9632,0.5586,0.0,2.9173,0.8785,10.103,0.9523,0,0,0,0,1,1,0,1,0,1,0,2,0,0,0,1,1,0,0,2,5,1648,384,772,9,14,2289,543,0,14,0,14,0,14,0,14,0,14,16.7,4.0,0.4,0.6,99.6,0.6,0.0,2.0,0.0,2.0,0.0,2.0,0.0,2.0,0.0,2.0
72,Puerto Rico,PR,72021,Bayamón,72021031403,"Census Tract 314.03, Bayamón Municipio, Puerto Rico",0.297790047846,2317,371,1226,149,900,137,1429,363,105,71,319,112,474,175,227,131,619,169,457,154,756,213,90,72,1076,208,2299,367,0,19,0,14,10,20,98,55,0,14,61.7,12.2,12.2,7.7,35.4,11.2,27.5,8.2,9.8,5.5,26.7,7.1,19.7,5.9,32.6,8.3,10.0,7.9,49.7,5.6,99.2,22.4,0.0,1.5,0.0,3.8,1.1,2.2,10.9,5.9,0.0,0.6,0.4756,0.4165,0.8992,0.6739,0.8134,3.2786,0.8514,0.8126,0.6241,0.9208,0.6479,0.2091,3.2145,0.8568,0.3218,0.3218,0.3218,0.0,0.0,0.3055,0.3297,0.0,0.6352,0.0282,7.4501,0.5228,0,0,0,0,0,0,0,0,1,0,0,1,0,0,0,0,0,0,0,0,1,929,545,516,22,34,2277,365,0,14,0,14,0,14,0,14,0,14,23.5,3.8,0.9,1.5,98.3,1.9,0.0,2.0,0.0,2.0,0.0,2.0,0.0,2.0,0.0,2.0
72,Puerto Rico,PR,72021,Bayamón,72021031501,"Census Tract 315.01, Bayamón Municipio, Puerto Rico",0.287984215352,2147,493,1239,141,896,147,874,237,128,64,262,106,211,102,214,100,473,116,273,170,459,147,28,35,956,276,2122,491,134,64,0,14,37,43,109,57,0,14,40.7,5.9,12.0,5.6,29.2,10.8,12.3,5.3,10.0,4.6,22.0,6.4,12.7,7.4,21.4,5.8,3.1,3.9,46.4,8.6,98.8,2.9,10.8,5.0,0.0,3.8,4.1,4.8,12.2,6.0,0.0,0.7,0.1224,0.4035,0.7497,0.1571,0.8254,2.2581,0.4035,0.5785,0.13,0.4599,0.1083,0.1723,1.449,0.0662,0.2427,0.2427,0.2427,0.7584,0.0,0.753,0.3959,0.0,1.9073,0.462,5.8571,0.1833,0,0,0,0,0,0,0,0,0,0,0,0,0,0,0,0,0,0,0,0,0,1416,456,684,10,15,2112,490,0,14,0,14,0,14,0,14,0,14,21.2,4.9,0.5,0.7,98.4,1.6,0.0,2.2,0.0,2.2,0.0,2.2,0.0,2.2,0.0,2.2
72,Puerto Rico,PR,72021,Bayamón,72021031502,"Census Tract 315.02, Bayamón Municipio, Puerto Rico",0.212482355354,1841,319,992,93,719,99,1292,310,112,59,238,73,373,102,271,116,417,99,338,133,593,140,64,48,1057,216,1841,320,20,22,0,14,77,53,109,58,5,4,70.2,11.6,13.6,6.9,33.1,9.1,27.7,6.3,14.7,5.3,22.7,6.0,18.4,6.5,32.2,6.7,8.9,6.6,60.7,7.3,100.0,1.4,2.0,2.2,0.0,4.7,10.7,7.2,15.2,7.5,0.3,0.2,0.6782,0.4751,0.8592,0.6826,0.9436,3.6387,0.9176,0.6208,0.5168,0.9143,0.5699,0.428,3.0498,0.7993,0.5536,0.5536,0.5536,0.5406,0.0,0.9935,0.5694,0.5255,2.629,0.8015,9.8711,0.9306,0,0,0,0,1,1,0,0,1,0,0,1,0,0,0,0,1,0,0,1,3,1737,413,448,0,14,1841,319,0,14,0,14,0,14,0,14,0,14,22.5,3.9,0.0,2.5,100.0,2.5,0.0,2.5,0.0,2.5,0.0,2.5,0.0,2.5,0.0,2.5
72,Puerto Rico,PR,72021,Bayamón,72021031503,"Census Tract 315.03, Bayamón Municipio, Puerto Rico",0.221966950984,2055,354,1008,109,803,106,1139,246,106,57,228,84,336,93,176,74,566,122,376,149,677,155,64,43,1044,224,2049,354,0,19,10,16,21,25,123,54,0,14,55.4,7.2,12.9,7.1,28.4,9.8,21.3,5.2,8.6,3.5,27.5,7.0,18.3,6.5,32.9,7.0,8.0,5.2,54.1,7.8,99.7,1.3,0.0,1.9,1.0,1.5,2.6,3.1,15.3,6.3,0.0,0.7,0.3467,0.4414,0.7226,0.4735,0.7278,2.712,0.6258,0.8397,0.5038,0.9273,0.5016,0.2698,3.0422,0.7939,0.4886,0.4886,0.4886,0.0,0.8861,0.5666,0.577,0.0,2.0297,0.5206,8.2725,0.7202,0,0,0,0,0,0,0,0,1,0,0,1,0,0,0,0,0,0,0,0,1,1448,325,500,0,14,2035,352,0,14,0,14,0,14,14,22,0,14,15.8,2.7,0.0,2.3,99.0,1.2,0.0,2.3,0.0,2.3,0.0,2.3,0.7,1.1,0.0,2.3
72,Puerto Rico,PR,72021,Bayamón,72021031611,"Census Tract 316.11, Bayamón Municipio, Puerto Rico",0.275783392152,2034,459,1150,138,880,124,1131,327,111,107,280,103,411,197,205,118,623,188,273,159,792,247,55,50,1080,296,1992,447,24,40,34,39,18,31,125,65,26,38,56.5,10.2,15.0,13.3,31.8,10.8,25.4,9.0,10.3,5.8,30.6,8.4,13.4,7.2,39.8,8.9,6.3,5.6,54.2,8.4,97.9,31.2,2.1,3.5,3.0,3.4,2.0,3.5,14.2,7.0,1.3,1.8,0.3673,0.5369,0.8353,0.6154,0.8308,3.1857,0.8156,0.9155,0.1571,0.9924,0.3673,0.2741,2.7064,0.6139,0.1278,0.1278,0.1278,0.545,0.9913,0.4778,0.5076,0.805,3.3267,0.962,9.3466,0.8818,0,0,0,0,0,0,1,0,1,0,0,2,0,0,0,1,0,0,0,1,3,749,374,645,0,14,1992,446,0,14,0,14,0,14,0,14,0,14,18.6,4.2,0.0,2.3,97.9,2.0,0.0,2.3,0.0,2.3,0.0,2.3,0.0,2.3,0.0,2.3
72,Puerto Rico,PR,72021,Bayamón,72021031612,"Census Tract 316.12, Bayamón Municipio, Puerto Rico",0.3882135918379999,4112,564,2212,200,1646,189,2716,555,226,92,672,171,297,116,189,95,770,157,1153,292,866,223,477,131,1865,355,4103,567,352,125,0,14,0,19,396,132,26,50,66.5,10.1,16.9,6.2,40.8,9.3,11.8,4.5,4.6,2.3,18.7,4.0,28.0,6.0,21.2,5.1,29.0,7.2,49.5,6.7,99.8,1.7,15.9,5.5,0.0,2.1,0.0,1.2,24.1,7.1,0.6,1.2,0.5905,0.615,0.9642,0.143,0.2722,2.5849,0.5651,0.3391,0.9588,0.449,0.9902,0.2059,2.943,0.7495,0.5255,0.5255,0.5255,0.818,0.0,0.0,0.8134,0.6522,2.2836,0.6497,8.337,0.7354,0,0,1,0,0,1,0,1,0,1,0,2,0,0,0,0,0,0,0,0,3,3630,744,789,0,14,4103,566,0,14,0,14,0,14,0,14,0,14,18.2,2.5,0.0,1.1,99.8,0.4,0.0,1.1,0.0,1.1,0.0,1.1,0.0,1.1,0.0,1.1
72,Puerto Rico,PR,72021,Bayamón,72021031621,"Census Tract 316.21, Bayamón Municipio, Puerto Rico",0.213181972178,1704,356,1094,150,827,134,844,280,100,81,259,107,205,103,354,227,370,143,224,123,377,134,42,44,775,227,1704,357,308,92,0,14,20,34,126,63,0,14,49.5,12.8,11.9,8.1,31.3,11.9,15.2,6.7,20.8,11.6,21.7,8.3,13.1,6.7,22.1,6.5,5.1,5.3,46.3,9.5,100.0,1.6,28.2,7.5,0.0,4.2,2.4,4.1,15.2,7.5,0.0,0.8,0.2308,0.3991,0.8223,0.2535,0.987,2.6927,0.6117,0.559,0.1463,0.5108,0.2633,0.1701,1.6495,0.1041,0.5536,0.5536,0.5536,0.9025,0.0,0.5309,0.5694,0.0,2.0028,0.5098,6.8986,0.3829,0,0,0,0,1,1,0,0,0,0,0,0,0,0,1,0,0,0,0,1,2,770,376,492,0,14,1704,356,0,14,0,14,0,14,0,14,0,14,22.1,4.6,0.0,2.7,100.0,2.7,0.0,2.7,0.0,2.7,0.0,2.7,0.0,2.7,0.0,2.7
72,Puerto Rico,PR,72021,Bayamón,72021031622,"Census Tract 316.22, Bayamón Municipio, Puerto Rico",0.24602998593,2447,509,1187,142,974,133,1435,471,150,89,289,99,370,132,192,124,570,142,497,203,625,181,111,71,1409,370,2447,510,86,52,0,14,29,34,121,58,17,11,58.9,14.9,16.9,8.9,29.7,9.3,20.5,6.0,7.9,5.4,23.3,5.8,20.3,7.1,25.7,6.6,11.4,7.1,62.7,10.7,100.0,1.3,7.2,4.3,0.0,3.9,3.0,3.5,12.4,5.9,0.7,0.4,0.4128,0.615,0.7725,0.4334,0.6746,2.9083,0.6996,0.6587,0.6685,0.6941,0.7346,0.4637,3.2196,0.8601,0.5536,0.5536,0.5536,0.7151,0.0,0.6186,0.4121,0.6956,2.4414,0.7213,9.1229,0.8492,0,0,0,0,0,0,0,0,0,0,0,0,0,0,0,0,0,0,0,0,0,1152,443,740,0,14,2447,509,0,14,0,14,0,14,0,14,0,14,18.2,3.8,0.0,1.9,100.0,1.9,0.0,1.9,0.0,1.9,0.0,1.9,0.0,1.9,0.0,1.9
72,Puerto Rico,PR,72021,Bayamón,72021031631,"Census Tract 316.31, Bayamón Municipio, Puerto Rico",0.262088740314,2036,323,1002,110,836,97,759,224,55,37,157,54,285,94,129,87,677,121,300,139,568,140,42,35,948,206,2023,320,0,19,0,14,10,22,79,46,10,10,37.5,9.3,6.8,4.9,18.8,6.1,17.9,4.9,6.4,4.0,33.3,6.4,14.7,6.4,28.0,6.5,5.0,4.1,47.4,7.1,99.4,22.3,0.0,1.9,0.0,4.6,1.2,2.6,9.4,5.2,0.5,0.5,0.0964,0.1649,0.2676,0.3456,0.5076,1.3821,0.064,0.9632,0.2286,0.7939,0.2535,0.1831,2.4223,0.4349,0.3694,0.3694,0.3694,0.0,0.0,0.3174,0.2484,0.6165,1.1823,0.1562,5.3561,0.1085,0,0,0,0,0,0,1,0,0,0,0,1,0,0,0,0,0,0,0,0,1,974,432,456,0,14,2009,319,9,15,0,14,0,14,5,8,0,14,21.3,3.4,0.0,2.3,98.7,1.3,0.4,0.7,0.0,2.3,0.0,2.3,0.2,0.4,0.0,2.3
72,Puerto Rico,PR,72021,Bayamón,72021031632,"Census Tract 316.32, Bayamón Municipio, Puerto Rico",0.16114932225,2172,327,1026,107,821,107,1250,256,72,55,308,88,260,104,191,85,372,82,528,144,399,112,104,55,948,193,2172,327,0,19,11,17,11,12,82,44,22,28,58.2,8.1,8.3,5.8,37.5,9.5,18.0,6.4,8.9,3.8,17.1,3.9,24.3,5.5,18.5,4.8,12.7,6.5,46.4,6.5,100.0,0.0,0.0,1.9,1.1,1.7,1.3,1.5,10.0,5.0,1.0,1.3,0.4009,0.2245,0.9263,0.3489,0.7484,2.649,0.5944,0.2438,0.8873,0.3026,0.7996,0.1723,2.4056,0.423,0.5536,0.5536,0.5536,0.0,0.898,0.3326,0.2798,0.7595,2.2699,0.6421,7.8781,0.6269,0,0,1,0,0,1,0,0,0,0,0,0,0,0,0,0,0,0,0,0,1,732,418,434,0,14,2165,326,0,14,0,14,0,14,7,10,0,14,19.4,2.9,0.0,2.2,99.7,0.4,0.0,2.2,0.0,2.2,0.0,2.2,0.3,0.4,0.0,2.2
72,Puerto Rico,PR,72021,Bayamón,72021031641,"Census Tract 316.41, Bayamón Municipio, Puerto Rico",0.173974472384,1903,277,1137,117,847,105,845,250,63,56,252,77,209,73,96,50,374,92,329,141,550,142,97,51,910,195,1872,282,0,19,11,17,12,25,126,62,12,17,44.4,11.4,7.3,5.7,29.8,8.3,14.6,5.0,5.0,2.4,19.7,5.1,17.3,7.0,28.9,6.8,11.5,5.9,48.7,7.7,98.4,3.8,0.0,1.7,1.0,1.5,1.4,2.9,14.9,7.0,0.6,0.9,0.1647,0.1779,0.7736,0.2286,0.3275,1.6723,0.1443,0.4106,0.4128,0.8297,0.7378,0.2004,2.5913,0.539,0.1788,0.1788,0.1788,0.0,0.8861,0.3597,0.5499,0.6522,2.4479,0.7256,6.8903,0.3818,0,0,0,0,0,0,0,0,0,0,0,0,0,0,0,0,0,0,0,0,0,731,347,396,6,9,1866,281,0,14,0,14,0,14,0,14,0,14,18.4,2.7,0.3,0.5,98.1,1.6,0.0,2.5,0.0,2.5,0.0,2.5,0.0,2.5,0.0,2.5
72,Puerto Rico,PR,72021,Bayamón,72021031651,"Census Tract 316.51, Bayamón Municipio, Puerto Rico",0.236301759938,2202,429,1284,182,933,169,1310,366,117,94,195,86,420,138,118,80,603,177,281,132,594,195,69,65,1235,263,2202,430,0,19,0,14,20,34,191,91,46,42,59.7,11.9,12.5,8.4,20.9,8.4,23.8,6.1,5.4,3.7,27.4,7.8,12.8,5.5,27.0,8.1,7.4,6.8,58.6,5.3,100.0,1.3,0.0,1.5,0.0,3.6,2.1,3.6,20.5,8.9,2.1,1.9,0.4334,0.4262,0.3716,0.5569,0.372,2.1601,0.3547,0.8364,0.1333,0.7549,0.4475,0.3727,2.5448,0.5108,0.5536,0.5536,0.5536,0.0,0.0,0.4908,0.7527,0.896,2.1395,0.5792,7.398,0.5076,0,0,0,0,0,0,0,0,0,0,0,0,0,0,0,0,0,0,0,0,0,1049,744,555,0,14,2202,429,0,14,0,14,0,14,0,14,0,14,34.5,6.9,0.0,2.1,100.0,2.1,0.0,2.1,0.0,2.1,0.0,2.1,0.0,2.1,0.0,2.1
72,Puerto Rico,PR,72021,Bayamón,72021031701,"Census Tract 317.01, Bayamón Municipio, Puerto Rico",1.146555757834,3253,480,1705,179,1209,163,1510,464,123,82,256,102,309,134,232,118,629,144,545,197,722,202,152,85,1671,315,3253,481,330,105,0,14,10,20,118,64,42,37,46.8,12.6,8.6,5.5,21.2,7.9,14.2,5.8,7.2,3.7,19.3,4.6,16.8,5.5,22.4,6.1,12.6,6.8,52.5,6.1,100.0,1.0,19.4,5.8,0.0,2.7,0.8,1.7,9.8,4.9,1.3,1.1,0.195,0.243,0.3922,0.2167,0.5965,1.6434,0.1302,0.3803,0.377,0.5217,0.7909,0.2427,2.3126,0.3698,0.5536,0.5536,0.5536,0.8462,0.0,0.2405,0.2668,0.805,2.1585,0.5922,6.6681,0.333,0,0,0,0,0,0,0,0,0,0,0,0,0,0,0,0,0,0,0,0,0,8328,625,657,0,14,3253,480,0,14,0,14,0,14,0,14,0,14,19.5,2.9,0.0,1.4,100.0,1.4,0.0,1.4,0.0,1.4,0.0,1.4,0.0,1.4,0.0,1.4
72,Puerto Rico,PR,72021,Bayamón,72021031702,"Census Tract 317.02, Bayamón Municipio, Puerto Rico",0.525177098706,3575,621,1882,185,1541,181,2064,492,142,78,517,129,534,146,246,97,757,208,576,234,993,244,59,49,1890,345,3575,618,160,59,38,45,9,19,239,86,58,34,58.1,9.5,10.0,4.7,33.5,7.4,19.2,5.5,6.9,2.8,21.2,6.0,16.1,5.9,28.0,6.1,3.8,3.1,55.2,3.7,100.0,24.5,8.5,3.0,2.0,2.4,0.6,1.2,15.5,5.5,1.6,0.9,0.3987,0.3265,0.8657,0.3889,0.5683,2.5481,0.5466,0.5135,0.3229,0.7939,0.1593,0.2958,2.0854,0.2668,0.5536,0.5536,0.5536,0.74,0.9729,0.2189,0.5911,0.8472,3.3701,0.9696,8.5572,0.7733,0,0,0,0,0,0,0,0,0,0,0,0,0,0,0,1,0,0,0,1,1,2413,747,873,19,32,3556,617,0,14,0,14,0,14,0,14,0,14,21.2,3.8,0.5,0.9,99.5,0.9,0.0,1.3,0.0,1.3,0.0,1.3,0.0,1.3,0.0,1.3
72,Puerto Rico,PR,72021,Bayamón,72021031703,"Census Tract 317.03, Bayamón Municipio, Puerto Rico",1.085937743834,2803,493,1362,142,1077,144,1511,389,75,61,217,97,551,208,324,156,759,202,447,193,786,224,109,76,1693,381,2751,454,0,19,17,27,17,30,85,66,126,116,56.2,10.7,7.5,6.0,20.1,8.6,28.0,9.0,12.0,5.5,27.1,6.7,15.9,6.3,29.2,7.3,10.1,6.9,62.9,8.8,98.1,23.7,0.0,1.4,1.2,2.0,1.6,2.8,7.9,6.1,4.5,4.1,0.3629,0.1898,0.3294,0.6891,0.8937,2.4649,0.5054,0.8288,0.3066,0.8438,0.6555,0.4691,3.1038,0.821,0.1452,0.1452,0.1452,0.0,0.9132,0.3922,0.1659,0.9588,2.4301,0.7169,8.144,0.6887,0,0,0,0,0,0,0,0,0,0,0,0,0,0,0,1,0,0,1,2,2,1660,537,659,0,14,2717,452,0,14,0,14,0,14,24,38,10,17,20.1,3.4,0.0,1.7,96.9,3.5,0.0,1.7,0.0,1.7,0.0,1.7,0.9,1.3,0.4,0.6
72,Puerto Rico,PR,72021,Bayamón,72021031704,"Census Tract 317.04, Bayamón Municipio, Puerto Rico",1.619226073356,4096,737,2190,269,1840,274,2003,605,95,94,561,220,572,170,536,240,1170,318,506,312,877,255,50,60,2604,534,4096,738,48,55,0,14,0,19,75,62,58,99,49.6,11.9,5.3,5.1,30.5,11.1,17.8,5.0,13.3,5.9,28.6,8.5,12.4,7.3,21.7,6.4,2.7,3.2,64.9,7.3,100.0,0.9,2.2,2.5,0.0,2.1,0.0,1.0,4.1,3.5,1.4,2.4,0.234,0.1074,0.7931,0.3445,0.9273,2.4063,0.4794,0.8711,0.1192,0.4805,0.0899,0.5135,2.0742,0.2625,0.5536,0.5536,0.5536,0.5493,0.0,0.0,0.0445,0.8277,1.4215,0.2397,6.4556,0.2896,0,0,0,0,1,1,0,0,0,0,0,0,0,0,0,0,0,0,0,0,1,1872,560,1047,0,14,4068,736,0,14,0,14,0,14,28,46,0,14,13.9,2.6,0.0,1.2,99.3,1.1,0.0,1.2,0.0,1.2,0.0,1.2,0.7,1.1,0.0,1.2
72,Puerto Rico,PR,72021,Bayamón,72021031800,"Census Tract 318, Bayamón Municipio, Puerto Rico",2.288429642816,5939,953,2287,248,2049,255,2817,715,435,274,588,200,674,301,492,270,708,259,1203,369,1280,343,148,103,3005,672,5757,976,0,28,29,47,84,80,120,90,91,36,47.7,9.4,14.0,8.1,28.7,9.1,17.3,7.1,8.3,4.2,11.9,4.2,20.3,5.3,21.7,5.4,7.2,4.9,53.8,8.4,96.9,5.3,0.0,1.2,1.3,2.0,4.1,3.9,5.9,4.4,1.5,0.6,0.2091,0.4924,0.7356,0.325,0.7093,2.4714,0.5119,0.0509,0.6685,0.4805,0.4334,0.2633,1.8966,0.1746,0.078,0.078,0.078,0.0,0.9306,0.753,0.0868,0.8375,2.6079,0.7972,7.0539,0.4219,0,0,0,0,0,0,0,0,0,0,0,0,0,0,0,1,0,0,0,1,1,2207,861,1361,0,20,5757,975,0,20,0,20,0,20,0,20,0,20,14.7,2.4,0.0,0.8,96.9,3.5,0.0,0.8,0.0,0.8,0.0,0.8,0.0,0.8,0.0,0.8
72,Puerto Rico,PR,72021,Bayamón,72021031900,"Census Tract 319, Bayamón Municipio, Puerto Rico",3.443871924282,4318,849,2003,271,1756,266,2460,646,173,122,410,180,961,269,345,236,988,253,781,333,1274,334,166,111,2598,527,4133,831,0,19,0,14,17,30,206,117,24,12,57.0,9.9,9.4,6.3,23.3,9.6,29.7,7.6,8.0,5.3,22.9,6.2,18.1,6.8,29.5,7.5,9.5,6.2,62.5,4.1,95.7,4.0,0.0,0.9,0.0,2.3,1.0,1.7,11.7,6.7,0.6,0.3,0.3814,0.2885,0.4865,0.7421,0.6876,2.5861,0.5662,0.6425,0.4865,0.8536,0.6056,0.4594,3.0476,0.7972,0.0477,0.0477,0.0477,0.0,0.0,0.2839,0.3709,0.6522,1.307,0.1974,6.9884,0.4013,0,0,0,0,0,0,0,0,0,0,0,0,0,0,0,0,0,0,0,0,0,2088,1056,1181,0,14,4133,831,0,14,0,14,0,14,0,14,0,14,24.6,4.9,0.0,1.1,95.7,5.8,0.0,1.1,0.0,1.1,0.0,1.1,0.0,1.1,0.0,1.1
72,Puerto Rico,PR,72021,Bayamón,72021032000,"Census Tract 320, Bayamón Municipio, Puerto Rico",3.444756483964,1154,276,607,87,433,84,843,249,42,37,62,49,421,138,33,31,275,92,198,92,406,120,62,45,819,237,1132,274,0,19,0,14,17,23,85,44,52,50,73.1,12.6,13.3,11.9,14.3,11.0,46.9,10.6,2.9,2.8,23.8,7.8,17.2,6.8,35.2,9.3,14.3,10.0,72.2,11.2,98.1,3.6,0.0,3.1,0.0,7.5,3.9,5.3,19.6,9.6,4.5,4.2,0.7551,0.4631,0.1278,0.9892,0.0954,2.4306,0.4902,0.6923,0.4052,0.962,0.8527,0.7356,3.6478,0.9772,0.1452,0.1452,0.1452,0.0,0.0,0.7281,0.7375,0.9588,2.4244,0.7126,8.648,0.7939,0,0,0,1,0,1,0,0,1,0,0,1,0,0,0,0,0,0,1,1,3,540,217,378,0,14,1132,272,0,14,0,14,0,14,0,14,0,14,19.7,4.9,0.0,4.0,98.1,2.0,0.0,4.0,0.0,4.0,0.0,4.0,0.0,4.0,0.0,4.0
72,Puerto Rico,PR,72021,Bayamón,72021032100,"Census Tract 321, Bayamón Municipio, Puerto Rico",4.096886622984,1790,365,863,97,660,96,937,235,143,86,136,55,460,156,137,85,394,118,250,124,618,157,20,21,1254,262,1790,366,0,19,0,14,24,30,106,55,38,17,52.6,7.6,18.2,9.1,20.6,7.8,32.7,9.2,7.7,4.3,22.0,6.2,14.0,6.3,34.7,7.6,3.0,3.2,74.4,6.8,100.0,1.5,0.0,2.2,0.0,5.4,3.6,4.5,16.1,7.8,2.1,0.8,0.2871,0.6562,0.3554,0.8212,0.6562,2.7761,0.6573,0.5785,0.1842,0.9566,0.1029,0.8007,2.6229,0.5662,0.5536,0.5536,0.5536,0.0,0.0,0.688,0.6204,0.896,2.2044,0.6106,8.157,0.6941,0,0,0,0,0,0,0,0,1,0,0,1,0,0,0,0,0,0,0,0,1,792,654,477,0,14,1790,365,0,14,0,14,0,14,0,14,0,14,37.3,7.7,0.0,2.6,100.0,2.6,0.0,2.6,0.0,2.6,0.0,2.6,0.0,2.6,0.0,2.6
72,Puerto Rico,PR,72021,Bayamón,72021032200,"Census Tract 322, Bayamón Municipio, Puerto Rico",2.776873383344,2196,299,1056,84,866,94,1076,269,81,62,144,63,490,102,82,53,586,129,327,116,711,155,44,41,1359,234,2169,290,0,19,22,34,0,19,123,50,0,14,49.0,10.3,11.1,8.1,16.6,7.0,28.0,4.6,3.7,2.3,26.7,5.9,14.9,4.9,32.4,5.8,5.1,4.7,64.2,7.1,98.8,18.9,0.0,1.8,2.1,3.2,0.0,2.2,14.2,5.5,0.0,0.6,0.2254,0.3698,0.2015,0.6891,0.1649,1.6507,0.1377,0.8126,0.2416,0.9176,0.2633,0.493,2.7281,0.6323,0.2427,0.2427,0.2427,0.0,0.9794,0.0,0.5076,0.0,1.487,0.2701,6.1085,0.2234,0,0,0,0,0,0,0,0,1,0,0,1,0,0,0,1,0,0,0,1,2,1145,699,406,0,14,2146,287,0,14,0,14,0,14,23,35,0,14,31.8,4.3,0.0,2.1,97.7,2.1,0.0,2.1,0.0,2.1,0.0,2.1,1.0,1.6,0.0,2.1
72,Puerto Rico,PR,72021,Bayamón,72021032301,"Census Tract 323.01, Bayamón Municipio, Puerto Rico",0.732931248968,2679,553,1036,129,908,143,518,222,83,130,280,119,224,152,241,175,406,194,404,187,524,186,39,46,871,286,2679,554,0,19,0,14,11,22,31,38,68,117,19.8,7.5,6.1,9.2,30.8,12.2,11.0,6.8,9.2,6.3,15.2,7.2,15.1,6.2,20.1,6.4,4.3,5.0,33.7,8.7,100.0,1.2,0.0,1.8,0.0,4.5,1.2,2.4,3.4,4.1,2.5,4.3,0.0206,0.1399,0.8039,0.1268,0.7711,1.8623,0.2169,0.1408,0.2579,0.3764,0.195,0.0715,1.0416,0.0152,0.5536,0.5536,0.5536,0.0,0.0,0.3174,0.0347,0.9122,1.2643,0.18,4.7218,0.0521,0,0,0,0,0,0,0,0,0,0,0,0,0,0,0,0,0,0,1,1,1,1961,173,743,0,14,2679,553,0,14,0,14,0,14,0,14,0,14,6.6,1.4,0.0,1.8,100.0,1.8,0.0,1.8,0.0,1.8,0.0,1.8,0.0,1.8,0.0,1.8
72,Puerto Rico,PR,72021,Bayamón,72021032302,"Census Tract 323.02, Bayamón Municipio, Puerto Rico",1.625266639146,1866,354,864,116,677,100,970,276,111,71,136,60,267,77,95,48,431,113,250,109,505,136,19,26,1201,245,1863,355,12,23,12,19,9,19,94,49,100,83,52.0,11.0,12.6,6.6,20.1,8.4,18.5,5.2,5.1,2.3,23.1,6.3,13.4,5.3,27.1,7.2,2.8,3.8,66.5,5.0,99.8,1.9,1.4,2.7,1.4,2.2,1.3,2.8,13.9,7.1,5.4,4.3,0.2784,0.4328,0.3294,0.3673,0.3384,1.7463,0.1649,0.6511,0.1571,0.7592,0.0953,0.5688,2.2315,0.3416,0.5255,0.5255,0.5255,0.4919,0.9393,0.3326,0.4935,0.9664,3.2237,0.9469,7.727,0.5879,0,0,0,0,0,0,0,0,0,0,0,0,0,0,0,1,0,0,1,2,2,761,339,485,0,14,1863,354,0,14,0,14,0,14,0,14,0,14,19.2,3.7,0.0,2.5,99.8,0.3,0.0,2.5,0.0,2.5,0.0,2.5,0.0,2.5,0.0,2.5
72,Puerto Rico,PR,72023,Cabo Rojo,72023830101,"Census Tract 8301.01, Cabo Rojo Municipio, Puerto Rico",5.880579406974,4551,731,2207,202,1628,200,3498,601,104,70,199,96,1363,259,358,179,1495,321,628,285,684,200,50,46,2699,509,4551,731,0,19,0,14,71,52,224,88,23,45,77.3,4.5,8.1,5.2,12.2,5.7,40.7,6.2,7.9,4.0,32.8,7.1,13.8,5.9,15.1,4.2,3.1,2.8,61.5,6.3,100.0,0.0,0.0,0.9,0.0,2.1,4.4,3.1,13.8,5.0,0.5,1.0,0.8462,0.2169,0.0823,0.9512,0.6746,2.7712,0.6551,0.9523,0.1755,0.1703,0.1083,0.442,1.8484,0.1551,0.5536,0.5536,0.5536,0.0,0.0,0.7822,0.4881,0.6165,1.8868,0.4501,7.06,0.423,0,0,0,1,0,1,1,0,0,0,0,1,0,0,0,0,0,0,0,0,2,2589,3043,925,0,14,4551,731,0,14,0,14,0,14,0,14,0,14,67.2,10.9,0.0,1.0,100.0,1.0,0.0,1.0,0.0,1.0,0.0,1.0,0.0,1.0,0.0,1.0
72,Puerto Rico,PR,72023,Cabo Rojo,72023830102,"Census Tract 8301.02, Cabo Rojo Municipio, Puerto Rico",5.696011840118,4534,747,2054,183,1405,196,3287,712,43,51,329,116,945,227,239,137,1000,228,835,319,896,217,157,81,3230,607,4524,748,32,40,0,14,59,31,177,74,0,14,72.5,10.2,2.8,3.1,23.4,7.6,29.2,6.7,5.3,2.7,22.1,5.5,18.4,6.3,19.8,4.9,11.2,5.5,74.4,6.6,99.8,1.3,1.6,1.9,0.0,2.3,4.2,2.1,12.6,5.2,0.0,0.3,0.7356,0.039,0.4951,0.727,0.359,2.3557,0.4479,0.585,0.5168,0.3633,0.7172,0.8007,2.983,0.7636,0.5255,0.5255,0.5255,0.5157,0.0,0.7692,0.423,0.0,1.7079,0.372,7.5721,0.5586,0,0,0,0,0,0,0,0,0,0,0,0,0,0,0,0,0,0,0,0,0,4598,3172,878,0,14,4524,748,0,14,0,14,0,14,0,14,0,14,70.0,11.5,0.0,1.0,99.8,0.3,0.0,1.0,0.0,1.0,0.0,1.0,0.0,1.0,0.0,1.0
72,Puerto Rico,PR,72023,Cabo Rojo,72023830201,"Census Tract 8302.01, Cabo Rojo Municipio, Puerto Rico",5.523271349726,2651,753,2113,261,977,211,1324,600,69,67,195,123,354,172,196,259,714,272,381,240,500,266,33,52,1090,414,2651,753,286,132,60,71,0,19,178,102,35,44,50.2,17.7,7.8,8.2,20.0,11.8,18.9,9.3,7.4,9.1,26.9,10.5,14.4,8.1,19.0,10.5,3.4,5.3,41.5,10.4,100.0,0.0,13.5,6.0,2.8,3.4,0.0,1.9,18.2,10.3,1.3,1.6,0.2438,0.2082,0.3229,0.377,0.6236,1.7755,0.18,0.8191,0.2037,0.32,0.13,0.1138,1.5866,0.0922,0.5536,0.5536,0.5536,0.7963,0.9892,0.0,0.6941,0.805,3.2846,0.9555,7.2003,0.4544,0,0,0,0,0,0,0,0,0,0,0,0,0,0,0,1,0,0,0,1,1,2043,1186,968,0,14,2651,753,0,14,0,14,0,14,0,14,0,14,45.3,13.1,0.0,1.8,100.0,1.8,0.0,1.8,0.0,1.8,0.0,1.8,0.0,1.8,0.0,1.8
72,Puerto Rico,PR,72023,Cabo Rojo,72023830202,"Census Tract 8302.02, Cabo Rojo Municipio, Puerto Rico",5.212826036626,3307,856,1553,211,1136,218,1696,726,129,148,141,126,438,163,63,77,417,180,716,289,474,203,36,58,1919,602,3307,856,0,19,0,14,15,29,73,87,0,14,51.3,17.5,9.5,10.1,12.4,10.8,18.1,7.1,1.9,2.2,12.6,6.2,21.7,6.7,14.3,5.4,3.2,5.1,59.3,10.5,100.0,0.0,0.0,1.2,0.0,3.0,1.3,2.5,6.4,7.7,0.0,0.4,0.2654,0.3026,0.0867,0.3564,0.0325,1.0436,0.0293,0.0618,0.7551,0.1453,0.117,0.3879,1.4671,0.0705,0.5536,0.5536,0.5536,0.0,0.0,0.3326,0.103,0.0,0.4356,0.0141,3.4999,0.0087,0,0,0,0,0,0,0,0,0,0,0,0,0,0,0,0,0,0,0,0,0,2030,2147,1006,0,14,3307,856,0,14,0,14,0,14,0,14,0,14,64.9,16.8,0.0,1.4,100.0,1.4,0.0,1.4,0.0,1.4,0.0,1.4,0.0,1.4,0.0,1.4
72,Puerto Rico,PR,72023,Cabo Rojo,72023830300,"Census Tract 8303, Cabo Rojo Municipio, Puerto Rico",1.87881673373,4980,863,2192,227,1631,216,2423,685,186,144,458,154,578,246,201,184,1052,285,893,340,577,252,121,96,2490,679,4980,872,17,29,0,14,70,70,187,109,0,14,49.2,11.0,9.2,7.2,28.1,8.7,16.3,6.0,4.0,3.5,21.1,6.0,17.9,6.1,11.6,4.7,7.4,5.8,51.6,10.6,100.0,2.5,0.8,1.3,0.0,2.1,4.3,4.3,11.5,6.5,0.0,0.3,0.2264,0.2722,0.7096,0.2936,0.1985,1.7003,0.1497,0.506,0.4724,0.077,0.4475,0.2362,1.7391,0.1204,0.5536,0.5536,0.5536,0.4171,0.0,0.7757,0.3623,0.0,1.5551,0.3091,5.5481,0.1345,0,0,0,0,0,0,0,0,0,0,0,0,0,0,0,0,0,0,0,0,0,8471,2252,1163,32,51,4948,870,0,14,0,14,0,14,0,14,0,14,45.2,7.8,0.6,1.1,99.4,1.1,0.0,0.9,0.0,0.9,0.0,0.9,0.0,0.9,0.0,0.9
72,Puerto Rico,PR,72023,Cabo Rojo,72023830400,"Census Tract 8304, Cabo Rojo Municipio, Puerto Rico",1.912613400096,5073,958,2621,248,1753,248,3791,926,277,189,429,179,512,186,52,82,1059,325,1171,464,690,239,272,168,2957,694,5073,959,30,52,0,20,36,61,303,143,38,25,75.2,11.5,15.5,11.4,24.5,9.6,15.1,5.2,1.0,1.6,20.9,6.4,23.1,8.0,13.7,4.9,15.5,9.3,60.4,8.7,100.0,0.9,1.1,2.0,0.0,1.8,2.1,3.5,17.3,8.0,0.7,0.5,0.7996,0.551,0.5471,0.247,0.0163,2.161,0.3557,0.4962,0.8375,0.1312,0.8819,0.4139,2.7607,0.654,0.5536,0.5536,0.5536,0.454,0.0,0.4908,0.6594,0.6956,2.2998,0.6605,7.7751,0.5987,0,0,0,0,0,0,0,0,0,0,0,0,0,0,0,0,0,0,0,0,0,3303,2987,1324,0,20,5073,958,0,20,0,20,0,20,0,20,0,20,59.3,11.3,0.0,0.9,100.0,0.9,0.0,0.9,0.0,0.9,0.0,0.9,0.0,0.9,0.0,0.9
72,Puerto Rico,PR,72023,Cabo Rojo,72023830502,"Census Tract 8305.02, Cabo Rojo Municipio, Puerto Rico",7.843691473752,4480,836,2950,236,1496,209,2941,802,278,152,243,105,1237,422,280,155,1071,229,759,308,524,160,32,42,2529,615,4480,835,328,107,200,73,110,73,183,82,0,14,65.6,13.1,21.1,10.0,16.2,6.6,36.8,9.2,6.3,3.5,23.9,4.9,16.9,6.1,11.7,3.2,2.1,2.8,59.0,9.4,100.0,26.4,11.1,3.5,6.8,2.4,7.4,4.8,12.2,5.5,0.0,0.3,0.5742,0.7516,0.195,0.8982,0.4892,2.9082,0.6985,0.6988,0.3857,0.0792,0.0585,0.3814,1.6036,0.0944,0.5536,0.5536,0.5536,0.766,0.9967,0.9588,0.3959,0.0,3.1174,0.9262,8.1828,0.6996,0,0,0,0,0,0,0,0,0,0,0,0,0,0,0,1,1,0,0,2,2,2167,2961,965,0,14,4412,832,18,30,0,14,0,14,50,62,0,14,66.1,12.3,0.0,1.1,98.5,1.2,0.4,0.7,0.0,1.1,0.0,1.1,1.1,1.4,0.0,1.1
72,Puerto Rico,PR,72023,Cabo Rojo,72023830503,"Census Tract 8305.03, Cabo Rojo Municipio, Puerto Rico",3.29810645012,5100,1019,2855,296,1743,294,3982,1062,239,170,520,208,538,224,198,146,518,205,1219,463,400,226,247,149,2786,834,5076,1022,259,140,0,20,79,95,192,128,0,20,78.1,13.8,14.7,9.8,29.8,10.8,15.4,5.7,3.9,3.1,10.2,4.2,23.9,7.7,7.8,4.2,14.2,8.2,56.0,12.4,99.5,2.5,9.1,4.8,0.0,1.6,4.5,5.4,11.0,7.3,0.0,0.4,0.8624,0.5282,0.7736,0.2611,0.1844,2.6097,0.5738,0.0347,0.87,0.0282,0.8505,0.3153,2.0987,0.2777,0.4193,0.4193,0.4193,0.7443,0.0,0.7909,0.3341,0.0,1.8693,0.4414,6.997,0.4035,0,0,0,0,0,0,0,0,0,0,0,0,0,0,0,0,0,0,0,0,0,3324,2319,1326,0,20,5037,1020,39,63,0,20,0,20,0,20,0,20,45.5,9.1,0.0,0.9,98.8,1.5,0.8,1.2,0.0,0.9,0.0,0.9,0.0,0.9,0.0,0.9
72,Puerto Rico,PR,72023,Cabo Rojo,72023830504,"Census Tract 8305.04, Cabo Rojo Municipio, Puerto Rico",0.770095110876,4071,658,1706,151,1253,162,3416,702,242,172,255,110,1306,362,289,204,912,236,823,359,895,303,88,69,2518,549,4071,658,0,19,0,14,132,77,202,75,0,14,83.9,10.7,24.0,14.4,20.4,8.4,45.6,8.3,7.1,4.8,22.4,5.9,20.2,8.2,22.0,6.6,7.0,5.4,65.4,9.3,100.0,0.0,0.0,1.1,0.0,2.7,10.5,6.0,16.1,5.7,0.0,0.3,0.9382,0.795,0.3424,0.9837,0.5857,3.645,0.9197,0.5991,0.6587,0.5054,0.4182,0.5363,2.7177,0.6204,0.5536,0.5536,0.5536,0.0,0.0,0.9913,0.6204,0.0,1.6117,0.333,8.528,0.7657,1,0,0,1,0,2,0,0,0,0,0,0,0,0,0,0,1,0,0,1,3,2170,2626,858,0,14,4071,658,0,14,0,14,0,14,0,14,0,14,64.5,10.4,0.0,1.2,100.0,1.2,0.0,1.2,0.0,1.2,0.0,1.2,0.0,1.2,0.0,1.2
72,Puerto Rico,PR,72023,Cabo Rojo,72023830605,"Census Tract 8306.05, Cabo Rojo Municipio, Puerto Rico",2.672164451454,3418,906,2326,291,1074,249,2689,868,106,130,278,155,950,332,223,327,1054,346,476,364,593,324,46,73,2253,679,3373,895,79,74,21,33,49,79,123,99,15,35,79.0,14.4,10.0,11.9,25.9,13.1,35.0,9.1,6.6,9.7,30.8,9.4,13.9,10.0,17.4,8.9,4.3,6.7,68.4,10.6,98.7,1.1,3.4,3.2,0.9,1.4,4.6,7.3,11.5,9.0,0.4,1.0,0.8754,0.3265,0.6219,0.8754,0.5315,3.2307,0.8384,0.922,0.1798,0.2473,0.195,0.6338,2.1779,0.3124,0.2221,0.2221,0.2221,0.5948,0.8633,0.7952,0.3623,0.5688,3.1844,0.9382,8.8151,0.8178,0,0,0,0,0,0,1,0,0,0,0,1,0,0,0,0,0,0,0,0,1,1577,2234,1044,0,14,3373,895,0,14,0,14,0,14,0,14,0,14,65.6,17.5,0.0,1.4,98.7,2.1,0.0,1.4,0.0,1.4,0.0,1.4,0.0,1.4,0.0,1.4
72,Puerto Rico,PR,72023,Cabo Rojo,72023830606,"Census Tract 8306.06, Cabo Rojo Municipio, Puerto Rico",8.523586207592,1194,543,3660,314,559,220,925,533,123,145,64,75,166,168,0,14,298,166,0,14,152,90,0,19,535,341,1172,536,344,132,774,218,0,19,0,14,19,43,78.7,27.1,25.4,25.9,11.4,12.6,14.1,15.0,0.0,4.0,25.0,14.4,0.0,1.2,12.9,8.1,0.0,3.4,44.8,20.0,98.2,4.6,9.4,3.5,21.1,6.1,0.0,3.4,0.0,8.1,1.6,3.5,0.8722,0.833,0.0596,0.2102,0.0,1.975,0.256,0.7486,0.0,0.1063,0.0,0.1495,1.0044,0.0141,0.1593,0.1593,0.1593,0.7497,0.9989,0.0,0.0,0.8472,2.5958,0.7907,5.7345,0.1681,0,0,0,0,0,0,0,0,0,0,0,0,0,0,0,1,0,0,0,1,1,4293,857,592,0,14,1172,535,0,14,0,14,0,14,0,14,0,14,72.9,33.7,0.0,3.9,98.2,3.1,0.0,3.9,0.0,3.9,0.0,3.9,0.0,3.9,0.0,3.9
72,Puerto Rico,PR,72023,Cabo Rojo,72023830607,"Census Tract 8306.07, Cabo Rojo Municipio, Puerto Rico",18.702256553484,2909,555,2140,190,1072,150,1751,368,161,94,191,93,930,252,156,85,886,226,394,185,669,239,36,43,1435,320,2863,564,24,31,63,39,23,26,158,74,37,78,61.0,5.4,18.2,10.4,17.8,8.3,40.1,8.4,5.4,3.0,30.5,7.2,13.5,5.8,23.3,7.7,3.4,4.0,51.4,6.2,98.4,4.8,1.1,1.4,2.9,1.8,2.1,2.4,14.7,6.9,1.3,2.7,0.4615,0.6562,0.2308,0.9437,0.372,2.6642,0.603,0.9122,0.1636,0.5672,0.13,0.234,2.007,0.2213,0.1788,0.1788,0.1788,0.454,0.9902,0.4908,0.5358,0.805,3.2758,0.9534,8.1258,0.6811,0,0,0,1,0,1,1,0,0,0,0,1,0,0,0,1,0,0,0,1,3,2452,2079,629,0,14,2863,563,0,14,0,14,0,14,0,14,0,14,72.4,13.8,0.0,1.6,98.4,2.5,0.0,1.6,0.0,1.6,0.0,1.6,0.0,1.6,0.0,1.6
72,Puerto Rico,PR,72023,Cabo Rojo,72023830608,"Census Tract 8306.08, Cabo Rojo Municipio, Puerto Rico",0.555663712626,1709,519,896,110,484,108,1460,460,54,54,12,30,684,283,125,134,606,194,202,137,483,208,0,19,1376,417,1709,520,117,54,24,28,19,33,77,51,0,14,86.7,5.2,13.2,14.2,2.5,6.2,49.8,15.0,7.3,6.9,35.5,12.2,11.8,7.2,28.3,9.8,0.0,3.9,82.8,6.2,100.0,1.9,13.1,5.8,2.7,3.1,3.9,6.8,15.9,9.9,0.0,0.8,0.961,0.4599,0.0043,0.9967,0.6106,3.0325,0.7668,0.9816,0.1029,0.8091,0.0,0.9523,2.8459,0.7017,0.5536,0.5536,0.5536,0.7909,0.9881,0.7281,0.6052,0.0,3.1123,0.9241,9.5443,0.9035,1,0,0,1,0,2,1,0,0,0,1,2,0,0,0,1,0,0,0,1,5,574,861,690,0,14,1709,519,0,14,0,14,0,14,0,14,0,14,50.4,15.3,0.0,2.7,100.0,2.7,0.0,2.7,0.0,2.7,0.0,2.7,0.0,2.7,0.0,2.7
72,Puerto Rico,PR,72023,Cabo Rojo,72023980000,"Census Tract 9800, Cabo Rojo Municipio, Puerto Rico",1.896548081978,0,14,0,14,0,14,0,14,0,14,0,28,0,14,0,14,0,14,0,14,0,14,0,19,0,56,0,37,0,19,0,14,0,19,0,14,0,14,0.0,-999.0,-999.0,-999.0,0.0,-999.0,-999.0,-999.0,-999.0,-999.0,-999.0,-999.0,0.0,-999.0,-999.0,-999.0,0.0,-999.0,0.0,-999.0,0.0,-999.0,0.0,-999.0,-999.0,-999.0,0.0,-999.0,-999.0,-999.0,0.0,-999.0,-999.0,-999.0,-999.0,-999.0,-999.0,-999.0,-999.0,-999.0,-999.0,-999.0,-999.0,-999.0,-999.0,-999.0,-999.0,-999.0,-999.0,-999.0,-999.0,-999.0,-999.0,-999.0,-999.0,-999.0,-999.0,-999.0,-999,-999,-999,-999,-999,-999,-999,-999,-999,-999,-999,-999,-999,-999,-999,-999,-999,-999,-999,-999,-999,249,0,19,0,14,0,14,0,14,0,14,0,14,0,14,0,14,0.0,-999.0,-999.0,-999.0,-999.0,-999.0,-999.0,-999.0,-999.0,-999.0,-999.0,-999.0,-999.0,-999.0,-999.0,-999.0
72,Puerto Rico,PR,72025,Caguas,72025200100,"Census Tract 2001, Caguas Municipio, Puerto Rico",4.437812372372,5910,862,2670,279,2397,270,2293,685,287,171,516,173,778,361,222,135,1497,309,676,308,1754,433,44,53,2935,628,5683,825,0,28,0,20,0,28,329,139,150,121,39.5,10.4,11.2,6.2,21.5,6.8,16.4,6.4,3.8,2.2,25.3,5.8,11.4,4.9,30.2,6.9,1.8,2.2,51.5,8.2,96.2,19.8,0.0,1.0,0.0,1.8,0.0,1.2,13.7,5.5,2.5,2.0,0.1116,0.3731,0.4106,0.2969,0.1746,1.3668,0.0618,0.7638,0.0888,0.8742,0.0498,0.2351,2.0117,0.2245,0.0618,0.0618,0.0618,0.0,0.0,0.0,0.4848,0.9122,1.397,0.2299,4.8373,0.0651,0,0,0,0,0,0,0,0,0,0,0,0,0,0,0,0,0,0,1,1,1,9907,1131,1176,0,20,5683,824,0,20,0,20,0,20,0,20,0,20,19.6,2.9,0.0,0.8,96.2,2.2,0.0,0.8,0.0,0.8,0.0,0.8,0.0,0.8,0.0,0.8
72,Puerto Rico,PR,72025,Caguas,72025200200,"Census Tract 2002, Caguas Municipio, Puerto Rico",2.878656048176,4656,907,1996,241,1676,258,3142,887,225,152,372,185,680,306,477,254,1158,308,1054,447,1158,464,164,110,2928,730,4588,901,0,19,0,14,0,19,188,114,82,60,67.8,13.8,15.1,8.1,22.2,10.5,21.0,9.7,10.3,5.5,24.9,8.9,22.6,8.5,25.0,8.6,9.8,6.4,66.6,10.4,98.5,2.5,0.0,1.0,0.0,2.3,0.0,1.1,11.2,6.3,1.8,1.2,0.623,0.5412,0.4388,0.4605,0.8308,2.8943,0.6963,0.7421,0.8093,0.6464,0.6327,0.571,3.4015,0.9262,0.1874,0.1874,0.1874,0.0,0.0,0.0,0.3449,0.8689,1.2138,0.1649,7.697,0.5813,0,0,0,0,0,0,0,0,0,0,0,0,0,0,0,0,0,0,0,0,0,2351,1569,1293,0,14,4588,901,0,14,0,14,0,14,0,14,0,14,34.3,6.8,0.0,1.0,98.5,1.7,0.0,1.0,0.0,1.0,0.0,1.0,0.0,1.0,0.0,1.0
72,Puerto Rico,PR,72025,Caguas,72025200302,"Census Tract 2003.02, Caguas Municipio, Puerto Rico",3.548511743914,6980,991,2626,252,2330,253,1993,611,493,205,578,176,568,210,617,300,1446,337,1325,516,1292,438,34,43,3160,723,6830,953,51,58,0,20,0,28,116,95,23,48,28.6,7.8,15.3,5.9,24.8,7.1,10.9,3.8,8.8,4.2,20.7,5.1,19.0,6.9,18.5,5.6,1.5,1.8,46.3,8.5,97.9,19.5,1.9,2.2,0.0,1.8,0.0,1.2,5.0,4.0,0.3,0.7,0.0509,0.5445,0.5655,0.1224,0.7419,2.0252,0.2863,0.4854,0.5634,0.3026,0.0423,0.1701,1.5638,0.0857,0.1278,0.1278,0.1278,0.5352,0.0,0.0,0.0618,0.5255,1.1225,0.1334,4.8393,0.0662,0,0,0,0,0,0,0,0,0,0,0,0,0,0,0,0,0,0,0,0,0,5059,595,1440,0,20,6758,949,0,20,0,20,0,20,0,20,72,83,8.6,1.2,0.0,0.7,96.8,3.2,0.0,0.7,0.0,0.7,0.0,0.7,0.0,0.7,1.0,1.2
72,Puerto Rico,PR,72025,Caguas,72025200304,"Census Tract 2003.04, Caguas Municipio, Puerto Rico",3.30012769409,4762,942,2166,291,1784,281,1483,564,290,177,423,164,347,184,318,189,744,290,793,317,843,317,227,138,2235,599,4659,922,24,40,0,14,0,19,212,117,0,14,31.1,10.1,12.9,7.6,23.7,8.4,10.5,4.8,6.7,3.8,15.6,6.2,16.7,5.8,17.7,6.4,12.7,7.5,48.7,9.1,97.8,0.8,1.1,1.8,0.0,2.2,0.0,1.1,11.9,6.4,0.0,0.3,0.0596,0.4414,0.5103,0.1127,0.5434,1.6674,0.1432,0.1593,0.3673,0.2636,0.7996,0.2004,1.7902,0.1356,0.1224,0.1224,0.1224,0.454,0.0,0.0,0.3829,0.0,0.8369,0.064,4.4169,0.0325,0,0,0,0,0,0,0,0,0,0,0,0,0,0,0,0,0,0,0,0,0,9363,956,1283,0,14,4616,919,0,14,0,14,0,14,43,69,0,14,20.1,4.0,0.0,1.0,96.9,2.5,0.0,1.0,0.0,1.0,0.0,1.0,0.9,1.4,0.0,1.0
72,Puerto Rico,PR,72025,Caguas,72025200305,"Census Tract 2003.05, Caguas Municipio, Puerto Rico",2.132622427838,6631,963,2789,330,2597,331,3006,743,438,239,798,274,836,326,615,299,876,245,848,293,1406,463,153,93,2789,598,6631,951,116,83,0,20,78,77,270,117,0,20,45.3,9.1,13.1,6.6,30.7,9.8,16.5,5.1,9.3,4.4,13.2,3.4,12.8,4.0,21.2,5.6,5.9,3.5,43.6,6.8,100.0,20.4,4.2,2.9,0.0,1.7,3.0,2.9,10.4,4.5,0.0,0.3,0.1766,0.4544,0.7996,0.3012,0.7777,2.5095,0.5271,0.0758,0.1333,0.449,0.3326,0.1354,1.1261,0.0239,0.5536,0.5536,0.5536,0.6251,0.0,0.6186,0.3015,0.0,1.5452,0.3048,5.7344,0.167,0,0,0,0,0,0,0,0,0,0,0,0,0,0,0,0,0,0,0,0,0,4019,1160,1288,50,80,6533,944,0,20,0,20,0,20,0,20,48,75,17.5,2.5,0.8,1.2,98.5,1.6,0.0,0.7,0.0,0.7,0.0,0.7,0.0,0.7,0.7,1.2
72,Puerto Rico,PR,72025,Caguas,72025200306,"Census Tract 2003.06, Caguas Municipio, Puerto Rico",0.570869953794,2769,704,984,215,884,197,193,228,39,46,247,142,17,27,191,135,137,92,900,345,251,182,20,34,448,228,2729,730,73,74,0,14,0,19,18,30,0,14,7.0,8.0,2.8,3.4,27.9,14.8,1.0,1.6,7.0,5.1,4.9,3.6,32.5,9.3,9.2,5.5,2.3,3.8,16.6,7.3,98.6,8.2,7.4,7.3,0.0,4.7,0.0,2.1,2.0,3.5,0.0,0.5,0.0011,0.039,0.6999,0.0054,0.5781,1.3235,0.0564,0.0043,0.9881,0.0412,0.0683,0.0141,1.116,0.0217,0.2048,0.2048,0.2048,0.7194,0.0,0.0,0.0195,0.0,0.7389,0.0401,3.3832,0.0043,0,0,0,0,0,0,0,1,0,0,0,1,0,0,0,0,0,0,0,0,1,1341,66,992,0,14,2729,730,0,14,0,14,0,14,0,14,0,14,2.4,0.7,0.0,1.7,98.6,2.5,0.0,1.7,0.0,1.7,0.0,1.7,0.0,1.7,0.0,1.7
72,Puerto Rico,PR,72025,Caguas,72025200400,"Census Tract 2004, Caguas Municipio, Puerto Rico",0.68058778693,2583,386,1177,135,968,114,1297,340,242,188,285,107,350,132,191,107,585,134,391,219,682,140,133,88,1663,328,2564,394,26,31,0,14,0,19,129,84,19,22,50.3,10.8,21.5,14.3,29.4,10.5,20.3,7.2,7.4,4.3,22.6,5.9,15.1,8.2,26.4,5.2,13.7,8.9,65.7,8.2,99.3,3.5,2.2,2.6,0.0,4.0,0.0,2.0,13.3,8.1,0.7,0.8,0.2481,0.7581,0.7573,0.4247,0.6236,2.8118,0.6681,0.6132,0.2579,0.7299,0.8418,0.5439,2.9867,0.7657,0.3402,0.3402,0.3402,0.5493,0.0,0.0,0.4599,0.6956,1.7048,0.3698,7.8435,0.6193,0,0,0,0,0,0,0,0,0,0,0,0,0,0,0,0,0,0,0,0,0,11706,549,568,18,29,2516,389,0,14,0,14,0,14,30,49,0,14,21.4,3.2,0.7,1.1,97.4,2.9,0.0,1.8,0.0,1.8,0.0,1.8,1.2,1.9,0.0,1.8
72,Puerto Rico,PR,72025,Caguas,72025200500,"Census Tract 2005, Caguas Municipio, Puerto Rico",0.693057337122,5055,948,2379,290,2003,303,2400,675,701,346,642,211,490,250,423,180,870,260,933,400,1163,292,182,139,2824,674,4839,873,198,126,0,20,0,28,384,178,72,88,47.9,10.0,29.4,12.2,32.1,9.3,12.6,5.5,8.4,4.0,17.2,5.3,18.5,7.1,23.2,5.7,9.1,6.8,58.1,9.1,95.7,24.9,8.3,5.2,0.0,2.0,0.0,1.4,19.2,8.2,1.4,1.7,0.2113,0.897,0.8429,0.1668,0.7148,2.8328,0.6757,0.2514,0.5244,0.5629,0.5764,0.3673,2.2824,0.359,0.0477,0.0477,0.0477,0.7367,0.0,0.0,0.7267,0.8277,2.2911,0.6562,7.454,0.5249,0,0,0,0,0,0,0,0,0,0,0,0,0,0,0,0,0,0,0,0,0,8883,880,1315,16,25,4823,872,0,20,0,20,0,20,0,20,0,20,17.7,3.4,0.3,0.5,95.4,3.4,0.0,0.9,0.0,0.9,0.0,0.9,0.0,0.9,0.0,0.9
72,Puerto Rico,PR,72025,Caguas,72025200600,"Census Tract 2006, Caguas Municipio, Puerto Rico",0.810276359914,3505,556,1708,176,1476,180,2079,488,355,192,361,123,229,101,173,92,976,172,654,230,1082,225,280,107,1786,315,3397,533,191,87,0,14,0,19,229,100,47,43,59.3,10.3,24.3,10.8,24.5,7.8,9.1,3.7,5.0,2.5,27.8,5.8,18.7,5.9,31.0,6.5,19.0,6.9,54.0,5.0,96.9,21.6,11.2,5.0,0.0,2.7,0.0,1.3,15.5,6.4,1.3,1.2,0.4247,0.8069,0.5471,0.0899,0.3275,2.1961,0.3753,0.8516,0.545,0.8948,0.9361,0.2665,3.494,0.949,0.078,0.078,0.078,0.7692,0.0,0.0,0.5911,0.805,2.1653,0.5976,7.9334,0.6399,0,0,0,0,0,0,0,0,0,1,0,1,0,0,0,0,0,0,0,0,1,15196,456,787,0,14,3397,532,0,14,0,14,0,14,0,14,0,14,13.2,2.1,0.0,1.3,96.9,2.6,0.0,1.3,0.0,1.3,0.0,1.3,0.0,1.3,0.0,1.3
72,Puerto Rico,PR,72025,Caguas,72025200700,"Census Tract 2007, Caguas Municipio, Puerto Rico",0.372620090364,3635,520,1746,154,1426,159,1661,397,361,160,441,125,146,70,257,118,870,172,593,228,914,176,152,77,1539,358,3587,510,238,88,0,14,48,45,127,73,6,11,45.8,8.8,21.0,8.5,30.9,8.1,5.8,2.8,7.1,3.3,23.9,5.1,16.3,5.8,25.1,5.1,10.7,5.3,43.4,8.0,98.7,19.9,13.6,4.9,0.0,2.7,3.4,3.1,8.9,5.0,0.2,0.3,0.1874,0.7462,0.8061,0.0455,0.5857,2.3709,0.4534,0.6988,0.3315,0.654,0.6945,0.1333,2.5121,0.4924,0.2221,0.2221,0.2221,0.7974,0.0,0.6663,0.2158,0.4735,2.153,0.5889,7.2581,0.4642,0,0,0,0,0,0,0,0,0,0,0,0,0,0,0,0,0,0,0,0,0,3419,560,714,0,14,3559,509,9,14,0,14,0,14,0,14,19,30,15.4,2.2,0.0,1.3,97.9,1.6,0.2,0.4,0.0,1.3,0.0,1.3,0.0,1.3,0.5,0.8
72,Puerto Rico,PR,72025,Caguas,72025200800,"Census Tract 2008, Caguas Municipio, Puerto Rico",0.599666213158,2944,578,1365,163,1187,157,1550,455,168,103,298,116,442,159,358,292,780,158,486,223,1041,272,111,68,1879,397,2918,579,11,22,0,14,54,48,222,103,0,14,52.6,11.5,14.2,7.8,25.1,9.2,20.6,6.0,12.2,8.6,26.5,6.5,16.5,6.8,35.4,7.8,9.4,5.6,65.7,4.9,99.1,2.9,0.8,1.6,0.0,3.4,4.5,4.0,18.7,8.3,0.0,0.5,0.2871,0.5054,0.5785,0.441,0.9013,2.7133,0.6269,0.8007,0.3564,0.9653,0.6002,0.5439,3.2665,0.8839,0.2914,0.2914,0.2914,0.4171,0.0,0.7909,0.7115,0.0,1.9195,0.4696,8.1907,0.705,0,0,0,0,1,1,0,0,1,0,0,1,0,0,0,0,0,0,0,0,2,2674,879,818,0,14,2812,566,0,14,0,14,0,14,0,14,106,122,29.9,5.9,0.0,1.6,95.5,4.4,0.0,1.6,0.0,1.6,0.0,1.6,0.0,1.6,3.6,4.1
72,Puerto Rico,PR,72025,Caguas,72025200900,"Census Tract 2009, Caguas Municipio, Puerto Rico",0.087649401122,1573,299,767,100,607,96,1391,303,179,90,183,61,161,63,120,71,168,61,542,164,368,103,148,64,993,218,1561,298,237,63,0,14,5,15,249,77,0,14,88.4,9.4,33.3,13.6,30.1,8.9,19.4,6.7,7.6,4.4,10.7,4.1,34.5,8.1,23.4,6.4,24.4,9.8,76.5,7.8,99.2,1.8,30.9,7.2,0.0,6.0,0.8,2.5,41.0,10.6,0.0,0.9,0.9707,0.9284,0.7822,0.3922,0.6421,3.7156,0.9328,0.039,0.9913,0.5748,0.9762,0.8516,3.4329,0.9371,0.3218,0.3218,0.3218,0.9144,0.0,0.2405,0.9631,0.0,2.118,0.5705,9.5883,0.9078,1,1,0,0,0,2,0,1,0,1,0,2,0,0,1,0,0,1,0,2,6,1668,539,411,12,19,1549,296,0,14,0,14,0,14,0,14,0,14,34.3,6.5,0.8,1.2,98.5,1.6,0.0,3.0,0.0,3.0,0.0,3.0,0.0,3.0,0.0,3.0
72,Puerto Rico,PR,72025,Caguas,72025201000,"Census Tract 2010, Caguas Municipio, Puerto Rico",0.4567663880399999,1929,399,1374,176,934,162,1590,362,141,82,369,134,412,144,222,109,375,127,365,150,687,213,172,97,1332,330,1870,393,110,66,0,14,0,19,439,134,76,32,82.4,7.9,18.1,8.5,39.5,12.6,29.1,8.5,11.5,5.1,19.4,6.2,18.9,6.7,35.6,8.5,18.4,9.9,72.7,9.0,96.9,3.7,8.0,4.7,0.0,3.4,0.0,2.0,47.0,11.2,3.9,1.4,0.9274,0.6518,0.9437,0.7226,0.8829,4.1284,0.9816,0.3889,0.5569,0.9675,0.9231,0.7606,3.597,0.9675,0.078,0.078,0.078,0.7302,0.0,0.0,0.9729,0.9502,2.6533,0.8113,10.4567,0.9685,1,0,1,0,0,2,0,0,1,1,0,2,0,0,0,0,0,1,1,2,6,5912,654,527,0,14,1852,391,0,14,0,14,0,14,0,14,18,29,35.3,7.5,0.0,2.4,96.0,3.4,0.0,2.4,0.0,2.4,0.0,2.4,0.0,2.4,0.9,1.5
72,Puerto Rico,PR,72025,Caguas,72025201200,"Census Tract 2012, Caguas Municipio, Puerto Rico",0.22613608038,3211,545,1823,191,1422,176,2585,481,261,118,437,140,533,150,269,147,759,162,726,299,817,202,138,94,2146,445,3076,511,404,105,0,14,23,30,511,138,19,43,80.5,6.1,20.9,8.0,30.7,9.1,25.2,6.3,8.4,4.2,23.6,6.4,22.6,8.5,25.4,6.9,9.7,6.5,73.1,9.0,95.8,22.8,22.2,5.3,0.0,2.6,1.6,2.1,35.9,8.9,0.6,1.3,0.9025,0.7419,0.7996,0.6089,0.7148,3.7677,0.9382,0.6815,0.8093,0.6735,0.6284,0.7725,3.5652,0.9631,0.0509,0.0509,0.0509,0.8624,0.0,0.3922,0.9338,0.6522,2.8406,0.8568,10.2244,0.9588,1,0,0,0,0,1,0,0,0,0,0,0,0,0,0,0,0,1,0,1,2,1338,870,778,0,14,3076,510,0,14,0,14,0,14,0,14,0,14,27.3,4.7,0.0,1.5,95.8,2.8,0.0,1.5,0.0,1.5,0.0,1.5,0.0,1.5,0.0,1.5
72,Puerto Rico,PR,72025,Caguas,72025201300,"Census Tract 2013, Caguas Municipio, Puerto Rico",0.293330183644,2247,432,1257,168,973,157,1234,366,115,69,288,105,277,112,245,126,697,180,241,116,524,183,68,57,1070,275,2226,432,41,46,0,14,9,19,148,79,0,14,54.9,12.4,13.3,8.5,29.6,9.7,15.6,6.1,11.0,5.6,31.0,7.3,10.7,4.7,23.5,7.2,7.0,5.7,49.9,8.5,99.1,2.6,3.3,3.6,0.0,3.7,0.9,1.9,15.2,7.6,0.0,0.6,0.3348,0.4631,0.7671,0.2654,0.8644,2.6948,0.6139,0.9252,0.0693,0.577,0.4182,0.2124,2.2021,0.3221,0.2914,0.2914,0.2914,0.5883,0.0,0.2622,0.5694,0.0,1.4199,0.2375,6.6082,0.3243,0,0,0,0,0,0,1,0,0,0,0,1,0,0,0,0,0,0,0,0,1,1230,432,606,0,14,2226,431,0,14,0,14,0,14,0,14,0,14,19.2,3.7,0.0,2.1,99.1,1.5,0.0,2.1,0.0,2.1,0.0,2.1,0.0,2.1,0.0,2.1
72,Puerto Rico,PR,72025,Caguas,72025201400,"Census Tract 2014, Caguas Municipio, Puerto Rico",0.159372094744,1958,322,949,102,814,103,1246,313,31,29,288,85,266,120,64,48,398,100,388,173,639,145,94,66,1233,254,1958,323,45,44,0,14,7,16,222,82,0,14,63.6,12.1,4.8,4.4,35.4,9.4,18.9,7.9,3.3,2.4,20.3,4.9,19.8,8.2,32.6,6.0,11.5,8.0,67.0,8.7,100.0,1.3,4.7,4.6,0.0,4.9,0.9,2.0,27.3,9.1,0.0,0.7,0.519,0.0965,0.8992,0.377,0.1204,2.0121,0.2777,0.454,0.6295,0.9208,0.7378,0.5894,3.3315,0.9035,0.5536,0.5536,0.5536,0.6425,0.0,0.2622,0.8612,0.0,1.7659,0.397,7.6631,0.5748,0,0,0,0,0,0,0,0,1,0,0,1,0,0,0,0,0,0,0,0,1,975,346,461,0,14,1958,322,0,14,0,14,0,14,0,14,0,14,17.7,2.9,0.0,2.4,100.0,2.4,0.0,2.4,0.0,2.4,0.0,2.4,0.0,2.4,0.0,2.4
72,Puerto Rico,PR,72025,Caguas,72025201500,"Census Tract 2015, Caguas Municipio, Puerto Rico",0.2272650426279999,2314,435,1263,144,984,143,1160,367,97,63,406,142,258,113,107,66,524,116,451,189,529,144,121,89,1394,354,2305,434,226,75,8,13,0,19,120,73,17,28,50.5,12.7,11.8,6.8,41.3,13.1,14.5,5.5,4.7,2.7,22.6,5.8,19.5,7.3,23.0,6.7,12.3,8.9,62.0,10.9,99.6,1.1,17.9,5.6,0.6,1.0,0.0,1.9,12.2,7.2,0.7,1.2,0.2514,0.3915,0.9718,0.2254,0.2809,2.121,0.3341,0.6132,0.6056,0.551,0.779,0.4561,3.0049,0.7777,0.4594,0.4594,0.4594,0.8353,0.8048,0.0,0.3959,0.6956,2.7316,0.8308,8.3169,0.7299,0,0,1,0,0,1,0,0,0,0,0,0,0,0,0,0,0,0,0,0,1,1726,459,605,0,14,2305,433,0,14,0,14,0,14,0,14,0,14,20.0,3.8,0.0,2.0,99.6,0.6,0.0,2.0,0.0,2.0,0.0,2.0,0.0,2.0,0.0,2.0
72,Puerto Rico,PR,72025,Caguas,72025201600,"Census Tract 2016, Caguas Municipio, Puerto Rico",0.202474977616,2505,518,1230,180,1001,158,1920,480,310,145,307,125,368,150,86,86,318,110,676,277,926,221,186,93,1618,409,2457,530,124,66,0,14,0,19,382,124,12,17,76.6,10.8,34.0,11.6,30.7,11.5,25.0,8.7,3.4,3.4,12.7,4.7,27.0,9.5,37.0,8.6,18.6,8.8,68.3,10.6,98.1,6.0,10.1,5.2,0.0,3.8,0.0,1.9,38.2,10.4,0.5,0.7,0.8332,0.9338,0.7996,0.6024,0.1345,3.3035,0.8547,0.0661,0.9469,0.974,0.9296,0.6295,3.5461,0.9599,0.1452,0.1452,0.1452,0.7562,0.0,0.0,0.9479,0.6165,2.3206,0.6703,9.3154,0.8796,0,1,0,0,0,1,0,1,1,1,0,3,0,0,0,0,0,1,0,1,5,2910,675,743,0,14,2457,529,0,14,0,14,0,14,0,14,0,14,27.1,5.6,0.0,1.9,98.1,1.9,0.0,1.9,0.0,1.9,0.0,1.9,0.0,1.9,0.0,1.9
72,Puerto Rico,PR,72025,Caguas,72025201700,"Census Tract 2017, Caguas Municipio, Puerto Rico",0.220918297952,2163,371,969,127,874,124,1500,290,239,109,230,83,230,65,203,87,431,74,457,140,657,146,151,68,1281,268,2134,370,191,65,0,14,14,26,276,80,0,14,69.3,6.2,25.3,9.1,26.3,8.7,16.6,4.9,9.4,3.6,19.9,4.5,21.1,5.4,30.5,5.1,17.3,7.4,62.6,7.3,98.7,2.5,19.7,6.2,0.0,4.8,1.6,3.0,31.6,8.5,0.0,0.6,0.6522,0.8286,0.636,0.3044,0.7852,3.2064,0.8275,0.4269,0.7216,0.8818,0.9133,0.4605,3.4041,0.9273,0.2221,0.2221,0.2221,0.8483,0.0,0.3922,0.9089,0.0,2.1494,0.5868,8.982,0.8416,0,0,0,0,0,0,0,0,0,1,0,1,0,0,0,0,0,1,0,1,2,1336,483,523,0,14,2119,368,0,14,0,14,0,14,0,14,15,24,22.3,3.8,0.0,2.2,98.0,1.7,0.0,2.2,0.0,2.2,0.0,2.2,0.0,2.2,0.7,1.1
72,Puerto Rico,PR,72025,Caguas,72025201800,"Census Tract 2018, Caguas Municipio, Puerto Rico",0.482723253296,2706,376,1250,122,1163,123,1200,317,106,69,182,77,254,90,64,67,993,185,421,177,755,211,87,64,1558,283,2598,361,186,76,0,14,0,19,256,92,0,14,44.3,10.0,11.4,7.2,15.6,6.4,12.4,4.3,2.4,2.5,36.7,7.3,15.6,6.2,27.9,6.7,7.5,5.4,58.9,7.0,96.0,0.2,14.9,5.9,0.0,3.7,0.0,1.6,22.0,7.5,0.0,0.5,0.1625,0.3774,0.1679,0.1593,0.0575,0.9246,0.013,0.9859,0.2893,0.7907,0.4605,0.3803,2.9067,0.7278,0.0542,0.0542,0.0542,0.8082,0.0,0.0,0.7809,0.0,1.5891,0.3265,5.4746,0.1215,0,0,0,0,0,0,1,0,0,0,0,1,0,0,0,0,0,0,0,0,1,4342,713,554,19,31,2562,358,0,14,0,14,0,14,17,28,0,14,26.3,3.7,0.7,1.2,94.7,3.5,0.0,1.7,0.0,1.7,0.0,1.7,0.6,1.0,0.0,1.7
72,Puerto Rico,PR,72025,Caguas,72025201900,"Census Tract 2019, Caguas Municipio, Puerto Rico",0.123298584884,1408,258,502,72,445,67,666,223,39,43,106,54,156,84,82,52,249,76,294,127,398,115,38,33,841,250,1389,256,0,19,0,14,47,31,84,40,0,14,47.3,13.3,7.6,7.2,23.8,11.6,16.0,8.2,5.8,3.6,17.7,5.9,20.9,8.2,28.3,7.5,8.5,7.3,61.4,14.4,98.7,1.9,0.0,3.8,0.0,9.0,10.6,6.8,18.9,8.7,0.0,1.0,0.2048,0.1974,0.5168,0.2839,0.4273,1.6302,0.1258,0.2828,0.7096,0.8091,0.5471,0.441,2.7896,0.6757,0.2221,0.2221,0.2221,0.0,0.0,0.9924,0.7169,0.0,1.7093,0.3731,6.3512,0.2711,0,0,0,0,0,0,0,0,0,0,0,0,0,0,0,0,1,0,0,1,1,627,412,366,0,14,1389,254,0,14,0,14,0,14,0,14,0,14,29.3,5.4,0.0,3.3,98.7,2.0,0.0,3.3,0.0,3.3,0.0,3.3,0.0,3.3,0.0,3.3
72,Puerto Rico,PR,72025,Caguas,72025202000,"Census Tract 2020, Caguas Municipio, Puerto Rico",0.424772818014,3585,658,1599,193,1340,191,2304,614,145,89,311,115,367,232,261,165,797,236,696,263,920,295,87,69,2273,487,3585,658,110,59,0,14,73,62,172,78,6,4,64.7,12.6,10.8,6.4,23.2,7.9,14.2,7.8,7.3,4.4,22.2,5.9,19.4,6.4,25.7,6.0,6.5,5.1,66.4,7.2,100.0,0.0,6.9,3.6,0.0,2.9,5.4,4.6,12.8,5.8,0.2,0.1,0.5515,0.3579,0.4778,0.2167,0.6106,2.2145,0.3807,0.5915,0.5991,0.6941,0.3759,0.5655,2.8261,0.6941,0.5536,0.5536,0.5536,0.7075,0.0,0.8646,0.4317,0.4735,2.4773,0.7386,8.0715,0.6692,0,0,0,0,0,0,0,0,0,0,0,0,0,0,0,0,0,0,0,0,0,1637,783,883,0,14,3585,658,0,14,0,14,0,14,0,14,0,14,21.9,4.0,0.0,1.3,100.0,1.3,0.0,1.3,0.0,1.3,0.0,1.3,0.0,1.3,0.0,1.3
72,Puerto Rico,PR,72025,Caguas,72025202100,"Census Tract 2021, Caguas Municipio, Puerto Rico",0.344381362288,3203,574,1417,146,1157,150,1851,589,109,79,308,113,259,123,142,89,698,192,610,299,654,194,100,76,1967,469,3192,572,132,85,0,14,56,65,210,113,0,14,57.8,15.2,9.6,6.5,26.6,9.1,11.3,4.9,4.4,2.8,21.8,6.4,19.0,8.7,20.4,5.4,8.6,6.5,63.3,10.2,99.7,25.3,9.3,5.9,0.0,3.3,4.8,5.6,18.2,8.9,0.0,0.4,0.3933,0.308,0.6501,0.1278,0.244,1.7232,0.1584,0.5666,0.5634,0.3959,0.5525,0.4745,2.5529,0.5163,0.4886,0.4886,0.4886,0.7476,0.0,0.8147,0.6941,0.0,2.2564,0.6356,7.0211,0.4111,0,0,0,0,0,0,0,0,0,0,0,0,0,0,0,0,0,0,0,0,0,1348,726,793,0,14,3192,571,0,14,0,14,0,14,0,14,0,14,22.7,4.1,0.0,1.5,99.7,0.5,0.0,1.5,0.0,1.5,0.0,1.5,0.0,1.5,0.0,1.5
72,Puerto Rico,PR,72025,Caguas,72025202200,"Census Tract 2022, Caguas Municipio, Puerto Rico",0.221612509348,1515,291,776,94,581,87,924,215,69,43,173,65,202,70,89,49,306,85,283,123,450,114,61,45,925,220,1503,289,0,19,0,14,0,19,120,45,10,8,61.0,8.0,12.3,7.6,29.8,10.3,17.4,5.6,5.9,2.9,20.2,5.4,18.7,7.3,29.7,7.9,10.5,7.6,63.2,7.8,99.2,0.9,0.0,2.4,0.0,5.9,0.0,3.3,20.7,7.7,0.7,0.5,0.4615,0.4197,0.7736,0.3261,0.4458,2.4267,0.4881,0.4475,0.545,0.8579,0.675,0.4724,2.9978,0.7733,0.3218,0.3218,0.3218,0.0,0.0,0.0,0.7549,0.6956,1.4505,0.256,7.1968,0.4523,0,0,0,0,0,0,0,0,0,0,0,0,0,0,0,0,0,0,0,0,0,2021,277,410,0,14,1503,287,0,14,0,14,0,14,0,14,0,14,18.4,3.6,0.0,3.1,99.2,1.3,0.0,3.1,0.0,3.1,0.0,3.1,0.0,3.1,0.0,3.1
72,Puerto Rico,PR,72025,Caguas,72025202300,"Census Tract 2023, Caguas Municipio, Puerto Rico",0.282496547626,3066,520,1449,158,1252,149,1762,463,94,80,438,140,465,171,245,152,776,166,572,272,803,240,170,104,1882,393,3066,523,0,19,10,16,0,19,255,95,0,14,57.5,11.5,8.1,7.2,35.0,10.4,21.0,7.2,8.0,4.8,25.3,7.3,18.7,8.3,26.2,8.3,13.6,8.1,63.4,7.9,100.0,1.8,0.0,1.3,0.7,1.1,0.0,1.5,20.4,7.5,0.0,0.5,0.3846,0.2169,0.8927,0.4605,0.6876,2.6423,0.59,0.7638,0.545,0.7148,0.8342,0.4756,3.3334,0.9046,0.5536,0.5536,0.5536,0.0,0.8275,0.0,0.7505,0.0,1.578,0.3221,8.1073,0.6757,0,0,0,0,0,0,0,0,0,0,0,0,0,0,0,0,0,0,0,0,0,1399,747,747,0,14,3039,521,0,14,0,14,0,14,0,14,27,46,24.4,4.1,0.0,1.5,99.1,1.5,0.0,1.5,0.0,1.5,0.0,1.5,0.0,1.5,0.9,1.5
72,Puerto Rico,PR,72025,Caguas,72025202402,"Census Tract 2024.02, Caguas Municipio, Puerto Rico",1.110751361068,6147,990,2924,333,2439,347,2172,664,68,65,455,174,705,278,312,197,1102,307,1061,386,1095,270,323,178,3015,686,6147,990,454,166,0,20,30,53,255,149,72,50,36.2,9.3,2.3,2.2,18.7,6.6,15.8,5.5,5.1,3.0,17.9,5.4,17.3,5.6,18.0,3.9,13.2,7.1,50.2,8.3,100.0,0.0,15.5,5.4,0.0,1.6,1.2,2.2,10.5,6.1,1.2,0.8,0.0834,0.0271,0.2654,0.2709,0.3384,0.9852,0.0249,0.2979,0.4128,0.2787,0.818,0.2167,2.0241,0.2299,0.5536,0.5536,0.5536,0.8158,0.0,0.3174,0.3059,0.7952,2.2343,0.6204,5.7972,0.1768,0,0,0,0,0,0,0,0,0,0,0,0,0,0,0,0,0,0,0,0,0,2621,1133,1393,0,20,6128,989,0,20,0,20,0,20,0,20,19,30,18.7,3.1,0.0,0.8,99.7,0.5,0.0,0.8,0.0,0.8,0.0,0.8,0.0,0.8,0.3,0.5
72,Puerto Rico,PR,72025,Caguas,72025202403,"Census Tract 2024.03, Caguas Municipio, Puerto Rico",2.677710806684,3450,595,1551,160,1172,163,1419,381,65,64,225,101,441,171,271,169,560,173,526,205,684,168,44,51,2103,398,3450,596,13,24,0,14,89,65,68,55,83,37,41.1,8.5,3.7,3.6,19.2,8.2,17.7,6.1,7.9,4.7,16.2,5.5,15.2,5.3,19.8,4.6,3.8,4.3,65.4,5.1,100.0,1.0,0.8,1.5,0.0,3.0,7.6,5.4,5.8,4.7,2.4,1.0,0.1268,0.0618,0.2828,0.3369,0.6746,1.4829,0.0813,0.1885,0.2622,0.3633,0.1593,0.5363,1.5096,0.0792,0.5536,0.5536,0.5536,0.4171,0.0,0.9632,0.0846,0.9079,2.3728,0.692,5.9189,0.192,0,0,0,0,0,0,0,0,0,0,0,0,0,0,0,0,1,0,1,2,2,1432,840,827,11,17,3439,595,0,14,0,14,0,14,0,14,0,14,24.9,4.4,0.3,0.5,99.7,0.5,0.0,1.4,0.0,1.4,0.0,1.4,0.0,1.4,0.0,1.4
72,Puerto Rico,PR,72025,Caguas,72025202404,"Census Tract 2024.04, Caguas Municipio, Puerto Rico",2.765041287554,4631,707,1895,184,1695,195,2082,540,59,66,328,148,542,219,346,155,773,237,788,365,985,246,135,99,3066,486,4631,707,0,19,0,14,25,43,59,57,101,100,45.6,9.6,2.9,3.2,19.4,8.4,16.5,6.3,7.6,3.4,16.7,5.1,17.0,7.4,21.6,4.6,8.0,5.8,68.6,3.3,100.0,0.0,0.0,1.0,0.0,2.5,1.5,2.5,3.5,3.3,2.2,2.1,0.1842,0.0423,0.2958,0.3012,0.6421,1.4656,0.0781,0.2232,0.3933,0.4729,0.5016,0.6381,2.2291,0.3406,0.5536,0.5536,0.5536,0.0,0.0,0.3759,0.039,0.8992,1.3141,0.1996,5.5624,0.141,0,0,0,0,0,0,0,0,0,0,0,0,0,0,0,0,0,0,0,0,0,2123,583,997,0,14,4631,707,0,14,0,14,0,14,0,14,0,14,12.9,2.0,0.0,1.0,100.0,1.0,0.0,1.0,0.0,1.0,0.0,1.0,0.0,1.0,0.0,1.0
72,Puerto Rico,PR,72025,Caguas,72025202500,"Census Tract 2025, Caguas Municipio, Puerto Rico",4.404777485252,3616,666,1627,174,1236,181,1778,541,14,22,239,104,596,203,47,58,833,228,729,248,647,195,135,87,2215,442,3605,668,24,40,14,22,64,59,111,73,13,22,49.3,11.9,1.1,1.8,19.3,7.9,24.5,7.0,1.3,1.6,23.0,5.8,20.2,5.8,18.0,4.9,10.9,6.9,64.2,4.5,99.7,2.0,1.5,2.5,0.9,1.4,5.2,4.7,9.0,5.9,0.4,0.6,0.2286,0.0141,0.2893,0.5861,0.0217,1.1398,0.0347,0.6468,0.6587,0.2787,0.7031,0.493,2.7803,0.6681,0.4886,0.4886,0.4886,0.5016,0.8633,0.8527,0.2267,0.5688,3.0131,0.9024,7.4218,0.513,0,0,0,0,0,0,0,0,0,0,0,0,0,0,0,0,0,0,0,0,0,2406,557,935,0,14,3605,668,0,14,0,14,0,14,0,14,0,14,15.5,2.9,0.0,1.3,99.7,0.5,0.0,1.3,0.0,1.3,0.0,1.3,0.0,1.3,0.0,1.3
72,Puerto Rico,PR,72025,Caguas,72025202601,"Census Tract 2026.01, Caguas Municipio, Puerto Rico",0.940822079338,5176,960,2412,263,2027,254,2666,773,162,90,667,210,507,208,490,264,944,249,857,411,918,258,53,60,2942,704,5176,961,0,28,0,20,165,119,125,83,153,170,52.3,11.5,7.2,4.1,32.9,9.5,13.2,5.1,9.7,5.1,18.2,6.0,16.6,7.3,18.2,5.5,2.6,2.9,58.1,9.2,100.0,0.8,0.0,1.2,0.0,1.9,8.1,5.8,6.2,4.0,3.0,3.2,0.2817,0.1735,0.8581,0.1896,0.8037,2.3066,0.4295,0.3164,0.3619,0.2863,0.0823,0.3673,1.4142,0.0586,0.5536,0.5536,0.5536,0.0,0.0,0.9686,0.0987,0.9307,1.998,0.5043,6.2724,0.2495,0,0,0,0,0,0,0,0,0,0,0,0,0,0,0,0,1,0,1,2,2,2352,1285,1360,0,20,5176,960,0,20,0,20,0,20,0,20,0,20,25.6,4.8,0.0,0.9,100.0,0.9,0.0,0.9,0.0,0.9,0.0,0.9,0.0,0.9,0.0,0.9
72,Puerto Rico,PR,72025,Caguas,72025202602,"Census Tract 2026.02, Caguas Municipio, Puerto Rico",3.906931002718,7633,941,3177,257,2752,248,3074,828,438,184,551,193,1137,297,364,189,1297,336,1515,416,1431,319,239,159,3696,746,7564,936,0,28,0,20,77,77,409,171,86,131,40.6,9.8,14.9,6.3,20.0,6.8,21.0,5.3,4.8,2.6,17.0,4.6,19.8,4.9,18.9,4.1,8.7,5.7,50.3,8.0,99.1,1.1,0.0,0.9,0.0,1.5,2.8,2.8,14.9,6.3,1.1,1.7,0.1192,0.5347,0.3229,0.4605,0.2972,1.7345,0.1616,0.2394,0.6295,0.3156,0.5612,0.2189,1.9646,0.2028,0.2914,0.2914,0.2914,0.0,0.0,0.5991,0.5499,0.7746,1.9236,0.4751,5.9141,0.1909,0,0,0,0,0,0,0,0,0,0,0,0,0,0,0,0,0,0,0,0,0,3345,1767,1323,0,20,7564,935,0,20,0,20,0,20,0,20,0,20,23.4,2.9,0.0,0.6,99.1,1.2,0.0,0.6,0.0,0.6,0.0,0.6,0.0,0.6,0.0,0.6
72,Puerto Rico,PR,72025,Caguas,72025202701,"Census Tract 2027.01, Caguas Municipio, Puerto Rico",4.47715191905,5595,761,2244,210,1954,219,3490,676,154,97,415,141,1098,283,317,156,882,252,1347,401,1398,316,179,102,4034,609,5533,748,0,28,0,20,79,66,113,79,48,23,62.4,8.6,6.7,4.0,21.2,6.8,28.4,6.5,5.7,2.7,15.8,4.8,24.1,6.4,25.0,5.9,9.2,5.1,74.1,5.2,98.9,19.0,0.0,1.2,0.0,2.1,4.0,3.3,5.8,4.1,0.9,0.4,0.493,0.1573,0.3922,0.6988,0.4165,2.1578,0.3525,0.169,0.8776,0.6464,0.5861,0.7952,3.0743,0.8102,0.2579,0.2579,0.2579,0.0,0.0,0.74,0.0846,0.7389,1.5635,0.3124,7.0535,0.4208,0,0,0,0,0,0,0,0,0,0,0,0,0,0,0,0,0,0,0,0,0,2294,1066,1083,0,20,5533,747,0,20,0,20,0,20,0,20,0,20,19.2,2.6,0.0,0.8,98.9,1.0,0.0,0.8,0.0,0.8,0.0,0.8,0.0,0.8,0.0,0.8
72,Puerto Rico,PR,72025,Caguas,72025202702,"Census Tract 2027.02, Caguas Municipio, Puerto Rico",8.408719704286,4455,714,2003,194,1696,199,2811,595,127,86,239,114,1016,288,189,126,1188,255,664,260,1363,298,49,57,3328,584,4455,704,0,19,25,39,97,82,203,100,45,29,64.1,8.8,10.0,6.7,14.1,6.5,28.0,6.8,4.3,2.7,26.7,5.7,14.9,5.3,30.9,6.3,2.9,3.3,75.8,5.8,100.0,22.5,0.0,0.9,1.2,1.9,5.7,4.8,12.0,5.9,1.0,0.6,0.532,0.3265,0.1213,0.6891,0.2321,1.901,0.2289,0.8126,0.2416,0.8883,0.1008,0.8364,2.8797,0.7169,0.5536,0.5536,0.5536,0.0,0.9132,0.8852,0.3872,0.7595,2.9451,0.8839,8.2794,0.7223,0,0,0,0,0,0,0,0,0,0,0,0,0,0,0,1,0,0,0,1,1,2146,1167,1045,0,14,4399,701,0,14,0,14,0,14,0,14,56,63,26.5,4.3,0.0,1.1,98.7,1.4,0.0,1.1,0.0,1.1,0.0,1.1,0.0,1.1,1.3,1.4
72,Puerto Rico,PR,72025,Caguas,72025202800,"Census Tract 2028, Caguas Municipio, Puerto Rico",6.133851122016,3218,577,1469,154,1200,151,2239,612,60,54,98,74,704,217,204,190,659,192,741,330,751,210,55,65,2484,542,3149,555,12,23,0,14,59,58,211,121,0,14,69.6,14.4,6.1,5.6,8.2,6.1,31.3,9.0,6.3,5.8,20.5,6.5,23.0,9.4,23.3,7.3,4.6,5.4,79.6,9.9,97.9,24.6,0.8,1.6,0.0,3.2,4.9,4.8,17.6,9.8,0.0,0.4,0.6631,0.1399,0.0152,0.7898,0.4892,2.0972,0.32,0.468,0.8321,0.5672,0.2232,0.9068,2.9973,0.7722,0.1278,0.1278,0.1278,0.4171,0.0,0.8299,0.6768,0.0,1.9238,0.4761,7.1461,0.4447,0,0,0,0,0,0,0,0,0,0,1,1,0,0,0,0,0,0,0,0,1,1743,774,838,0,14,3138,554,11,19,0,14,0,14,0,14,0,14,24.1,4.3,0.0,1.5,97.5,2.4,0.3,0.6,0.0,1.5,0.0,1.5,0.0,1.5,0.0,1.5
72,Puerto Rico,PR,72027,Camuy,72027320100,"Census Tract 3201, Camuy Municipio, Puerto Rico",0.715637740388,2812,540,1388,164,1083,162,2021,444,120,49,228,98,546,151,268,138,693,192,539,235,490,155,122,86,1654,371,2803,541,0,19,0,14,20,34,307,100,17,16,73.7,7.7,14.2,7.1,21.1,8.5,28.0,7.2,9.6,4.5,24.6,6.8,19.2,7.5,17.5,5.0,11.3,7.8,60.8,7.6,99.7,1.9,0.0,1.4,0.0,3.4,1.8,3.1,28.3,8.0,0.6,0.6,0.7681,0.5054,0.3857,0.6891,0.7961,3.1444,0.7993,0.7313,0.5818,0.2516,0.727,0.4301,2.7218,0.6236,0.4886,0.4886,0.4886,0.0,0.0,0.4345,0.8774,0.6522,1.9641,0.4902,8.3189,0.731,0,0,0,0,0,0,0,0,0,0,0,0,0,0,0,0,0,0,0,0,0,2745,521,761,0,14,2803,540,0,14,0,14,0,14,0,14,0,14,18.6,3.6,0.0,1.7,99.7,0.4,0.0,1.7,0.0,1.7,0.0,1.7,0.0,1.7,0.0,1.7
72,Puerto Rico,PR,72027,Camuy,72027320200,"Census Tract 3202, Camuy Municipio, Puerto Rico",4.138314981482,6688,979,2707,252,2244,306,3698,903,109,85,585,222,1112,325,241,194,1297,288,1200,378,941,302,177,104,4180,759,6555,951,43,52,0,20,99,92,252,120,0,20,55.3,10.8,4.9,3.7,26.1,9.2,23.5,7.1,3.7,2.8,19.4,4.5,17.9,5.0,14.3,4.3,7.9,4.5,64.3,6.9,98.0,20.2,1.6,1.9,0.0,1.7,4.4,4.1,11.2,5.3,0.0,0.3,0.3434,0.0998,0.6262,0.546,0.1649,1.7803,0.1822,0.3889,0.4724,0.1453,0.4962,0.4973,2.0001,0.218,0.1343,0.1343,0.1343,0.5157,0.0,0.7822,0.3449,0.0,1.6428,0.3449,5.5575,0.1388,0,0,0,0,0,0,0,0,0,0,0,0,0,0,0,0,0,0,0,0,0,4309,1483,1370,0,20,6555,950,0,20,0,20,0,20,0,20,0,20,22.2,3.3,0.0,0.7,98.0,1.4,0.0,0.7,0.0,0.7,0.0,0.7,0.0,0.7,0.0,0.7
72,Puerto Rico,PR,72027,Camuy,72027320300,"Census Tract 3203, Camuy Municipio, Puerto Rico",8.583393793494,6088,874,2860,300,2319,316,3518,753,162,133,422,168,812,278,260,234,1233,318,869,319,989,279,97,91,4207,690,6051,875,54,65,0,20,0,28,137,96,54,81,57.8,9.2,7.8,6.2,18.2,6.8,17.7,5.5,4.3,3.9,20.3,5.1,14.3,4.8,16.2,4.4,4.2,3.9,72.0,5.7,99.4,1.7,1.9,2.3,0.0,1.6,0.0,1.2,5.9,4.0,0.9,1.3,0.3933,0.2082,0.2438,0.3369,0.2321,1.4143,0.0694,0.454,0.2004,0.2072,0.1874,0.7259,1.7749,0.1312,0.3694,0.3694,0.3694,0.5352,0.0,0.0,0.0868,0.7389,1.3609,0.2082,4.9195,0.0727,0,0,0,0,0,0,0,0,0,0,0,0,0,0,0,0,0,0,0,0,0,4373,1791,1215,0,20,6051,874,0,20,0,20,0,20,0,20,0,20,29.7,4.3,0.0,0.8,99.4,0.6,0.0,0.8,0.0,0.8,0.0,0.8,0.0,0.8,0.0,0.8
72,Puerto Rico,PR,72027,Camuy,72027320401,"Census Tract 3204.01, Camuy Municipio, Puerto Rico",1.589202781836,3874,499,1880,168,1484,167,2150,459,121,72,396,123,571,163,238,123,570,150,779,250,606,198,153,88,2084,400,3862,500,0,19,0,14,0,19,68,43,0,14,55.5,9.4,8.4,5.0,26.7,7.7,21.3,5.5,6.1,3.1,14.7,3.9,20.1,5.9,15.6,5.2,10.3,5.8,56.4,8.2,99.7,1.3,0.0,1.0,0.0,2.5,0.0,1.3,4.6,2.9,0.0,0.4,0.351,0.2289,0.6533,0.4735,0.4642,2.1709,0.3623,0.1192,0.6511,0.1876,0.6663,0.3239,1.9481,0.1952,0.4886,0.4886,0.4886,0.0,0.0,0.0,0.0542,0.0,0.0542,0.0022,4.6618,0.0456,0,0,0,0,0,0,0,0,0,0,0,0,0,0,0,0,0,0,0,0,0,2981,769,691,0,14,3862,499,0,14,0,14,0,14,0,14,0,14,19.9,2.6,0.0,1.2,99.7,0.5,0.0,1.2,0.0,1.2,0.0,1.2,0.0,1.2,0.0,1.2
72,Puerto Rico,PR,72027,Camuy,72027320402,"Census Tract 3204.02, Camuy Municipio, Puerto Rico",3.938876309994,3031,525,1420,161,1223,159,2160,445,88,72,289,112,576,176,181,107,628,178,435,197,547,172,14,26,2106,385,3031,526,0,19,0,14,17,29,161,78,17,37,71.3,7.9,7.6,6.1,23.6,8.6,24.1,6.8,6.0,3.3,20.7,6.3,14.4,6.0,18.0,5.8,1.1,2.1,72.8,5.8,100.0,1.1,0.0,1.3,0.0,3.3,1.4,2.4,13.2,6.2,0.6,1.2,0.7064,0.1974,0.5027,0.5677,0.4566,2.4308,0.4913,0.4854,0.2037,0.2787,0.0314,0.7649,1.7641,0.128,0.5536,0.5536,0.5536,0.0,0.0,0.3597,0.4544,0.6522,1.4663,0.2646,6.2148,0.2386,0,0,0,0,0,0,0,0,0,0,0,0,0,0,0,0,0,0,0,0,0,2211,1046,723,0,14,3031,525,0,14,0,14,0,14,0,14,0,14,34.7,6.0,0.0,1.6,100.0,1.6,0.0,1.6,0.0,1.6,0.0,1.6,0.0,1.6,0.0,1.6
72,Puerto Rico,PR,72027,Camuy,72027320500,"Census Tract 3205, Camuy Municipio, Puerto Rico",17.434906082236,4250,566,1864,164,1546,175,3225,541,50,65,128,74,1094,242,143,102,900,232,966,265,705,217,138,82,3036,527,4224,567,0,19,22,35,0,19,189,79,29,47,76.8,7.9,4.5,6.0,8.3,4.7,37.6,6.5,3.4,2.3,21.2,5.1,22.7,5.5,16.7,4.8,8.9,5.2,74.6,8.4,99.4,1.7,0.0,1.0,1.2,1.9,0.0,1.2,12.2,5.1,0.7,1.1,0.8407,0.0835,0.0163,0.9122,0.1345,1.9872,0.2657,0.5135,0.8147,0.2223,0.5699,0.8061,2.9265,0.7397,0.3694,0.3694,0.3694,0.0,0.9132,0.0,0.3959,0.6956,2.0047,0.5119,7.2878,0.4707,0,0,0,1,0,1,0,0,0,0,0,0,0,0,0,1,0,0,0,1,2,5037,1532,791,1,3,4223,567,0,14,0,14,0,14,0,14,0,14,36.3,4.9,0.0,0.1,99.4,0.7,0.0,1.1,0.0,1.1,0.0,1.1,0.0,1.1,0.0,1.1
72,Puerto Rico,PR,72027,Camuy,72027320600,"Census Tract 3206, Camuy Municipio, Puerto Rico",9.954563231522,4323,705,1921,206,1450,189,3023,648,83,57,220,98,1455,407,332,175,929,218,852,264,877,273,43,44,2983,530,4322,705,0,19,14,23,16,29,177,85,5,12,69.9,9.7,7.2,4.7,15.2,6.5,45.8,9.1,7.7,4.0,21.5,5.5,19.7,5.2,20.3,5.5,3.0,3.0,71.8,4.8,100.0,0.0,0.0,1.0,0.7,1.2,1.1,2.0,12.2,5.6,0.1,0.3,0.6706,0.1735,0.1517,0.9859,0.6562,2.6379,0.5857,0.5385,0.6241,0.3905,0.1029,0.7205,2.3765,0.4002,0.5536,0.5536,0.5536,0.0,0.8275,0.3055,0.3959,0.4334,1.9623,0.4881,7.5303,0.5499,0,0,0,1,0,1,0,0,0,0,0,0,0,0,0,0,0,0,0,0,1,3734,1589,986,0,14,4322,705,0,14,0,14,0,14,0,14,0,14,36.8,6.0,0.0,1.1,100.0,0.1,0.0,1.1,0.0,1.1,0.0,1.1,0.0,1.1,0.0,1.1
72,Puerto Rico,PR,72029,Canóvanas,72029100101,"Census Tract 1001.01, Canóvanas Municipio, Puerto Rico",1.839585681714,3788,779,1358,176,1163,163,3350,782,580,192,200,99,901,300,418,205,566,231,769,344,795,198,123,76,2652,658,3788,779,0,19,18,28,58,53,132,78,0,14,88.4,9.8,34.4,7.7,17.2,8.2,35.2,9.1,11.0,4.7,14.9,5.8,20.3,8.1,21.0,4.9,10.6,6.4,75.2,10.1,100.0,0.0,0.0,1.4,1.3,2.1,5.0,4.5,11.3,6.8,0.0,0.4,0.9707,0.9349,0.2178,0.8797,0.8644,3.8675,0.9523,0.1289,0.6685,0.4371,0.6847,0.8234,2.7426,0.641,0.5536,0.5536,0.5536,0.0,0.9306,0.8418,0.3503,0.0,2.1227,0.5727,9.2864,0.8785,1,1,0,0,0,2,0,0,0,0,0,0,0,0,0,1,0,0,0,1,3,4467,746,1124,0,14,3788,779,0,14,0,14,0,14,0,14,0,14,19.7,4.1,0.0,1.2,100.0,1.2,0.0,1.2,0.0,1.2,0.0,1.2,0.0,1.2,0.0,1.2
72,Puerto Rico,PR,72029,Canóvanas,72029100103,"Census Tract 1001.03, Canóvanas Municipio, Puerto Rico",0.26855131559,3427,638,1344,180,1178,175,2074,529,185,120,271,117,826,284,371,174,708,249,504,179,934,265,151,89,2193,428,3427,638,0,19,0,14,68,63,149,82,0,14,60.5,10.6,13.7,7.4,23.0,9.3,30.6,8.5,10.8,4.8,20.7,6.5,14.7,4.4,27.3,6.2,12.8,7.3,66.9,2.6,100.0,0.0,0.0,1.4,0.0,3.5,5.8,5.3,12.6,6.5,0.0,0.4,0.4496,0.4805,0.468,0.766,0.8557,3.0198,0.7603,0.4854,0.2286,0.7711,0.805,0.5829,2.873,0.7137,0.5536,0.5536,0.5536,0.0,0.0,0.896,0.423,0.0,1.319,0.2007,7.7654,0.5954,0,0,0,0,0,0,0,0,0,0,0,0,0,0,0,0,0,0,0,0,0,3200,808,877,0,14,3427,638,0,14,0,14,0,14,0,14,0,14,23.6,4.4,0.0,1.4,100.0,1.4,0.0,1.4,0.0,1.4,0.0,1.4,0.0,1.4,0.0,1.4
72,Puerto Rico,PR,72029,Canóvanas,72029100104,"Census Tract 1001.04, Canóvanas Municipio, Puerto Rico",2.093748520172,3833,668,1691,188,1326,174,3380,652,726,344,125,84,1256,331,855,422,579,228,805,286,856,303,142,87,2976,567,3833,663,0,19,0,14,113,62,191,79,6,5,88.3,7.3,45.6,13.9,9.4,6.2,47.6,8.3,22.3,9.4,15.1,5.8,21.0,6.5,22.4,7.1,10.7,6.4,83.1,7.0,100.0,24.6,0.0,1.1,0.0,2.8,8.5,4.5,14.4,6.0,0.2,0.1,0.9697,0.9837,0.0293,0.9935,0.9892,3.9654,0.9664,0.1354,0.7151,0.5217,0.6945,0.9545,3.0212,0.782,0.5536,0.5536,0.5536,0.0,0.0,0.9762,0.5184,0.4735,1.9681,0.4924,9.5083,0.9013,1,1,0,1,1,4,0,0,0,0,1,1,0,0,0,0,1,0,0,1,6,3732,639,977,0,14,3814,662,0,14,0,14,0,14,0,14,19,30,16.7,2.9,0.0,1.2,99.5,0.8,0.0,1.2,0.0,1.2,0.0,1.2,0.0,1.2,0.5,0.8
72,Puerto Rico,PR,72029,Canóvanas,72029100200,"Census Tract 1002, Canóvanas Municipio, Puerto Rico",1.21684871575,2142,409,1012,100,767,99,1200,339,137,91,221,72,279,85,266,125,469,124,478,179,465,154,60,32,1209,282,2142,410,11,22,0,14,30,30,184,58,6,8,56.0,11.7,14.9,8.2,28.8,8.6,18.9,5.4,12.4,5.8,21.9,6.2,22.3,7.2,21.7,6.4,7.8,4.0,61.1,9.0,100.0,1.3,1.1,2.2,0.0,4.6,3.9,3.9,24.0,7.4,0.3,0.4,0.3597,0.5347,0.7411,0.377,0.9056,2.9181,0.7072,0.5742,0.7963,0.4805,0.4865,0.4355,2.773,0.6627,0.5536,0.5536,0.5536,0.454,0.0,0.7281,0.8091,0.5255,2.5167,0.7538,8.7614,0.8102,0,0,0,0,1,1,0,0,0,0,0,0,0,0,0,0,0,0,0,0,1,2392,504,578,16,19,2126,409,0,14,0,14,0,14,0,14,0,14,23.6,4.5,0.7,0.9,99.3,0.9,0.0,2.2,0.0,2.2,0.0,2.2,0.0,2.2,0.0,2.2
72,Puerto Rico,PR,72029,Canóvanas,72029100400,"Census Tract 1004, Canóvanas Municipio, Puerto Rico",1.445778630202,5985,1088,2104,255,1800,273,3620,841,564,256,365,170,698,247,851,331,821,269,1539,467,1208,443,242,142,3760,787,5985,1089,0,28,0,20,67,66,300,144,39,49,62.0,8.5,22.9,9.0,20.3,8.9,18.7,6.2,14.3,4.8,13.7,4.4,25.7,6.2,20.3,6.7,13.4,7.6,66.0,6.4,100.0,0.8,0.0,1.3,0.0,2.2,3.7,3.6,16.7,7.7,0.7,0.8,0.4832,0.7809,0.3369,0.3727,0.936,2.9097,0.7017,0.0878,0.9166,0.3905,0.8267,0.5569,2.7785,0.6649,0.5536,0.5536,0.5536,0.0,0.0,0.7064,0.6399,0.6956,2.0419,0.5325,8.2837,0.7267,0,0,0,0,1,1,0,1,0,0,0,1,0,0,0,0,0,0,0,0,2,2771,629,1539,0,20,5985,1088,0,20,0,20,0,20,0,20,0,20,10.6,2.0,0.0,0.8,100.0,0.8,0.0,0.8,0.0,0.8,0.0,0.8,0.0,0.8,0.0,0.8
72,Puerto Rico,PR,72029,Canóvanas,72029100502,"Census Tract 1005.02, Canóvanas Municipio, Puerto Rico",0.281517006852,3593,637,1364,151,1148,164,1912,463,263,127,299,116,419,166,383,184,835,311,538,207,819,309,56,50,2075,493,3593,637,216,91,0,14,112,73,126,63,1,32,53.5,8.8,17.2,7.9,26.0,9.4,15.1,4.5,10.7,4.6,23.2,7.0,15.0,5.1,22.8,6.7,4.9,4.3,58.7,9.3,100.0,0.0,15.8,6.4,0.0,3.4,9.8,6.2,11.0,5.4,0.0,0.9,0.3023,0.6236,0.623,0.247,0.8449,2.6408,0.5889,0.6544,0.2492,0.5434,0.2427,0.3759,2.0656,0.2581,0.5536,0.5536,0.5536,0.8169,0.0,0.9859,0.3341,0.0,2.1369,0.5781,7.3969,0.5065,0,0,0,0,0,0,0,0,0,0,0,0,0,0,0,0,1,0,0,1,1,2006,760,857,0,14,3593,637,0,14,0,14,0,14,0,14,0,14,21.2,3.7,0.0,1.3,100.0,1.3,0.0,1.3,0.0,1.3,0.0,1.3,0.0,1.3,0.0,1.3
72,Puerto Rico,PR,72029,Canóvanas,72029100503,"Census Tract 1005.03, Canóvanas Municipio, Puerto Rico",1.513723315754,6196,836,2122,213,1904,211,1695,528,374,166,645,174,108,61,460,203,537,199,1612,404,571,179,290,136,1867,462,6196,837,88,64,0,20,78,64,45,40,0,20,27.4,7.7,12.3,5.2,33.9,8.3,2.8,1.6,7.5,3.0,8.7,3.2,26.0,5.5,9.3,2.7,15.2,6.9,31.2,6.4,100.0,0.7,4.1,3.0,0.0,2.2,4.1,3.3,2.4,2.1,0.0,0.3,0.0423,0.4197,0.87,0.0173,0.6323,1.9816,0.2614,0.0206,0.9274,0.0423,0.8732,0.0618,1.9253,0.1833,0.5536,0.5536,0.5536,0.6219,0.0,0.753,0.0217,0.0,1.3966,0.2278,5.8571,0.1833,0,0,0,0,0,0,0,1,0,0,0,1,0,0,0,0,0,0,0,0,1,5076,202,1187,0,20,6196,836,0,20,0,20,0,20,0,20,0,20,3.3,0.5,0.0,0.8,100.0,0.8,0.0,0.8,0.0,0.8,0.0,0.8,0.0,0.8,0.0,0.8
72,Puerto Rico,PR,72029,Canóvanas,72029100504,"Census Tract 1005.04, Canóvanas Municipio, Puerto Rico",4.396418376952,3636,723,1233,168,1091,169,1030,417,296,205,277,120,151,112,400,344,459,172,924,291,265,138,15,27,1237,464,3636,723,0,19,0,14,36,41,73,50,0,14,28.3,10.0,16.3,9.1,25.4,10.3,6.1,4.4,11.1,8.3,12.6,5.0,25.4,6.2,7.4,3.6,1.4,2.5,35.6,11.4,100.0,0.0,0.0,1.5,0.0,3.8,3.3,3.7,6.7,4.4,0.0,0.4,0.0477,0.5857,0.5991,0.0498,0.8698,2.1521,0.3482,0.0618,0.9122,0.0217,0.039,0.078,1.1127,0.0206,0.5536,0.5536,0.5536,0.0,0.0,0.6544,0.1106,0.0,0.765,0.051,4.5834,0.0369,0,0,0,0,0,0,0,1,0,0,0,1,0,0,0,0,0,0,0,0,1,2676,253,1042,0,14,3636,723,0,14,0,14,0,14,0,14,0,14,7.0,1.4,0.0,1.3,100.0,1.3,0.0,1.3,0.0,1.3,0.0,1.3,0.0,1.3,0.0,1.3
72,Puerto Rico,PR,72029,Canóvanas,72029100601,"Census Tract 1006.01, Canóvanas Municipio, Puerto Rico",5.376930583584,2793,460,1286,144,1010,138,1750,487,217,124,145,103,503,177,195,141,663,220,318,172,678,213,47,56,1862,440,2776,461,0,19,0,14,58,57,103,78,0,14,62.7,14.0,22.9,10.5,14.4,10.0,23.6,7.5,7.0,4.9,23.7,8.0,11.4,5.9,24.3,7.7,4.7,5.5,67.3,11.5,99.4,2.1,0.0,1.5,0.0,3.6,5.7,5.6,10.2,7.7,0.0,0.5,0.4984,0.7809,0.13,0.5536,0.5781,2.541,0.5401,0.6858,0.0888,0.6171,0.2297,0.6002,2.2216,0.3319,0.3694,0.3694,0.3694,0.0,0.0,0.8852,0.295,0.0,1.1802,0.1551,6.3122,0.257,0,0,0,0,0,0,0,0,0,0,0,0,0,0,0,0,0,0,0,0,0,1847,624,666,0,14,2776,460,0,14,0,14,0,14,0,14,0,14,22.3,3.7,0.0,1.7,99.4,1.0,0.0,1.7,0.0,1.7,0.0,1.7,0.0,1.7,0.0,1.7
72,Puerto Rico,PR,72029,Canóvanas,72029100602,"Census Tract 1006.02, Canóvanas Municipio, Puerto Rico",2.318227064666,2724,524,1373,199,1144,183,1828,448,127,80,123,84,830,223,419,209,677,213,320,206,808,238,46,55,2006,415,2724,525,0,19,0,14,57,54,208,106,16,17,67.5,10.1,13.1,7.8,10.8,7.1,36.7,7.8,15.5,6.8,24.9,7.4,11.7,7.2,29.8,7.4,4.0,4.8,76.0,6.0,100.0,1.2,0.0,1.4,0.0,3.4,5.0,4.7,18.2,8.4,0.6,0.6,0.6121,0.4544,0.0466,0.8949,0.9588,2.9668,0.7354,0.7421,0.0964,0.8644,0.1733,0.8429,2.7191,0.6215,0.5536,0.5536,0.5536,0.0,0.0,0.8418,0.6941,0.6522,2.1881,0.6041,8.4276,0.756,0,0,0,0,1,1,0,0,0,0,0,0,0,0,0,0,0,0,0,0,1,1651,735,723,0,14,2724,524,0,14,0,14,0,14,0,14,0,14,27.1,5.3,0.0,1.7,100.0,1.7,0.0,1.7,0.0,1.7,0.0,1.7,0.0,1.7,0.0,1.7
72,Puerto Rico,PR,72029,Canóvanas,72029100700,"Census Tract 1007, Canóvanas Municipio, Puerto Rico",7.444628801816,4971,691,1917,168,1570,158,3938,723,398,176,168,99,1280,356,280,153,1023,311,937,274,1116,348,83,67,3250,566,4951,697,34,39,0,14,158,88,137,73,0,14,79.2,9.5,23.6,8.7,10.7,6.2,34.4,7.6,5.6,2.9,20.6,5.6,18.8,4.9,22.5,6.0,5.3,4.2,68.0,6.8,99.6,2.2,1.8,2.0,0.0,2.4,10.1,5.5,8.7,4.6,0.0,0.3,0.8808,0.7928,0.0455,0.8581,0.4002,2.9774,0.7397,0.4745,0.5536,0.5315,0.2784,0.6154,2.4534,0.4599,0.4594,0.4594,0.4594,0.5287,0.0,0.9902,0.2028,0.0,1.7217,0.3774,7.6119,0.5694,0,0,0,0,0,0,0,0,0,0,0,0,0,0,0,0,1,0,0,1,1,2507,886,998,0,14,4951,697,0,14,0,14,0,14,0,14,0,14,17.8,2.5,0.0,0.9,99.6,0.7,0.0,0.9,0.0,0.9,0.0,0.9,0.0,0.9,0.0,0.9
72,Puerto Rico,PR,72029,Canóvanas,72029100800,"Census Tract 1008, Canóvanas Municipio, Puerto Rico",4.67300988059,2032,464,752,104,604,103,1123,373,335,143,148,62,323,153,182,136,395,170,341,154,225,90,53,42,1132,283,2032,456,0,19,0,14,47,34,37,28,0,14,55.3,13.3,36.9,13.1,24.5,9.4,22.3,8.2,9.0,5.9,19.4,7.1,16.8,6.5,11.1,3.9,8.8,6.8,57.3,5.9,100.0,32.0,0.0,2.5,0.0,6.1,7.8,5.5,6.1,4.4,0.0,0.7,0.3434,0.9534,0.5471,0.506,0.757,3.1069,0.7896,0.3889,0.377,0.0694,0.5655,0.3456,1.7464,0.1236,0.5536,0.5536,0.5536,0.0,0.0,0.9664,0.0954,0.0,1.0618,0.1204,6.4687,0.2939,0,1,0,0,0,1,0,0,0,0,0,0,0,0,0,0,1,0,0,1,2,896,297,631,0,14,1990,451,42,66,0,14,0,14,0,14,0,14,14.6,3.3,0.0,2.3,97.9,3.2,2.1,3.2,0.0,2.3,0.0,2.3,0.0,2.3,0.0,2.3
72,Puerto Rico,PR,72031,Carolina,72031050105,"Census Tract 501.05, Carolina Municipio, Puerto Rico",0.282096932056,2122,448,1200,152,1083,166,1286,427,70,63,463,164,196,133,274,167,484,140,286,201,498,164,96,82,752,269,2122,449,373,95,0,14,0,19,143,79,0,14,60.9,15.6,7.4,6.6,42.8,13.6,12.2,7.3,12.9,7.3,22.8,7.4,13.5,9.0,23.5,8.5,8.9,7.4,36.8,10.8,100.0,1.4,31.1,6.9,0.0,3.9,0.0,1.8,13.2,7.2,0.0,0.7,0.4605,0.1833,0.9859,0.1528,0.9208,2.7033,0.6193,0.6316,0.1636,0.577,0.5699,0.0856,2.0277,0.2321,0.5536,0.5536,0.5536,0.9155,0.0,0.0,0.4544,0.0,1.3699,0.2137,6.6545,0.3319,0,0,1,0,1,2,0,0,0,0,0,0,0,0,1,0,0,0,0,1,3,1832,319,652,0,14,2122,448,0,14,0,14,0,14,0,14,0,14,15.0,3.2,0.0,2.2,100.0,2.2,0.0,2.2,0.0,2.2,0.0,2.2,0.0,2.2,0.0,2.2
72,Puerto Rico,PR,72031,Carolina,72031050106,"Census Tract 501.06, Carolina Municipio, Puerto Rico",0.084430468748,2037,435,2404,292,1311,186,709,234,40,47,546,192,72,61,226,164,741,186,115,84,415,148,26,31,314,154,1835,422,2257,288,0,14,47,60,198,103,0,14,34.8,8.8,4.7,5.4,41.6,13.4,4.3,3.6,11.4,6.7,36.4,12.3,5.6,3.9,20.9,8.1,2.0,2.3,15.7,7.0,90.1,7.7,93.9,3.7,0.0,2.0,3.6,4.5,15.1,7.6,0.0,0.7,0.0758,0.0922,0.9751,0.0271,0.8796,2.0498,0.3004,0.9848,0.0108,0.4317,0.0553,0.0108,1.4934,0.0748,0.0108,0.0108,0.0108,0.9989,0.0,0.688,0.5586,0.0,2.2455,0.6291,5.7995,0.1779,0,0,1,0,0,1,1,0,0,0,0,1,0,0,1,0,0,0,0,1,3,1645,515,576,0,14,1584,301,161,257,0,14,0,14,0,14,90,145,25.3,5.4,0.0,2.3,77.8,13.0,7.9,12.0,0.0,2.3,0.0,2.3,0.0,2.3,4.4,6.8
72,Puerto Rico,PR,72031,Carolina,72031050107,"Census Tract 501.07, Carolina Municipio, Puerto Rico",0.071382923862,1963,290,1958,206,1290,172,303,126,0,14,410,138,42,50,55,43,750,171,100,71,367,125,0,19,354,197,1857,290,1920,204,0,14,42,38,115,88,0,14,15.4,6.0,0.0,4.3,31.8,9.8,2.4,2.9,2.8,2.2,38.2,8.8,5.1,3.5,18.7,6.8,0.0,1.5,18.0,9.7,94.6,4.8,98.1,1.4,0.0,2.4,3.3,2.9,8.9,6.5,0.0,0.7,0.0119,0.0,0.8353,0.0098,0.0835,0.9405,0.0174,0.9913,0.0087,0.3113,0.0,0.0184,1.3297,0.0412,0.0314,0.0314,0.0314,1.0,0.0,0.6544,0.2158,0.0,1.8702,0.4436,4.1718,0.0239,0,0,0,0,0,0,1,0,0,0,0,1,0,0,1,0,0,0,0,1,2,720,338,407,0,14,1857,288,0,14,0,14,0,14,0,14,0,14,17.2,2.5,0.0,2.4,94.6,4.1,0.0,2.4,0.0,2.4,0.0,2.4,0.0,2.4,0.0,2.4
72,Puerto Rico,PR,72031,Carolina,72031050110,"Census Tract 501.10, Carolina Municipio, Puerto Rico",0.281132063158,4238,605,2000,207,1690,201,2194,550,357,152,550,157,702,251,539,229,768,175,739,273,1027,284,102,69,1738,379,4226,596,89,57,22,36,27,31,192,104,0,14,51.8,10.7,17.0,6.5,32.5,8.4,23.4,7.2,12.7,4.9,18.1,4.7,17.4,5.9,24.2,6.0,6.0,4.0,42.7,7.1,99.7,20.0,4.5,2.8,1.1,1.8,1.6,1.8,11.4,6.0,0.0,0.3,0.2741,0.6193,0.8516,0.5406,0.9154,3.201,0.8254,0.3099,0.4204,0.6095,0.3424,0.1289,1.8111,0.1432,0.4886,0.4886,0.4886,0.636,0.898,0.3922,0.3579,0.0,2.2841,0.6508,7.7848,0.603,0,0,0,0,1,1,0,0,0,0,0,0,0,0,0,0,0,0,0,0,1,1478,819,855,36,44,4190,594,0,14,0,14,0,14,0,14,0,14,19.3,2.8,0.8,1.0,98.9,1.2,0.0,1.1,0.0,1.1,0.0,1.1,0.0,1.1,0.0,1.1
72,Puerto Rico,PR,72031,Carolina,72031050111,"Census Tract 501.11, Carolina Municipio, Puerto Rico",0.177057496854,1288,247,1298,147,739,135,190,90,42,43,294,109,84,49,167,119,389,127,37,36,170,69,19,32,209,103,1234,255,1211,147,0,14,12,23,35,31,0,14,14.8,6.4,5.4,5.4,39.8,12.8,7.4,3.8,13.0,8.2,30.2,8.0,2.9,2.7,13.2,5.2,2.6,4.3,16.2,7.4,95.8,7.4,93.3,4.1,0.0,3.6,1.6,3.1,4.7,4.0,0.0,1.1,0.0098,0.1085,0.9469,0.0639,0.923,2.0521,0.3015,0.9036,0.0054,0.1117,0.0823,0.013,1.116,0.0217,0.0509,0.0509,0.0509,0.9978,0.0,0.3922,0.0564,0.0,1.4464,0.2549,4.6654,0.0466,0,0,1,0,1,2,1,0,0,0,0,1,0,0,1,0,0,0,0,1,4,1079,141,354,0,14,1213,253,0,14,0,14,0,14,10,16,11,19,10.9,2.1,0.0,3.6,94.2,4.9,0.0,3.6,0.0,3.6,0.0,3.6,0.8,1.2,0.9,1.5
72,Puerto Rico,PR,72031,Carolina,72031050112,"Census Tract 501.12, Carolina Municipio, Puerto Rico",0.386522078976,1174,488,668,200,440,170,479,299,105,127,171,120,118,81,92,78,191,116,76,88,99,69,0,19,225,159,1140,487,63,79,0,14,0,19,40,45,26,56,41.7,19.2,14.0,17.0,38.9,22.8,12.1,9.9,8.0,7.1,16.3,11.0,6.5,7.0,8.6,6.7,0.0,4.3,19.2,10.9,97.1,9.6,9.4,11.5,0.0,6.9,0.0,4.3,9.1,10.3,2.2,4.7,0.13,0.4924,0.9393,0.1495,0.6876,2.3988,0.4718,0.1939,0.0152,0.0347,0.0,0.0271,0.2709,0.0022,0.0867,0.0867,0.0867,0.7497,0.0,0.0,0.2332,0.8992,1.8821,0.4479,4.6385,0.0445,0,0,1,0,0,1,0,0,0,0,0,0,0,0,0,0,0,0,0,0,1,1498,199,680,0,14,1140,486,0,14,0,14,0,14,0,14,0,14,17.3,7.3,0.0,4.0,97.1,4.9,0.0,4.0,0.0,4.0,0.0,4.0,0.0,4.0,0.0,4.0
72,Puerto Rico,PR,72031,Carolina,72031050113,"Census Tract 501.13, Carolina Municipio, Puerto Rico",0.3922850374279999,4223,834,2667,305,2120,315,1323,496,215,130,894,266,155,154,705,312,976,371,406,261,419,238,79,82,952,339,4202,829,2304,321,0,14,0,19,88,88,0,14,31.3,10.0,8.6,5.0,42.2,10.9,4.5,4.3,16.7,6.5,23.1,8.9,9.6,5.9,9.9,5.5,3.7,3.8,23.0,6.9,99.5,27.8,86.4,6.9,0.0,1.8,0.0,0.9,4.2,4.3,0.0,0.3,0.0607,0.243,0.9837,0.0303,0.9675,2.2852,0.4187,0.6511,0.0379,0.0521,0.1506,0.0379,0.9296,0.0119,0.4193,0.4193,0.4193,0.9967,0.0,0.0,0.0466,0.0,1.0433,0.115,4.6774,0.0477,0,0,1,0,1,2,0,0,0,0,0,0,0,0,1,0,0,0,0,1,3,2328,567,1196,0,14,4202,829,0,14,0,14,0,14,0,14,0,14,13.4,2.7,0.0,1.1,99.5,0.8,0.0,1.1,0.0,1.1,0.0,1.1,0.0,1.1,0.0,1.1
72,Puerto Rico,PR,72031,Carolina,72031050211,"Census Tract 502.11, Carolina Municipio, Puerto Rico",0.499407879022,3619,701,1716,195,1367,176,1836,520,132,81,422,138,357,135,393,170,650,146,889,322,612,141,173,82,1494,329,3619,696,117,43,0,14,111,80,200,83,0,14,50.7,10.5,9.2,5.0,30.9,9.3,15.4,5.7,10.9,4.4,18.0,4.9,24.6,7.5,16.9,4.4,12.7,5.8,43.6,4.8,100.0,27.3,6.8,2.4,0.0,2.7,8.1,5.8,14.6,6.3,0.0,0.4,0.2535,0.2722,0.8061,0.2611,0.859,2.4519,0.5011,0.3066,0.8949,0.2299,0.7996,0.1354,2.3664,0.3959,0.5536,0.5536,0.5536,0.7064,0.0,0.9686,0.5293,0.0,2.2043,0.6095,7.5762,0.5597,0,0,0,0,0,0,0,0,0,0,0,0,0,0,0,0,1,0,0,1,1,1198,749,950,85,135,3534,683,0,14,0,14,0,14,0,14,0,14,20.7,4.0,2.3,3.7,97.7,3.7,0.0,1.3,0.0,1.3,0.0,1.3,0.0,1.3,0.0,1.3
72,Puerto Rico,PR,72031,Carolina,72031050212,"Census Tract 502.12, Carolina Municipio, Puerto Rico",0.466997704938,4591,834,2221,295,1744,280,2150,810,228,164,735,268,394,209,396,328,1027,281,884,345,816,300,142,121,1682,437,4538,823,258,141,0,14,30,50,184,156,45,60,47.3,15.6,12.8,8.4,42.1,13.8,12.7,6.0,8.7,7.1,22.4,6.5,19.3,6.6,17.9,6.5,8.1,6.8,39.3,7.5,98.8,25.4,11.6,6.2,0.0,2.1,1.7,2.9,10.6,8.4,1.0,1.3,0.2048,0.4382,0.9805,0.1723,0.7321,2.5279,0.5336,0.5991,0.5883,0.2755,0.5146,0.1008,2.0783,0.2636,0.2427,0.2427,0.2427,0.7736,0.0,0.4139,0.3167,0.7595,2.2637,0.6367,7.1126,0.4382,0,0,1,0,0,1,0,0,0,0,0,0,0,0,0,0,0,0,0,0,1,2558,734,1182,0,14,4538,823,0,14,0,14,0,14,0,14,0,14,16.1,3.0,0.0,1.0,98.8,1.4,0.0,1.0,0.0,1.0,0.0,1.0,0.0,1.0,0.0,1.0
72,Puerto Rico,PR,72031,Carolina,72031050221,"Census Tract 502.21, Carolina Municipio, Puerto Rico",1.22622906384,4204,763,2534,277,1950,291,1893,669,251,153,821,265,386,162,694,340,761,257,741,310,396,173,164,119,1807,427,4187,791,581,158,0,14,66,64,147,84,0,14,45.0,13.7,10.8,6.1,42.1,12.1,12.7,5.0,16.5,7.7,18.1,6.7,17.6,6.6,9.4,4.3,8.4,6.0,45.3,6.9,99.6,5.2,22.9,5.7,0.0,1.9,3.4,3.2,7.5,4.4,0.0,0.3,0.1723,0.3579,0.9805,0.1723,0.9664,2.6494,0.5954,0.3099,0.441,0.0477,0.5395,0.1571,1.4952,0.0759,0.4594,0.4594,0.4594,0.8743,0.0,0.6663,0.1432,0.0,1.6838,0.3633,6.2878,0.2538,0,0,1,0,1,2,0,0,0,0,0,0,0,0,0,0,0,0,0,0,2,3859,574,1038,21,34,4093,785,0,14,0,14,0,14,73,89,0,14,13.7,2.5,0.5,0.8,97.4,3.1,0.0,1.1,0.0,1.1,0.0,1.1,1.7,2.2,0.0,1.1
72,Puerto Rico,PR,72031,Carolina,72031050222,"Census Tract 502.22, Carolina Municipio, Puerto Rico",0.522391758878,3831,557,1759,189,1507,170,2526,533,278,113,402,133,194,105,179,110,577,185,1167,305,698,243,575,152,1948,347,3810,558,634,134,0,14,63,60,289,118,0,14,65.9,10.1,17.9,7.2,26.7,8.3,8.6,4.8,4.7,2.7,15.1,4.8,30.5,6.6,18.2,5.8,38.2,9.1,55.8,5.8,99.5,1.7,36.0,6.6,0.0,2.7,4.2,4.0,19.2,7.4,0.0,0.4,0.5764,0.6432,0.6533,0.0769,0.2809,2.2307,0.3926,0.1354,0.9783,0.2863,0.9978,0.312,2.7098,0.6171,0.4193,0.4193,0.4193,0.9317,0.0,0.7692,0.7267,0.0,2.4276,0.7158,7.7874,0.6041,0,0,0,0,0,0,0,1,0,1,0,2,0,0,1,0,0,0,0,1,3,11423,539,817,0,14,3810,557,0,14,0,14,0,14,0,14,0,14,14.1,2.1,0.0,1.2,99.5,0.6,0.0,1.2,0.0,1.2,0.0,1.2,0.0,1.2,0.0,1.2
72,Puerto Rico,PR,72031,Carolina,72031050231,"Census Tract 502.31, Carolina Municipio, Puerto Rico",0.28456103502,2456,431,1281,148,936,130,1380,372,154,103,213,96,264,99,482,180,560,158,348,170,472,150,90,55,1303,339,2435,427,0,19,0,14,27,34,106,60,12,15,56.5,11.5,13.0,7.7,22.8,9.8,15.1,5.5,19.7,6.7,22.8,6.6,14.2,6.5,19.3,6.2,9.6,5.7,55.2,10.7,99.1,24.6,0.0,1.5,0.0,3.6,2.9,3.6,11.3,6.3,0.5,0.6,0.3673,0.4469,0.4637,0.247,0.9859,2.5108,0.5282,0.6316,0.1961,0.3406,0.6197,0.2958,2.0838,0.2657,0.2914,0.2914,0.2914,0.0,0.0,0.6067,0.3503,0.6165,1.5735,0.32,6.4595,0.2918,0,0,0,0,1,1,0,0,0,0,0,0,0,0,0,0,0,0,0,0,1,4817,453,629,9,13,2426,426,0,14,0,14,0,14,0,14,0,14,18.5,3.3,0.4,0.5,98.8,1.5,0.0,1.9,0.0,1.9,0.0,1.9,0.0,1.9,0.0,1.9
72,Puerto Rico,PR,72031,Carolina,72031050232,"Census Tract 502.32, Carolina Municipio, Puerto Rico",0.540842415152,4651,715,2188,261,1798,215,2159,579,429,168,586,183,684,266,330,127,1421,309,658,309,1218,313,42,68,2655,535,4651,715,0,19,0,14,54,61,175,95,0,14,46.4,10.2,19.5,7.7,32.6,9.4,19.5,6.7,7.1,2.9,30.6,6.4,14.1,6.3,26.2,6.2,2.3,3.8,59.3,7.7,100.0,0.0,0.0,0.9,0.0,2.1,3.0,3.4,9.7,5.3,0.0,0.3,0.1918,0.6931,0.8537,0.3944,0.5857,2.7187,0.6302,0.9155,0.1907,0.7148,0.0683,0.3879,2.2772,0.3568,0.5536,0.5536,0.5536,0.0,0.0,0.6186,0.2636,0.0,0.8822,0.0738,6.4317,0.2831,0,0,0,0,0,0,1,0,0,0,0,1,0,0,0,0,0,0,0,0,1,3999,802,1037,0,14,4651,715,0,14,0,14,0,14,0,14,0,14,17.2,2.7,0.0,1.0,100.0,1.0,0.0,1.0,0.0,1.0,0.0,1.0,0.0,1.0,0.0,1.0
72,Puerto Rico,PR,72031,Carolina,72031050241,"Census Tract 502.41, Carolina Municipio, Puerto Rico",0.366889950582,4826,566,2172,183,1880,184,2161,431,373,163,764,170,432,118,515,186,1037,176,793,244,855,203,155,95,2128,366,4826,567,358,107,17,21,22,38,206,94,0,14,44.8,7.2,16.2,6.5,40.6,8.1,12.2,3.3,10.7,3.4,21.5,4.0,16.4,4.7,17.7,4.0,8.2,5.0,47.0,6.0,100.0,0.7,16.5,4.7,0.8,1.0,1.2,2.0,11.0,4.8,0.0,0.3,0.169,0.5813,0.9567,0.1528,0.8449,2.7047,0.6226,0.5385,0.3434,0.2636,0.5255,0.1755,1.8465,0.154,0.5536,0.5536,0.5536,0.8245,0.8427,0.3174,0.3341,0.0,2.3187,0.6692,7.4235,0.5141,0,0,1,0,0,1,0,0,0,0,0,0,0,0,0,0,0,0,0,0,1,2389,503,811,0,14,4826,566,0,14,0,14,0,14,0,14,0,14,10.4,1.2,0.0,1.0,100.0,1.0,0.0,1.0,0.0,1.0,0.0,1.0,0.0,1.0,0.0,1.0
72,Puerto Rico,PR,72031,Carolina,72031050242,"Census Tract 502.42, Carolina Municipio, Puerto Rico",0.359075246102,4089,630,2228,212,1721,200,2204,517,291,149,595,165,413,180,406,154,1065,243,612,224,1040,300,136,90,2095,471,4088,630,0,19,0,14,0,19,157,77,5,5,53.9,9.5,15.8,7.2,34.6,8.7,13.4,5.1,9.9,3.5,26.0,6.0,15.0,5.0,25.4,6.6,7.9,5.1,52.6,8.9,100.0,0.0,0.0,0.9,0.0,2.1,0.0,1.1,9.1,4.5,0.1,0.1,0.3131,0.564,0.8862,0.1939,0.8167,2.7739,0.6562,0.7822,0.2492,0.6735,0.4962,0.2459,2.447,0.4555,0.5536,0.5536,0.5536,0.0,0.0,0.0,0.2332,0.4334,0.6666,0.0358,6.4411,0.2863,0,0,0,0,0,0,0,0,0,0,0,0,0,0,0,0,0,0,0,0,0,3140,790,886,0,14,4088,630,0,14,0,14,0,14,0,14,0,14,19.3,3.0,0.0,1.2,100.0,0.1,0.0,1.2,0.0,1.2,0.0,1.2,0.0,1.2,0.0,1.2
72,Puerto Rico,PR,72031,Carolina,72031050302,"Census Tract 503.02, Carolina Municipio, Puerto Rico",0.381661440898,3212,568,1693,174,1272,165,1703,445,240,135,433,151,473,207,370,176,985,227,423,195,823,235,96,68,1559,340,3212,569,207,92,0,14,45,57,88,52,31,26,54.4,10.4,16.7,8.9,34.0,11.0,19.1,7.4,11.6,5.0,30.7,7.2,13.2,5.6,25.9,6.8,7.5,5.3,50.6,6.4,100.0,1.0,12.2,5.3,0.0,2.8,3.5,4.5,6.9,4.2,1.0,0.8,0.325,0.6009,0.8732,0.3868,0.885,3.0709,0.7766,0.9198,0.1484,0.7061,0.4605,0.2232,2.458,0.4675,0.5536,0.5536,0.5536,0.7833,0.0,0.6793,0.1193,0.7595,2.3414,0.679,8.4239,0.7549,0,0,0,0,0,0,1,0,0,0,0,1,0,0,0,0,0,0,0,0,1,2508,693,782,0,14,3212,568,0,14,0,14,0,14,0,14,0,14,21.8,3.9,0.0,1.5,100.0,1.5,0.0,1.5,0.0,1.5,0.0,1.5,0.0,1.5,0.0,1.5
72,Puerto Rico,PR,72031,Carolina,72031050311,"Census Tract 503.11, Carolina Municipio, Puerto Rico",0.316000934778,1990,437,1334,165,951,170,923,368,96,91,226,92,157,95,146,100,521,145,363,181,399,160,63,50,927,268,1990,438,148,71,12,20,0,19,69,41,0,14,46.4,15.4,11.1,9.6,23.8,8.7,10.1,5.6,7.3,4.4,26.2,7.3,18.2,8.2,20.1,7.4,6.6,5.1,47.3,9.1,100.0,1.5,11.1,5.1,0.9,1.5,0.0,2.0,7.3,4.5,0.0,0.7,0.1918,0.3698,0.5168,0.1051,0.6106,1.7941,0.1855,0.7898,0.4951,0.3764,0.3824,0.1798,2.2235,0.3373,0.5536,0.5536,0.5536,0.766,0.8633,0.0,0.1323,0.0,1.7616,0.3937,6.3328,0.2636,0,0,0,0,0,0,0,0,0,0,0,0,0,0,0,0,0,0,0,0,0,2650,434,617,0,14,1990,437,0,14,0,14,0,14,0,14,0,14,21.8,4.8,0.0,2.4,100.0,2.4,0.0,2.4,0.0,2.4,0.0,2.4,0.0,2.4,0.0,2.4
72,Puerto Rico,PR,72031,Carolina,72031050321,"Census Tract 503.21, Carolina Municipio, Puerto Rico",0.3223565598,3751,543,1931,199,1603,193,2024,478,288,144,497,145,390,131,473,239,900,197,622,205,842,182,207,98,1789,401,3704,527,0,19,17,27,39,47,190,85,0,14,54.1,10.1,17.6,8.4,31.0,8.2,14.6,4.8,12.6,5.8,24.0,5.3,16.6,4.9,22.4,4.8,12.9,5.9,48.8,8.4,98.7,20.0,0.0,1.0,0.9,1.4,2.4,2.9,11.9,5.2,0.0,0.4,0.3164,0.6323,0.8137,0.2286,0.91,2.901,0.6974,0.7129,0.3619,0.5217,0.8093,0.2026,2.6084,0.5553,0.2221,0.2221,0.2221,0.0,0.8633,0.5309,0.3829,0.0,1.7771,0.4024,7.5086,0.5423,0,0,0,0,1,1,0,0,0,0,0,0,0,0,0,0,0,0,0,0,1,2144,849,780,47,53,3657,524,0,14,0,14,0,14,0,14,0,14,22.6,3.3,1.3,1.4,97.5,2.1,0.0,1.3,0.0,1.3,0.0,1.3,0.0,1.3,0.0,1.3
72,Puerto Rico,PR,72031,Carolina,72031050331,"Census Tract 503.31, Carolina Municipio, Puerto Rico",0.159248542104,1569,301,873,114,666,107,664,235,86,47,188,70,96,45,69,45,340,91,264,124,384,100,44,37,625,164,1555,296,6,16,0,14,20,26,106,48,0,14,42.3,12.6,11.7,5.9,28.2,9.5,8.6,3.7,4.4,2.7,21.7,6.1,16.8,7.2,24.5,5.8,6.6,5.5,41.1,7.6,99.1,26.8,0.7,1.8,0.0,5.3,3.0,3.9,15.9,7.1,0.0,0.9,0.1365,0.3872,0.7161,0.0769,0.244,1.5607,0.1009,0.559,0.377,0.6269,0.3824,0.1105,2.0558,0.2527,0.2914,0.2914,0.2914,0.4009,0.0,0.6186,0.6052,0.0,1.6247,0.3362,5.5326,0.1302,0,0,0,0,0,0,0,0,0,0,0,0,0,0,0,0,0,0,0,0,0,614,293,424,19,31,1536,293,0,14,0,14,0,14,0,14,0,14,18.7,3.6,1.2,2.0,97.9,2.4,0.0,3.0,0.0,3.0,0.0,3.0,0.0,3.0,0.0,3.0
72,Puerto Rico,PR,72031,Carolina,72031050341,"Census Tract 503.41, Carolina Municipio, Puerto Rico",0.318334535266,3348,497,1800,187,1557,190,2453,471,471,151,333,118,462,151,224,135,767,178,690,224,818,212,291,109,1814,365,3348,492,295,107,21,33,32,29,371,134,0,14,73.5,8.9,37.3,9.7,21.4,7.1,18.3,5.8,6.7,4.0,22.9,4.7,20.6,6.0,24.4,5.4,18.7,6.6,56.3,7.8,100.0,20.9,16.4,5.7,1.2,1.8,2.1,1.8,23.8,8.3,0.0,0.4,0.7606,0.9577,0.4063,0.3608,0.5434,3.0288,0.7657,0.6425,0.6934,0.6215,0.9339,0.3218,3.2131,0.8557,0.5536,0.5536,0.5536,0.8234,0.9132,0.4908,0.8026,0.0,3.03,0.9067,9.8255,0.9273,0,1,0,0,0,1,0,0,0,1,0,1,0,0,0,1,0,0,0,1,3,3076,1006,674,0,14,3311,488,37,59,0,14,0,14,0,14,0,14,30.0,4.5,0.0,1.4,98.9,1.8,1.1,1.8,0.0,1.4,0.0,1.4,0.0,1.4,0.0,1.4
72,Puerto Rico,PR,72031,Carolina,72031050403,"Census Tract 504.03, Carolina Municipio, Puerto Rico",1.319247599374,5817,1211,3065,431,2317,406,2571,1003,285,273,618,286,486,296,679,369,1481,378,1308,524,1264,492,92,145,2421,762,5735,1211,633,300,28,46,122,126,199,154,79,63,44.3,14.6,13.0,12.0,26.7,11.4,11.6,6.8,11.7,5.4,25.5,7.1,22.5,7.7,21.8,7.7,4.0,6.2,42.7,10.1,98.6,3.5,20.7,9.3,0.9,1.5,5.3,5.4,8.6,6.7,1.4,1.0,0.1625,0.4469,0.6533,0.1387,0.8872,2.2886,0.4197,0.7768,0.805,0.4924,0.1733,0.1289,2.3764,0.3991,0.2048,0.2048,0.2048,0.8548,0.8633,0.8613,0.1952,0.8277,3.6023,0.9826,8.4721,0.7592,0,0,0,0,0,0,0,0,0,0,0,0,0,0,0,0,0,0,0,0,0,8417,1626,1656,0,20,5735,1211,0,20,0,20,0,20,0,20,0,20,28.3,6.0,0.0,0.8,98.6,1.7,0.0,0.8,0.0,0.8,0.0,0.8,0.0,0.8,0.0,0.8
72,Puerto Rico,PR,72031,Carolina,72031050404,"Census Tract 504.04, Carolina Municipio, Puerto Rico",0.185552513058,2333,584,1447,201,1209,212,636,261,27,29,562,244,171,132,117,78,454,175,491,246,450,174,152,122,760,299,2305,581,1127,231,0,14,0,19,162,122,0,14,27.3,8.9,2.3,2.3,46.5,18.5,9.9,7.9,5.0,3.5,19.5,8.3,21.0,9.1,19.3,8.2,12.6,9.8,35.5,11.7,98.8,2.9,77.9,11.7,0.0,3.2,0.0,1.6,13.4,9.7,0.0,0.6,0.0412,0.0271,0.9978,0.0997,0.3275,1.4933,0.0846,0.3987,0.7151,0.3406,0.7909,0.0769,2.3222,0.3774,0.2427,0.2427,0.2427,0.9881,0.0,0.0,0.4653,0.0,1.4534,0.2581,5.5116,0.1247,0,0,1,0,0,1,0,0,0,0,0,0,0,0,1,0,0,0,0,1,2,3467,330,844,0,14,2295,580,0,14,0,14,0,14,0,14,10,16,14.1,3.5,0.0,2.0,98.4,2.0,0.0,2.0,0.0,2.0,0.0,2.0,0.0,2.0,0.4,0.7
72,Puerto Rico,PR,72031,Carolina,72031050405,"Census Tract 504.05, Carolina Municipio, Puerto Rico",0.295290423498,3051,819,1876,417,1712,419,1136,571,147,169,700,317,127,154,70,114,712,317,612,341,493,326,383,232,660,359,3051,819,769,352,0,14,0,19,58,92,0,14,37.2,15.8,10.0,11.6,40.9,15.6,5.7,6.7,2.3,3.8,23.3,9.7,20.1,9.8,16.2,9.3,22.4,12.4,23.2,10.9,100.0,0.0,41.0,16.4,0.0,2.5,0.0,1.1,3.4,5.5,0.0,0.5,0.0921,0.3265,0.9664,0.0444,0.0521,1.4815,0.0803,0.6587,0.6511,0.2072,0.9653,0.0401,2.5224,0.4989,0.5536,0.5536,0.5536,0.9469,0.0,0.0,0.0347,0.0,0.9816,0.0933,5.5391,0.1323,0,0,1,0,0,1,0,0,0,1,0,1,0,0,1,0,0,0,0,1,3,741,615,1076,0,14,3051,819,0,14,0,14,0,14,0,14,0,14,20.2,5.4,0.0,1.5,100.0,1.5,0.0,1.5,0.0,1.5,0.0,1.5,0.0,1.5,0.0,1.5
72,Puerto Rico,PR,72031,Carolina,72031050503,"Census Tract 505.03, Carolina Municipio, Puerto Rico",0.376315472606,3599,553,1709,174,1476,178,2033,585,211,147,451,145,380,146,225,118,405,152,748,234,864,230,266,102,2011,433,3581,552,283,118,0,14,80,65,316,121,0,14,56.5,13.7,12.2,7.8,30.6,9.1,15.0,5.4,6.3,3.1,11.3,4.2,20.8,5.7,24.0,6.1,18.0,6.6,57.9,8.8,99.5,1.2,16.6,6.7,0.0,2.7,5.4,4.4,21.4,7.6,0.0,0.4,0.3673,0.4165,0.7963,0.2438,0.4892,2.3131,0.4317,0.0444,0.7042,0.5998,0.9198,0.364,2.6322,0.5727,0.4193,0.4193,0.4193,0.8256,0.0,0.8646,0.7711,0.0,2.4613,0.7321,7.8259,0.6161,0,0,0,0,0,0,0,0,0,1,0,1,0,0,0,0,0,0,0,0,1,1268,443,798,0,14,3563,551,0,14,0,14,0,14,18,28,0,14,12.3,1.9,0.0,1.3,99.0,1.1,0.0,1.3,0.0,1.3,0.0,1.3,0.5,0.8,0.0,1.3
72,Puerto Rico,PR,72031,Carolina,72031050504,"Census Tract 505.04, Carolina Municipio, Puerto Rico",1.139079278706,5715,761,2528,269,2291,274,2284,594,269,135,596,208,354,181,509,269,902,298,1036,327,1086,349,388,167,2441,502,5692,766,299,146,0,20,0,28,110,104,107,69,40.6,9.0,9.6,4.7,26.0,8.5,8.7,4.4,9.0,4.5,15.8,5.5,18.1,5.2,19.2,6.3,16.9,7.0,44.4,7.0,99.6,1.9,11.8,5.6,0.0,1.9,0.0,1.2,4.8,4.5,1.9,1.2,0.1192,0.308,0.623,0.0802,0.757,1.8874,0.2245,0.169,0.4865,0.3319,0.9068,0.143,2.0372,0.243,0.4594,0.4594,0.4594,0.7779,0.0,0.0,0.0586,0.8797,1.7162,0.3753,6.1002,0.2213,0,0,0,0,0,0,0,0,0,1,0,1,0,0,0,0,0,0,0,0,1,2712,561,1128,0,20,5667,764,0,20,0,20,0,20,25,43,0,20,10.0,1.4,0.0,0.8,99.2,1.0,0.0,0.8,0.0,0.8,0.0,0.8,0.4,0.8,0.0,0.8
72,Puerto Rico,PR,72031,Carolina,72031050505,"Census Tract 505.05, Carolina Municipio, Puerto Rico",0.850290426786,1758,703,778,177,694,177,463,264,227,176,271,149,53,48,35,39,104,88,341,287,164,140,83,83,264,163,1366,398,453,159,0,14,50,59,0,14,0,14,26.3,10.7,22.6,14.5,39.0,19.0,4.5,4.2,2.0,2.4,5.9,5.6,19.4,14.4,9.3,8.6,12.0,11.6,17.3,9.2,77.7,38.4,58.2,15.6,0.0,5.9,7.2,8.3,0.0,6.6,0.0,0.8,0.039,0.7766,0.9404,0.0303,0.038,1.8243,0.1974,0.0087,0.5991,0.0423,0.7638,0.0163,1.4302,0.0629,0.0011,0.0011,0.0011,0.9642,0.0,0.9523,0.0,0.0,1.9165,0.4685,5.1721,0.0922,0,0,1,0,0,1,0,0,0,0,0,0,0,0,1,0,1,0,0,2,3,6435,58,993,0,14,1366,397,0,14,0,14,0,14,0,14,0,14,3.3,1.4,0.0,2.7,77.7,29.8,0.0,2.7,0.0,2.7,0.0,2.7,0.0,2.7,0.0,2.7
72,Puerto Rico,PR,72031,Carolina,72031050506,"Census Tract 505.06, Carolina Municipio, Puerto Rico",0.519041551824,3842,718,1961,263,1660,242,1673,515,243,168,563,200,361,173,292,171,757,237,572,305,893,232,103,95,1596,415,3842,718,297,127,0,14,0,19,147,100,0,14,43.5,10.7,15.2,9.5,33.9,11.0,12.5,5.5,7.6,4.5,19.7,6.0,14.9,7.4,23.2,5.3,6.2,5.7,42.0,7.6,100.0,0.0,15.1,6.2,0.0,2.4,0.0,1.1,8.9,5.9,0.0,0.4,0.156,0.5423,0.87,0.1614,0.6421,2.3718,0.4544,0.4106,0.2416,0.5629,0.3564,0.1181,1.6896,0.1128,0.5536,0.5536,0.5536,0.8115,0.0,0.0,0.2158,0.0,1.0273,0.1085,5.6423,0.1529,0,0,0,0,0,0,0,0,0,0,0,0,0,0,0,0,0,0,0,0,0,5575,741,967,0,14,3842,718,0,14,0,14,0,14,0,14,0,14,19.3,3.6,0.0,1.2,100.0,1.2,0.0,1.2,0.0,1.2,0.0,1.2,0.0,1.2,0.0,1.2
72,Puerto Rico,PR,72031,Carolina,72031050600,"Census Tract 506, Carolina Municipio, Puerto Rico",0.610908345092,5506,924,2316,306,2101,289,2978,786,552,208,513,213,534,240,352,205,1128,302,1236,364,1488,419,286,151,3149,639,5506,925,348,154,0,20,86,85,627,211,19,30,54.3,11.0,22.3,7.5,24.4,9.6,13.9,5.4,6.4,3.7,20.5,5.5,22.4,5.4,27.1,6.3,13.6,6.9,60.3,6.6,100.0,0.8,15.0,6.3,0.0,2.0,4.1,4.0,29.8,9.5,0.3,0.5,0.3207,0.7722,0.5428,0.2037,0.5076,2.347,0.4436,0.468,0.8017,0.7592,0.8342,0.4117,3.2748,0.8872,0.5536,0.5536,0.5536,0.8093,0.0,0.753,0.8915,0.5255,2.9793,0.8937,9.1547,0.8557,0,0,0,0,0,0,0,0,0,0,0,0,0,0,0,0,0,0,0,0,0,4364,805,1339,0,20,5506,924,0,20,0,20,0,20,0,20,0,20,14.7,2.5,0.0,0.9,100.0,0.9,0.0,0.9,0.0,0.9,0.0,0.9,0.0,0.9,0.0,0.9
72,Puerto Rico,PR,72031,Carolina,72031050700,"Census Tract 507, Carolina Municipio, Puerto Rico",0.11422441568,1448,384,614,109,480,97,881,289,108,68,142,68,202,109,124,77,275,80,278,136,349,157,40,36,764,215,1448,385,161,54,0,14,47,50,81,39,0,14,60.8,11.8,17.9,8.4,29.6,12.8,20.8,8.8,8.6,4.2,19.0,6.1,19.2,7.9,24.1,7.2,8.3,7.3,54.5,4.3,100.0,1.9,26.2,7.5,0.0,7.4,9.8,10.2,16.9,7.7,0.0,1.0,0.4583,0.6432,0.7671,0.454,0.7278,3.0504,0.769,0.3662,0.5818,0.6052,0.5309,0.2806,2.3647,0.3948,0.5536,0.5536,0.5536,0.8927,0.0,0.9859,0.6508,0.0,2.5294,0.7614,8.4981,0.7614,0,0,0,0,0,0,0,0,0,0,0,0,0,0,0,0,1,0,0,1,1,834,247,533,0,14,1448,384,0,14,0,14,0,14,0,14,0,14,17.1,4.5,0.0,3.2,100.0,3.2,0.0,3.2,0.0,3.2,0.0,3.2,0.0,3.2,0.0,3.2
72,Puerto Rico,PR,72031,Carolina,72031050803,"Census Tract 508.03, Carolina Municipio, Puerto Rico",0.262186038018,3839,568,1681,183,1336,178,2091,533,191,100,354,125,460,196,238,115,919,216,625,216,996,241,99,72,1972,347,3839,570,26,26,0,14,55,66,175,78,32,39,54.9,11.3,12.0,5.9,26.5,8.7,16.2,6.5,6.3,2.7,23.9,5.4,16.3,5.1,26.2,5.8,7.4,5.3,54.4,6.1,100.0,1.2,1.5,1.5,0.0,2.8,4.1,4.9,13.1,6.0,0.8,1.0,0.3348,0.4035,0.6436,0.2904,0.4892,2.1615,0.3568,0.6988,0.3315,0.7148,0.4475,0.2784,2.471,0.474,0.5536,0.5536,0.5536,0.5016,0.0,0.753,0.4479,0.7226,2.4251,0.7137,7.6112,0.5683,0,0,0,0,0,0,0,0,0,0,0,0,0,0,0,0,0,0,0,0,0,1923,499,808,10,16,3829,569,0,14,0,14,0,14,0,14,0,14,13.1,2.0,0.3,0.4,99.7,0.4,0.0,1.2,0.0,1.2,0.0,1.2,0.0,1.2,0.0,1.2
72,Puerto Rico,PR,72031,Carolina,72031050811,"Census Tract 508.11, Carolina Municipio, Puerto Rico",5.139071288178,3909,547,1834,192,1573,186,1538,443,288,124,421,135,436,127,286,182,994,210,667,206,841,239,226,106,1733,325,3840,550,90,50,0,14,37,47,138,73,0,14,39.4,9.9,16.2,6.3,26.8,8.0,15.8,4.1,7.3,4.4,25.4,5.4,17.1,4.7,21.5,5.4,14.4,6.5,45.3,5.7,98.2,3.0,4.9,2.7,0.0,2.6,2.4,3.0,8.8,4.4,0.0,0.4,0.1105,0.5813,0.6609,0.2709,0.6106,2.2342,0.3959,0.7692,0.3976,0.4653,0.8548,0.1571,2.644,0.5759,0.1593,0.1593,0.1593,0.6522,0.0,0.5309,0.2082,0.0,1.3913,0.2267,6.4288,0.282,0,0,0,0,0,0,0,0,0,0,0,0,0,0,0,0,0,0,0,0,0,2134,507,793,0,14,3822,549,18,28,0,14,0,14,0,14,0,14,13.0,1.8,0.0,1.2,97.8,1.7,0.5,0.7,0.0,1.2,0.0,1.2,0.0,1.2,0.0,1.2
72,Puerto Rico,PR,72031,Carolina,72031050812,"Census Tract 508.12, Carolina Municipio, Puerto Rico",0.324660044332,3676,566,1506,162,1330,171,2063,457,297,127,411,136,496,157,186,94,731,185,843,250,689,183,178,82,1917,403,3667,568,174,88,9,14,107,60,248,92,62,83,56.9,9.0,19.0,7.7,30.9,9.4,19.6,5.7,5.1,2.5,19.9,5.3,22.9,5.8,19.0,4.8,13.4,5.9,55.1,8.3,99.8,1.6,11.6,5.7,0.6,0.9,8.0,4.4,18.6,6.4,1.7,2.2,0.3792,0.6746,0.8061,0.4009,0.3384,2.5992,0.5727,0.4269,0.8256,0.32,0.8267,0.2936,2.6928,0.6063,0.5255,0.5255,0.5255,0.7736,0.8048,0.9675,0.7082,0.8613,4.1154,0.9978,9.9329,0.9371,0,0,0,0,0,0,0,0,0,0,0,0,0,0,0,0,1,0,0,1,1,3212,591,807,0,14,3667,567,0,14,0,14,0,14,0,14,0,14,16.4,2.6,0.0,1.3,99.8,0.4,0.0,1.3,0.0,1.3,0.0,1.3,0.0,1.3,0.0,1.3
72,Puerto Rico,PR,72031,Carolina,72031050821,"Census Tract 508.21, Carolina Municipio, Puerto Rico",0.410423723286,3950,512,1902,167,1612,174,1682,427,278,178,345,111,366,137,276,111,1168,211,696,217,786,210,120,78,1755,312,3950,513,0,19,11,17,18,32,118,78,49,80,43.4,9.4,17.7,9.8,21.4,6.5,12.2,4.3,7.1,2.9,29.6,6.0,17.6,5.0,20.1,5.0,7.4,4.8,45.5,5.6,100.0,0.8,0.0,1.0,0.6,0.9,1.1,2.0,7.3,4.6,1.2,2.0,0.1549,0.6345,0.4063,0.1528,0.5857,1.9342,0.2408,0.8873,0.441,0.3764,0.4475,0.1614,2.3136,0.3731,0.5536,0.5536,0.5536,0.0,0.8048,0.3055,0.1323,0.7952,2.0378,0.5304,6.8392,0.3709,0,0,0,0,0,0,0,0,0,0,0,0,0,0,0,0,0,0,0,0,0,1551,636,713,0,14,3923,512,27,32,0,14,0,14,0,14,0,14,16.3,2.2,0.0,1.2,99.3,0.8,0.7,0.8,0.0,1.2,0.0,1.2,0.0,1.2,0.0,1.2
72,Puerto Rico,PR,72031,Carolina,72031050822,"Census Tract 508.22, Carolina Municipio, Puerto Rico",0.281854073898,3499,498,1528,178,1290,167,1481,391,180,122,342,117,221,100,224,108,1020,203,559,212,827,239,151,83,1782,305,3499,499,78,66,0,14,21,35,249,102,40,29,42.8,9.5,13.0,7.5,26.5,8.4,8.3,3.6,6.5,3.2,29.2,5.5,16.0,5.6,23.9,5.9,11.7,6.3,54.1,5.1,100.0,0.9,5.1,4.3,0.0,3.1,1.6,2.7,19.3,7.0,1.1,0.8,0.1452,0.4469,0.6436,0.0704,0.5184,1.8245,0.1985,0.8808,0.3131,0.5976,0.7476,0.2698,2.8089,0.6866,0.5536,0.5536,0.5536,0.6576,0.0,0.3922,0.7299,0.7746,2.5543,0.7722,7.7413,0.59,0,0,0,0,0,0,0,0,0,0,0,0,0,0,0,0,0,0,0,0,0,1250,381,730,0,14,3499,498,0,14,0,14,0,14,0,14,0,14,11.0,1.6,0.0,1.3,100.0,1.3,0.0,1.3,0.0,1.3,0.0,1.3,0.0,1.3,0.0,1.3
72,Puerto Rico,PR,72031,Carolina,72031050831,"Census Tract 508.31, Carolina Municipio, Puerto Rico",0.418248080316,3960,534,2000,190,1721,188,2124,389,297,161,354,133,645,182,374,191,1236,210,439,153,1217,234,80,58,2699,414,3960,535,24,41,0,14,10,20,297,121,0,14,53.6,6.7,19.4,9.4,20.6,7.4,20.5,5.3,9.5,4.5,31.2,5.6,11.1,3.6,30.9,5.1,4.6,3.3,69.5,5.5,100.0,0.8,1.2,2.0,0.0,2.3,0.6,1.2,17.3,6.6,0.0,0.4,0.3034,0.6887,0.3554,0.4334,0.7907,2.5716,0.5564,0.9296,0.0813,0.8883,0.2232,0.6663,2.7887,0.6735,0.5536,0.5536,0.5536,0.4713,0.0,0.2189,0.6594,0.0,1.3496,0.2061,7.2635,0.4675,0,0,0,0,0,0,1,0,0,0,0,1,0,0,0,0,0,0,0,0,1,1829,1007,736,0,14,3960,534,0,14,0,14,0,14,0,14,0,14,25.4,3.4,0.0,1.2,100.0,1.2,0.0,1.2,0.0,1.2,0.0,1.2,0.0,1.2,0.0,1.2
72,Puerto Rico,PR,72031,Carolina,72031050841,"Census Tract 508.41, Carolina Municipio, Puerto Rico",1.673150236982,1601,392,1053,175,724,153,808,343,247,182,212,100,219,108,132,100,345,145,140,106,406,148,28,47,1140,286,1601,394,16,30,0,14,20,34,98,66,29,64,51.4,17.7,32.3,17.9,29.3,12.3,16.8,7.7,8.4,6.6,21.5,8.8,8.7,6.3,25.8,7.9,3.9,6.4,72.2,5.6,100.0,2.5,1.5,2.8,0.0,4.4,2.8,4.7,13.5,9.0,1.8,4.0,0.2687,0.9176,0.7562,0.3109,0.7148,2.9682,0.7364,0.5385,0.0303,0.7007,0.1668,0.7356,2.1719,0.3059,0.5536,0.5536,0.5536,0.5016,0.0,0.5991,0.4751,0.8689,2.4447,0.7234,8.1384,0.6866,0,1,0,0,0,1,0,0,0,0,0,0,0,0,0,0,0,0,0,0,1,725,417,552,28,45,1573,391,0,14,0,14,0,14,0,14,0,14,26.5,6.6,1.7,2.8,98.3,2.8,0.0,2.9,0.0,2.9,0.0,2.9,0.0,2.9,0.0,2.9
72,Puerto Rico,PR,72031,Carolina,72031050901,"Census Tract 509.01, Carolina Municipio, Puerto Rico",4.701194940488,5560,784,2014,177,1756,185,2049,532,299,131,281,123,575,203,79,57,1047,281,1164,362,1043,283,129,80,2978,579,5560,765,39,45,26,43,70,70,58,56,175,159,38.1,8.2,13.5,5.8,16.0,6.8,15.5,4.8,1.5,1.0,18.8,4.8,20.9,5.8,19.3,4.9,7.3,4.5,55.5,7.4,100.0,19.7,1.9,2.2,1.3,2.1,4.0,4.0,3.3,3.2,3.1,2.8,0.1018,0.4718,0.1853,0.2633,0.0239,1.0461,0.0304,0.3521,0.7096,0.3406,0.4388,0.3034,2.1445,0.2939,0.5536,0.5536,0.5536,0.5352,0.9306,0.74,0.0336,0.9361,3.1755,0.9371,6.9197,0.3872,0,0,0,0,0,0,0,0,0,0,0,0,0,0,0,1,0,0,1,2,2,2598,1237,974,0,20,5515,763,22,36,0,20,0,20,0,20,23,35,23.0,3.4,0.0,0.8,99.2,0.9,0.4,0.6,0.0,0.8,0.0,0.8,0.0,0.8,0.4,0.6
72,Puerto Rico,PR,72031,Carolina,72031050902,"Census Tract 509.02, Carolina Municipio, Puerto Rico",1.426148432318,5131,1076,2466,321,1993,330,2604,816,315,182,515,202,689,243,317,205,911,253,1256,517,1084,379,238,128,2596,588,5131,1077,122,103,0,20,104,101,192,132,0,20,50.8,11.8,14.2,7.2,25.8,9.2,19.9,5.3,6.2,4.3,17.8,5.4,24.5,8.7,21.1,6.2,11.9,6.1,52.8,5.9,100.0,0.9,4.9,4.1,0.0,1.9,5.2,5.0,9.6,6.2,0.0,0.4,0.2557,0.5054,0.6165,0.4085,0.4783,2.2644,0.4078,0.2882,0.8927,0.4425,0.7573,0.2492,2.6299,0.5705,0.5536,0.5536,0.5536,0.6522,0.0,0.8527,0.2581,0.0,1.763,0.3948,7.2109,0.4566,0,0,0,0,0,0,0,0,0,0,0,0,0,0,0,0,0,0,0,0,0,6996,672,1479,0,20,5131,1076,0,20,0,20,0,20,0,20,0,20,13.1,2.8,0.0,0.9,100.0,0.9,0.0,0.9,0.0,0.9,0.0,0.9,0.0,0.9,0.0,0.9
72,Puerto Rico,PR,72031,Carolina,72031051001,"Census Tract 510.01, Carolina Municipio, Puerto Rico",5.414708733774,4544,624,1891,167,1531,175,2275,499,181,93,263,122,688,195,247,169,937,235,988,289,1030,284,163,105,2341,469,4544,624,210,108,0,14,68,55,106,69,0,14,50.1,8.6,9.3,4.8,17.2,7.7,21.7,5.1,5.4,3.7,20.6,5.3,21.7,5.6,22.7,6.1,10.6,6.8,53.1,7.8,100.0,0.0,11.1,5.6,0.0,2.5,4.4,3.6,6.9,4.4,0.0,0.3,0.2394,0.2787,0.2178,0.4908,0.372,1.5987,0.1171,0.4745,0.7551,0.5412,0.6847,0.2535,2.709,0.6161,0.5536,0.5536,0.5536,0.766,0.0,0.7822,0.1193,0.0,1.6675,0.3525,6.5288,0.3037,0,0,0,0,0,0,0,0,0,0,0,0,0,0,0,0,0,0,0,0,0,1979,684,878,0,14,4544,624,0,14,0,14,0,14,0,14,0,14,15.1,2.1,0.0,1.0,100.0,1.0,0.0,1.0,0.0,1.0,0.0,1.0,0.0,1.0,0.0,1.0
72,Puerto Rico,PR,72031,Carolina,72031051002,"Census Tract 510.02, Carolina Municipio, Puerto Rico",3.895903929598,3325,575,1467,158,1271,161,1842,504,199,125,208,101,628,215,226,180,1137,270,550,260,1102,254,99,72,2106,424,3280,569,0,19,0,14,82,57,271,128,0,14,55.6,11.7,19.5,9.6,16.4,7.7,25.2,8.3,6.8,5.2,34.2,9.1,16.5,7.3,33.1,7.7,7.8,5.6,65.4,7.0,98.6,1.5,0.0,1.3,0.0,3.2,6.5,4.4,21.3,9.3,0.0,0.4,0.3564,0.6931,0.1972,0.6089,0.5597,2.4153,0.4826,0.9697,0.3564,0.9338,0.4865,0.5363,3.2827,0.8894,0.2048,0.2048,0.2048,0.0,0.0,0.9296,0.7679,0.0,1.6975,0.3677,7.6003,0.5651,0,0,0,0,0,0,1,0,1,0,0,2,0,0,0,0,1,0,0,1,3,1955,803,841,18,30,3262,568,0,14,0,14,0,14,0,14,0,14,24.2,4.2,0.5,0.9,98.1,3.1,0.0,1.4,0.0,1.4,0.0,1.4,0.0,1.4,0.0,1.4
72,Puerto Rico,PR,72031,Carolina,72031051102,"Census Tract 511.02, Carolina Municipio, Puerto Rico",4.113777427178,3210,538,1575,153,1207,159,1588,420,203,116,187,97,584,166,176,146,660,167,525,196,807,195,105,84,2113,384,3210,539,12,23,0,14,38,43,288,115,29,26,49.9,10.2,16.0,7.7,15.5,7.8,25.6,6.4,5.5,4.5,20.6,5.3,16.4,5.5,25.4,6.8,8.7,6.9,67.7,5.2,100.0,1.0,0.8,1.5,0.0,3.0,3.1,3.5,23.9,9.6,0.9,0.8,0.2351,0.5748,0.1614,0.6241,0.3861,1.9815,0.2603,0.4745,0.3434,0.6735,0.5612,0.61,2.6626,0.5857,0.5536,0.5536,0.5536,0.4171,0.0,0.6338,0.8048,0.7389,2.5946,0.7896,7.7923,0.6063,0,0,0,0,0,0,0,0,0,0,0,0,0,0,0,0,0,0,0,0,0,2132,711,767,0,14,3210,538,0,14,0,14,0,14,0,14,0,14,22.4,3.8,0.0,1.5,100.0,1.5,0.0,1.5,0.0,1.5,0.0,1.5,0.0,1.5,0.0,1.5
72,Puerto Rico,PR,72031,Carolina,72031051103,"Census Tract 511.03, Carolina Municipio, Puerto Rico",1.221543329968,4586,529,1856,149,1679,141,1748,407,313,143,587,163,359,142,206,121,691,187,986,240,676,168,203,98,2239,431,4576,530,244,86,11,17,27,33,109,72,0,14,38.1,7.7,13.8,5.6,35.0,9.3,11.4,4.2,4.5,2.5,15.1,4.2,21.5,4.6,14.7,3.4,12.1,5.7,50.6,8.0,99.8,1.0,13.1,4.5,0.6,0.9,1.6,2.0,6.5,4.2,0.0,0.3,0.1018,0.4837,0.8927,0.1322,0.2592,1.8696,0.2202,0.1354,0.7465,0.1573,0.7692,0.2232,2.0316,0.2343,0.5255,0.5255,0.5255,0.7909,0.8048,0.3922,0.1052,0.0,2.0931,0.5597,6.5198,0.3026,0,0,0,0,0,0,0,0,0,0,0,0,0,0,0,0,0,0,0,0,0,4161,405,766,0,14,4576,529,0,14,0,14,0,14,0,14,0,14,8.8,1.0,0.0,1.0,99.8,0.4,0.0,1.0,0.0,1.0,0.0,1.0,0.0,1.0,0.0,1.0
72,Puerto Rico,PR,72031,Carolina,72031051104,"Census Tract 511.04, Carolina Municipio, Puerto Rico",1.027700820868,3337,435,1465,153,1310,149,897,269,136,91,489,135,132,77,287,156,694,148,664,200,511,142,66,52,1222,234,3319,434,172,95,11,17,17,18,74,57,0,14,26.9,7.3,8.5,5.6,37.3,9.4,5.6,3.1,8.6,4.6,20.8,4.8,19.9,5.4,15.3,4.0,5.0,3.9,37.5,5.1,99.5,1.0,11.7,6.4,0.8,1.2,1.3,1.4,5.6,4.2,0.0,0.4,0.0401,0.2332,0.922,0.0412,0.7278,1.9643,0.2505,0.4908,0.6371,0.179,0.2535,0.091,1.6514,0.1052,0.4193,0.4193,0.4193,0.7768,0.8427,0.3326,0.0813,0.0,2.0334,0.5249,6.0684,0.2191,0,0,1,0,0,1,0,0,0,0,0,0,0,0,0,0,0,0,0,0,1,7643,266,628,0,14,3319,433,0,14,0,14,0,14,0,14,0,14,8.0,1.1,0.0,1.4,99.5,0.9,0.0,1.4,0.0,1.4,0.0,1.4,0.0,1.4,0.0,1.4
72,Puerto Rico,PR,72031,Carolina,72031980003,"Census Tract 9800.03, Carolina Municipio, Puerto Rico",2.213650565762,0,14,0,14,0,14,0,14,0,14,0,28,0,14,0,14,0,14,0,14,0,14,0,19,0,56,0,37,0,19,0,14,0,19,0,14,0,14,0.0,-999.0,-999.0,-999.0,0.0,-999.0,-999.0,-999.0,-999.0,-999.0,-999.0,-999.0,0.0,-999.0,-999.0,-999.0,0.0,-999.0,0.0,-999.0,0.0,-999.0,0.0,-999.0,-999.0,-999.0,0.0,-999.0,-999.0,-999.0,0.0,-999.0,-999.0,-999.0,-999.0,-999.0,-999.0,-999.0,-999.0,-999.0,-999.0,-999.0,-999.0,-999.0,-999.0,-999.0,-999.0,-999.0,-999.0,-999.0,-999.0,-999.0,-999.0,-999.0,-999.0,-999.0,-999.0,-999.0,-999,-999,-999,-999,-999,-999,-999,-999,-999,-999,-999,-999,-999,-999,-999,-999,-999,-999,-999,-999,-999,10913,0,19,0,14,0,14,0,14,0,14,0,14,0,14,0,14,0.0,-999.0,-999.0,-999.0,-999.0,-999.0,-999.0,-999.0,-999.0,-999.0,-999.0,-999.0,-999.0,-999.0,-999.0,-999.0
72,Puerto Rico,PR,72033,Cataño,72033020200,"Census Tract 202, Cataño Municipio, Puerto Rico",0.289808933404,3770,584,2197,199,1557,197,2540,500,242,154,343,125,886,214,182,101,1137,201,638,219,953,223,91,61,2762,514,3701,566,118,45,0,14,61,45,559,143,6,9,67.4,8.2,19.0,10.0,22.0,7.5,30.6,6.1,4.8,2.8,30.2,5.4,16.9,5.2,25.3,5.8,5.8,3.8,77.7,8.3,98.2,21.4,5.4,2.0,0.0,2.1,3.9,2.8,35.9,7.8,0.2,0.2,0.6089,0.6746,0.4312,0.766,0.2972,2.7779,0.6594,0.9036,0.3857,0.6692,0.325,0.8787,3.1622,0.8438,0.1593,0.1593,0.1593,0.6631,0.0,0.7281,0.9338,0.4735,2.7985,0.8416,8.8979,0.833,0,0,0,0,0,0,1,0,0,0,0,1,0,0,0,0,0,1,0,1,2,1888,2227,698,0,14,3701,565,0,14,0,14,0,14,0,14,0,14,59.2,9.2,0.0,1.3,98.2,1.6,0.0,1.3,0.0,1.3,0.0,1.3,0.0,1.3,0.0,1.3
72,Puerto Rico,PR,72033,Cataño,72033020302,"Census Tract 203.02, Cataño Municipio, Puerto Rico",0.14997553037,1653,299,802,89,653,87,1268,297,168,77,130,55,363,124,112,76,268,81,363,117,317,104,82,41,1252,231,1613,288,34,24,7,12,44,34,170,63,0,14,76.7,11.4,26.0,9.9,19.9,8.0,32.4,9.7,6.8,4.5,16.2,4.7,22.0,5.9,19.2,6.2,12.6,6.1,79.5,4.7,97.6,24.8,4.2,3.0,0.9,1.5,6.7,5.1,26.0,9.0,0.0,0.8,0.8342,0.8438,0.3185,0.8147,0.5597,3.3709,0.8709,0.1885,0.7736,0.3319,0.7909,0.9047,2.9896,0.7668,0.1116,0.1116,0.1116,0.6251,0.8633,0.935,0.8416,0.0,3.265,0.9501,9.7371,0.9219,0,0,0,0,0,0,0,0,0,0,1,1,0,0,0,0,1,0,0,1,2,658,832,392,0,14,1613,286,0,14,0,14,0,14,0,14,0,14,50.3,9.1,0.0,2.8,97.6,2.2,0.0,2.8,0.0,2.8,0.0,2.8,0.0,2.8,0.0,2.8
72,Puerto Rico,PR,72033,Cataño,72033020422,"Census Tract 204.22, Cataño Municipio, Puerto Rico",0.194393090552,1867,381,972,118,702,122,1475,323,201,93,180,69,593,138,231,163,505,107,261,116,479,137,22,30,1395,283,1867,382,0,19,0,14,18,24,137,59,0,14,79.6,6.3,27.7,11.0,25.6,8.8,41.3,7.3,12.4,7.7,27.0,6.0,14.0,5.5,25.7,6.6,3.1,4.2,77.8,2.5,100.0,1.5,0.0,2.0,0.0,4.8,2.6,3.4,19.5,7.6,0.0,0.7,0.8841,0.872,0.6078,0.9588,0.9056,4.2283,0.9848,0.8202,0.1842,0.6941,0.1083,0.8797,2.6865,0.5987,0.5536,0.5536,0.5536,0.0,0.0,0.5666,0.7343,0.0,1.3009,0.1952,8.7693,0.8134,0,0,0,1,1,2,0,0,0,0,0,0,0,0,0,0,0,0,0,0,2,862,841,494,0,14,1867,381,0,14,0,14,0,14,0,14,0,14,45.0,9.2,0.0,2.5,100.0,2.5,0.0,2.5,0.0,2.5,0.0,2.5,0.0,2.5,0.0,2.5
72,Puerto Rico,PR,72033,Cataño,72033020423,"Census Tract 204.23, Cataño Municipio, Puerto Rico",0.477901997622,3734,545,1633,153,1375,164,1933,417,284,141,301,100,431,213,334,127,532,149,690,233,759,208,195,92,1904,412,3710,553,230,86,0,14,50,50,225,89,0,14,51.8,8.2,15.9,7.1,21.9,6.8,16.6,7.3,9.1,3.3,14.2,4.3,18.5,5.6,20.7,4.9,14.2,6.5,53.2,8.5,99.4,3.0,14.1,5.1,0.0,2.9,3.6,3.6,16.4,6.2,0.0,0.4,0.2741,0.5662,0.4269,0.3044,0.7625,2.3341,0.4393,0.0986,0.5244,0.4187,0.8505,0.2546,2.1468,0.2972,0.3694,0.3694,0.3694,0.8017,0.0,0.688,0.6323,0.0,2.122,0.5716,6.9723,0.398,0,0,0,0,0,0,0,0,0,0,0,0,0,0,0,0,0,0,0,0,0,2912,937,722,0,14,3693,552,0,14,0,14,0,14,17,27,0,14,25.1,3.7,0.0,1.3,98.9,1.0,0.0,1.3,0.0,1.3,0.0,1.3,0.5,0.7,0.0,1.3
72,Puerto Rico,PR,72033,Cataño,72033020425,"Census Tract 204.25, Cataño Municipio, Puerto Rico",0.132798238492,2455,362,961,109,815,107,1834,341,162,81,198,63,464,112,267,96,396,91,664,191,492,156,189,60,1767,309,2430,358,190,67,0,14,28,31,281,73,0,14,74.7,8.5,23.4,10.7,24.3,7.0,30.6,6.1,10.9,4.1,16.1,3.8,27.0,6.7,20.1,5.7,23.2,6.7,75.6,7.5,99.0,20.6,19.8,6.6,0.0,4.8,3.4,3.8,34.5,8.0,0.0,0.6,0.7887,0.7907,0.5374,0.766,0.859,3.7418,0.936,0.1842,0.9469,0.3764,0.9697,0.8321,3.3093,0.898,0.2774,0.2774,0.2774,0.8494,0.0,0.6663,0.9295,0.0,2.4452,0.7245,9.7737,0.9241,0,0,0,0,0,0,0,1,0,1,0,2,0,0,0,0,0,1,0,1,3,2055,1298,432,0,14,2430,357,0,14,0,14,0,14,0,14,0,14,52.9,7.8,0.0,1.9,99.0,1.1,0.0,1.9,0.0,1.9,0.0,1.9,0.0,1.9,0.0,1.9
72,Puerto Rico,PR,72033,Cataño,72033020426,"Census Tract 204.26, Cataño Municipio, Puerto Rico",0.1174344677079999,1738,329,752,111,674,100,1705,325,197,87,171,63,399,100,98,64,126,56,604,167,374,124,223,69,1280,252,1706,327,504,100,0,14,21,24,485,86,0,14,98.1,2.2,49.3,15.0,25.4,8.6,41.5,8.5,5.6,3.7,7.2,3.3,34.8,7.0,21.5,6.1,33.1,9.0,81.0,1.9,98.2,2.9,67.0,8.9,0.0,6.1,3.1,3.5,72.0,8.7,0.0,0.8,0.9913,0.9892,0.5991,0.9642,0.4002,3.944,0.9631,0.0141,0.9924,0.4653,0.9935,0.9307,3.396,0.9241,0.1593,0.1593,0.1593,0.9751,0.0,0.6338,0.9967,0.0,2.6056,0.7961,10.1049,0.9534,1,1,0,1,0,3,0,1,0,1,1,3,0,0,1,0,0,1,0,2,8,1255,1038,413,0,14,1706,326,0,14,0,14,0,14,0,14,0,14,59.7,11.3,0.0,2.7,98.2,2.0,0.0,2.7,0.0,2.7,0.0,2.7,0.0,2.7,0.0,2.7
72,Puerto Rico,PR,72033,Cataño,72033020428,"Census Tract 204.28, Cataño Municipio, Puerto Rico",0.690681265414,5020,540,2154,177,1772,187,3212,497,211,101,379,119,712,188,385,187,975,188,1025,253,1183,228,200,106,3554,514,4952,538,75,56,35,40,34,34,378,111,0,20,64.1,7.1,12.1,5.9,21.4,6.3,20.5,4.6,7.7,3.5,19.4,3.7,20.4,4.5,23.6,4.3,11.3,5.9,72.9,7.1,98.6,1.5,3.5,2.6,1.6,1.9,1.9,1.9,21.3,5.7,0.0,0.4,0.532,0.41,0.4063,0.4334,0.6562,2.4379,0.4946,0.3889,0.6771,0.5835,0.727,0.766,3.1425,0.8395,0.2048,0.2048,0.2048,0.6035,0.9555,0.4561,0.7679,0.0,2.783,0.8384,8.5682,0.7744,0,0,0,0,0,0,0,0,0,0,0,0,0,0,0,1,0,0,0,1,1,5628,1981,777,0,20,4952,536,0,20,0,20,0,20,0,20,0,20,39.5,4.3,0.0,0.9,98.6,1.1,0.0,0.9,0.0,0.9,0.0,0.9,0.0,0.9,0.0,0.9
72,Puerto Rico,PR,72033,Cataño,72033020500,"Census Tract 205, Cataño Municipio, Puerto Rico",0.424021849624,3424,452,1375,151,1214,139,728,316,39,39,310,115,242,112,142,89,798,177,411,181,524,182,58,50,1262,306,3424,453,18,32,0,14,10,21,11,17,0,14,21.3,8.8,2.2,2.2,25.5,9.0,8.8,3.7,4.1,2.6,23.3,5.3,12.0,5.0,15.3,5.2,4.8,4.1,37.4,7.6,100.0,0.9,1.3,2.3,0.0,3.4,0.8,1.7,0.9,1.4,0.0,0.4,0.0238,0.026,0.6046,0.0834,0.2082,0.946,0.0184,0.6587,0.1083,0.179,0.234,0.0888,1.2688,0.0336,0.5536,0.5536,0.5536,0.4832,0.0,0.2405,0.0076,0.0,0.7313,0.039,3.4997,0.0076,0,0,0,0,0,0,0,0,0,0,0,0,0,0,0,0,0,0,0,0,0,1328,318,634,0,14,3424,452,0,14,0,14,0,14,0,14,0,14,9.3,1.2,0.0,1.4,100.0,1.4,0.0,1.4,0.0,1.4,0.0,1.4,0.0,1.4,0.0,1.4
72,Puerto Rico,PR,72033,Cataño,72033980001,"Census Tract 9800.01, Cataño Municipio, Puerto Rico",0.271827004958,0,14,0,14,0,14,0,14,0,14,0,28,0,14,0,14,0,14,0,14,0,14,0,19,0,56,0,37,0,19,0,14,0,19,0,14,0,14,0.0,-999.0,-999.0,-999.0,0.0,-999.0,-999.0,-999.0,-999.0,-999.0,-999.0,-999.0,0.0,-999.0,-999.0,-999.0,0.0,-999.0,0.0,-999.0,0.0,-999.0,0.0,-999.0,-999.0,-999.0,0.0,-999.0,-999.0,-999.0,0.0,-999.0,-999.0,-999.0,-999.0,-999.0,-999.0,-999.0,-999.0,-999.0,-999.0,-999.0,-999.0,-999.0,-999.0,-999.0,-999.0,-999.0,-999.0,-999.0,-999.0,-999.0,-999.0,-999.0,-999.0,-999.0,-999.0,-999.0,-999,-999,-999,-999,-999,-999,-999,-999,-999,-999,-999,-999,-999,-999,-999,-999,-999,-999,-999,-999,-999,3039,0,19,0,14,0,14,0,14,0,14,0,14,0,14,0,14,0.0,-999.0,-999.0,-999.0,-999.0,-999.0,-999.0,-999.0,-999.0,-999.0,-999.0,-999.0,-999.0,-999.0,-999.0,-999.0
72,Puerto Rico,PR,72033,Cataño,72033980002,"Census Tract 9800.02, Cataño Municipio, Puerto Rico",0.195535952472,0,14,0,14,0,14,0,14,0,14,0,28,0,14,0,14,0,14,0,14,0,14,0,19,0,56,0,37,0,19,0,14,0,19,0,14,0,14,0.0,-999.0,-999.0,-999.0,0.0,-999.0,-999.0,-999.0,-999.0,-999.0,-999.0,-999.0,0.0,-999.0,-999.0,-999.0,0.0,-999.0,0.0,-999.0,0.0,-999.0,0.0,-999.0,-999.0,-999.0,0.0,-999.0,-999.0,-999.0,0.0,-999.0,-999.0,-999.0,-999.0,-999.0,-999.0,-999.0,-999.0,-999.0,-999.0,-999.0,-999.0,-999.0,-999.0,-999.0,-999.0,-999.0,-999.0,-999.0,-999.0,-999.0,-999.0,-999.0,-999.0,-999.0,-999.0,-999.0,-999,-999,-999,-999,-999,-999,-999,-999,-999,-999,-999,-999,-999,-999,-999,-999,-999,-999,-999,-999,-999,0,0,19,0,14,0,14,0,14,0,14,0,14,0,14,0,14,0.0,-999.0,-999.0,-999.0,-999.0,-999.0,-999.0,-999.0,-999.0,-999.0,-999.0,-999.0,-999.0,-999.0,-999.0,-999.0
72,Puerto Rico,PR,72033,Cataño,72033980003,"Census Tract 9800.03, Cataño Municipio, Puerto Rico",0.64212237518,37,54,11,16,11,16,37,54,0,14,0,28,0,14,21,31,16,24,0,14,16,24,0,19,37,76,37,63,0,19,0,14,0,19,0,14,0,14,100.0,0.0,0.0,100.0,0.0,254.5,0.0,58.9,56.8,7.5,43.2,7.5,0.0,37.8,43.2,7.5,0.0,172.7,100.0,144.5,100.0,87.7,0.0,172.7,0.0,100.0,0.0,172.7,0.0,100.0,0.0,37.8,0.9978,0.0,0.0,0.0,1.0,1.9978,0.2722,1.0,0.0,0.9978,0.0,0.9989,2.9967,0.7701,0.5536,0.5536,0.5536,0.0,0.0,0.0,0.0,0.0,0.0,0.0,5.5481,0.1345,1,0,0,0,1,2,1,0,1,0,1,3,0,0,0,0,0,0,0,0,5,5799,0,76,0,14,37,54,0,14,0,14,0,14,0,14,0,14,0.0,205.4,0.0,58.9,100.0,58.9,0.0,58.9,0.0,58.9,0.0,58.9,0.0,58.9,0.0,58.9
72,Puerto Rico,PR,72033,Cataño,72033980004,"Census Tract 9800.04, Cataño Municipio, Puerto Rico",0.10151393784,0,14,0,14,0,14,0,14,0,14,0,28,0,14,0,14,0,14,0,14,0,14,0,19,0,56,0,37,0,19,0,14,0,19,0,14,0,14,0.0,-999.0,-999.0,-999.0,0.0,-999.0,-999.0,-999.0,-999.0,-999.0,-999.0,-999.0,0.0,-999.0,-999.0,-999.0,0.0,-999.0,0.0,-999.0,0.0,-999.0,0.0,-999.0,-999.0,-999.0,0.0,-999.0,-999.0,-999.0,0.0,-999.0,-999.0,-999.0,-999.0,-999.0,-999.0,-999.0,-999.0,-999.0,-999.0,-999.0,-999.0,-999.0,-999.0,-999.0,-999.0,-999.0,-999.0,-999.0,-999.0,-999.0,-999.0,-999.0,-999.0,-999.0,-999.0,-999.0,-999,-999,-999,-999,-999,-999,-999,-999,-999,-999,-999,-999,-999,-999,-999,-999,-999,-999,-999,-999,-999,3,0,19,0,14,0,14,0,14,0,14,0,14,0,14,0,14,0.0,-999.0,-999.0,-999.0,-999.0,-999.0,-999.0,-999.0,-999.0,-999.0,-999.0,-999.0,-999.0,-999.0,-999.0,-999.0
72,Puerto Rico,PR,72033,Cataño,72033980005,"Census Tract 9800.05, Cataño Municipio, Puerto Rico",0.54587872964,0,14,0,14,0,14,0,14,0,14,0,28,0,14,0,14,0,14,0,14,0,14,0,19,0,56,0,37,0,19,0,14,0,19,0,14,0,14,0.0,-999.0,-999.0,-999.0,0.0,-999.0,-999.0,-999.0,-999.0,-999.0,-999.0,-999.0,0.0,-999.0,-999.0,-999.0,0.0,-999.0,0.0,-999.0,0.0,-999.0,0.0,-999.0,-999.0,-999.0,0.0,-999.0,-999.0,-999.0,0.0,-999.0,-999.0,-999.0,-999.0,-999.0,-999.0,-999.0,-999.0,-999.0,-999.0,-999.0,-999.0,-999.0,-999.0,-999.0,-999.0,-999.0,-999.0,-999.0,-999.0,-999.0,-999.0,-999.0,-999.0,-999.0,-999.0,-999.0,-999,-999,-999,-999,-999,-999,-999,-999,-999,-999,-999,-999,-999,-999,-999,-999,-999,-999,-999,-999,-999,102,0,19,0,14,0,14,0,14,0,14,0,14,0,14,0,14,0.0,-999.0,-999.0,-999.0,-999.0,-999.0,-999.0,-999.0,-999.0,-999.0,-999.0,-999.0,-999.0,-999.0,-999.0,-999.0
72,Puerto Rico,PR,72033,Cataño,72033980006,"Census Tract 9800.06, Cataño Municipio, Puerto Rico",0.267782586508,0,14,0,14,0,14,0,14,0,14,0,28,0,14,0,14,0,14,0,14,0,14,0,19,0,56,0,37,0,19,0,14,0,19,0,14,0,14,0.0,-999.0,-999.0,-999.0,0.0,-999.0,-999.0,-999.0,-999.0,-999.0,-999.0,-999.0,0.0,-999.0,-999.0,-999.0,0.0,-999.0,0.0,-999.0,0.0,-999.0,0.0,-999.0,-999.0,-999.0,0.0,-999.0,-999.0,-999.0,0.0,-999.0,-999.0,-999.0,-999.0,-999.0,-999.0,-999.0,-999.0,-999.0,-999.0,-999.0,-999.0,-999.0,-999.0,-999.0,-999.0,-999.0,-999.0,-999.0,-999.0,-999.0,-999.0,-999.0,-999.0,-999.0,-999.0,-999.0,-999,-999,-999,-999,-999,-999,-999,-999,-999,-999,-999,-999,-999,-999,-999,-999,-999,-999,-999,-999,-999,41,0,19,0,14,0,14,0,14,0,14,0,14,0,14,0,14,0.0,-999.0,-999.0,-999.0,-999.0,-999.0,-999.0,-999.0,-999.0,-999.0,-999.0,-999.0,-999.0,-999.0,-999.0,-999.0
72,Puerto Rico,PR,72033,Cataño,72033980007,"Census Tract 9800.07, Cataño Municipio, Puerto Rico",0.330607173438,0,14,0,14,0,14,0,14,0,14,0,28,0,14,0,14,0,14,0,14,0,14,0,19,0,56,0,37,0,19,0,14,0,19,0,14,0,14,0.0,-999.0,-999.0,-999.0,0.0,-999.0,-999.0,-999.0,-999.0,-999.0,-999.0,-999.0,0.0,-999.0,-999.0,-999.0,0.0,-999.0,0.0,-999.0,0.0,-999.0,0.0,-999.0,-999.0,-999.0,0.0,-999.0,-999.0,-999.0,0.0,-999.0,-999.0,-999.0,-999.0,-999.0,-999.0,-999.0,-999.0,-999.0,-999.0,-999.0,-999.0,-999.0,-999.0,-999.0,-999.0,-999.0,-999.0,-999.0,-999.0,-999.0,-999.0,-999.0,-999.0,-999.0,-999.0,-999.0,-999,-999,-999,-999,-999,-999,-999,-999,-999,-999,-999,-999,-999,-999,-999,-999,-999,-999,-999,-999,-999,121,0,19,0,14,0,14,0,14,0,14,0,14,0,14,0,14,0.0,-999.0,-999.0,-999.0,-999.0,-999.0,-999.0,-999.0,-999.0,-999.0,-999.0,-999.0,-999.0,-999.0,-999.0,-999.0
72,Puerto Rico,PR,72033,Cataño,72033990201,"Census Tract 9902.01, Cataño Municipio, Puerto Rico",0.0,0,14,0,14,0,14,0,14,0,14,0,28,0,14,0,14,0,14,0,14,0,14,0,19,0,56,0,37,0,19,0,14,0,19,0,14,0,14,0.0,-999.0,-999.0,-999.0,0.0,-999.0,-999.0,-999.0,-999.0,-999.0,-999.0,-999.0,0.0,-999.0,-999.0,-999.0,0.0,-999.0,0.0,-999.0,0.0,-999.0,0.0,-999.0,-999.0,-999.0,0.0,-999.0,-999.0,-999.0,0.0,-999.0,-999.0,-999.0,-999.0,-999.0,-999.0,-999.0,-999.0,-999.0,-999.0,-999.0,-999.0,-999.0,-999.0,-999.0,-999.0,-999.0,-999.0,-999.0,-999.0,-999.0,-999.0,-999.0,-999.0,-999.0,-999.0,-999.0,-999,-999,-999,-999,-999,-999,-999,-999,-999,-999,-999,-999,-999,-999,-999,-999,-999,-999,-999,-999,-999,1,0,19,0,14,0,14,0,14,0,14,0,14,0,14,0,14,0.0,-999.0,-999.0,-999.0,-999.0,-999.0,-999.0,-999.0,-999.0,-999.0,-999.0,-999.0,-999.0,-999.0,-999.0,-999.0
72,Puerto Rico,PR,72035,Cayey,72035260100,"Census Tract 2601, Cayey Municipio, Puerto Rico",13.257097499378,8969,1058,3778,287,3174,274,4125,793,154,107,635,241,1242,434,358,254,1459,308,2003,427,2314,506,408,227,4617,805,8946,1053,26,46,33,54,31,55,310,149,9,21,46.0,7.0,4.6,3.4,20.0,7.4,19.7,6.5,4.0,2.8,16.3,3.7,22.3,4.0,25.9,5.6,12.9,7.1,54.8,7.1,99.7,16.6,0.7,1.2,0.9,1.4,1.0,1.7,9.8,4.8,0.1,0.2,0.1885,0.0879,0.3229,0.403,0.1985,1.2008,0.039,0.1939,0.7963,0.7061,0.8093,0.2893,2.7949,0.679,0.4886,0.4886,0.4886,0.4009,0.8633,0.2839,0.2668,0.4334,2.2483,0.6302,6.7326,0.346,0,0,0,0,0,0,0,0,0,0,0,0,0,0,0,0,0,0,0,0,0,4997,1510,1567,0,20,8916,1051,0,20,0,20,0,20,30,48,0,20,16.9,2.0,0.0,0.5,99.4,0.7,0.0,0.5,0.0,0.5,0.0,0.5,0.3,0.5,0.0,0.5
72,Puerto Rico,PR,72035,Cayey,72035260201,"Census Tract 2602.01, Cayey Municipio, Puerto Rico",1.10248144233,2943,424,1280,148,1061,135,1286,353,13,20,278,102,307,116,185,177,543,144,450,166,902,257,24,31,1680,377,2924,426,0,19,0,14,0,19,90,55,16,24,43.9,10.2,1.3,1.9,26.2,9.0,13.9,5.0,6.3,5.7,18.5,5.4,15.3,5.2,30.8,8.0,2.3,2.9,57.3,9.9,99.4,2.1,0.0,1.5,0.0,3.6,0.0,1.8,8.5,4.9,0.5,0.8,0.1603,0.0152,0.6327,0.2037,0.4892,1.5011,0.0868,0.3294,0.2698,0.8861,0.0683,0.3456,1.8992,0.1757,0.3694,0.3694,0.3694,0.0,0.0,0.0,0.192,0.6165,0.8085,0.0564,4.5782,0.0358,0,0,0,0,0,0,0,0,0,0,0,0,0,0,0,0,0,0,0,0,0,1553,508,631,0,14,2824,393,100,162,0,14,0,14,0,14,0,14,17.4,2.5,0.0,1.6,96.0,5.4,3.4,5.3,0.0,1.6,0.0,1.6,0.0,1.6,0.0,1.6
72,Puerto Rico,PR,72035,Cayey,72035260202,"Census Tract 2602.02, Cayey Municipio, Puerto Rico",1.932828928612,3419,517,1676,178,1406,180,1488,343,153,103,270,125,545,237,378,187,818,212,356,193,1146,266,77,65,1712,341,3419,518,197,108,0,14,22,37,316,122,0,14,43.5,7.6,10.6,7.3,19.2,8.5,20.2,8.0,11.1,5.4,23.9,6.0,10.4,5.4,33.5,6.9,5.5,4.6,51.0,6.6,100.0,0.9,11.8,6.3,0.0,2.8,1.6,2.6,22.5,7.8,0.0,0.4,0.156,0.3492,0.2828,0.416,0.8698,2.0738,0.3102,0.6988,0.0585,0.9382,0.2969,0.2308,2.2232,0.3351,0.5536,0.5536,0.5536,0.7779,0.0,0.3922,0.7885,0.0,1.9586,0.487,6.8092,0.3633,0,0,0,0,0,0,0,0,1,0,0,1,0,0,0,0,0,0,0,0,1,12499,535,728,0,14,3419,517,0,14,0,14,0,14,0,14,0,14,15.6,2.4,0.0,1.4,100.0,1.4,0.0,1.4,0.0,1.4,0.0,1.4,0.0,1.4,0.0,1.4
72,Puerto Rico,PR,72035,Cayey,72035260300,"Census Tract 2603, Cayey Municipio, Puerto Rico",1.766064524976,3715,609,1844,206,1478,198,2485,570,269,131,382,126,646,180,245,129,1137,221,650,237,1378,259,96,69,2577,483,3715,609,0,19,0,14,25,30,237,107,0,14,66.9,10.7,26.1,10.3,25.8,7.8,22.2,5.5,6.6,3.3,30.6,6.8,17.5,5.7,37.1,7.7,6.5,4.6,71.6,6.4,100.0,0.0,0.0,1.0,0.0,2.5,1.7,2.0,16.0,7.0,0.0,0.4,0.5959,0.8471,0.6165,0.5038,0.5315,3.0948,0.7809,0.9155,0.4312,0.9751,0.3759,0.7129,3.4106,0.9295,0.5536,0.5536,0.5536,0.0,0.0,0.4139,0.6128,0.0,1.0267,0.1074,8.0857,0.6725,0,0,0,0,0,0,1,0,1,0,0,2,0,0,0,0,0,0,0,0,2,2626,652,859,0,14,3715,609,0,14,0,14,0,14,0,14,0,14,17.6,2.9,0.0,1.3,100.0,1.3,0.0,1.3,0.0,1.3,0.0,1.3,0.0,1.3,0.0,1.3
72,Puerto Rico,PR,72035,Cayey,72035260400,"Census Tract 2604, Cayey Municipio, Puerto Rico",9.81455260767,3992,544,1824,180,1464,179,2459,555,49,59,265,118,729,193,348,165,703,172,581,243,1277,291,82,64,2693,429,3979,545,0,19,0,14,28,47,169,85,0,14,61.6,11.1,3.8,4.6,18.1,7.8,24.8,6.5,8.7,4.1,17.6,4.6,14.6,5.8,32.0,6.5,5.6,4.3,69.0,6.3,99.7,1.3,0.0,1.0,0.0,2.6,1.9,3.2,11.5,5.7,0.0,0.4,0.4713,0.064,0.2394,0.5959,0.7321,2.1027,0.3232,0.2763,0.2189,0.91,0.3044,0.6479,2.3575,0.3905,0.4886,0.4886,0.4886,0.0,0.0,0.4561,0.3623,0.0,0.8184,0.0586,5.7672,0.1725,0,0,0,0,0,0,0,0,1,0,0,1,0,0,0,0,0,0,0,0,1,2165,585,790,0,14,3979,544,0,14,0,14,0,14,0,14,0,14,14.7,2.0,0.0,1.2,99.7,0.5,0.0,1.2,0.0,1.2,0.0,1.2,0.0,1.2,0.0,1.2
72,Puerto Rico,PR,72035,Cayey,72035260500,"Census Tract 2605, Cayey Municipio, Puerto Rico",0.791892885388,4074,616,1858,187,1505,191,2792,519,144,90,438,133,708,239,169,148,870,185,957,266,1616,353,204,113,2072,441,4061,618,56,46,0,14,0,19,389,123,69,21,68.5,7.4,16.4,9.2,29.1,8.0,28.4,7.9,4.1,3.5,21.4,5.5,23.5,5.5,39.7,6.9,13.6,7.3,54.7,7.9,99.7,1.7,3.0,2.5,0.0,2.5,0.0,1.3,25.8,7.3,1.7,0.4,0.6349,0.5911,0.7465,0.6988,0.2082,2.8795,0.6876,0.5363,0.8548,0.9902,0.8342,0.2871,3.5026,0.9523,0.4886,0.4886,0.4886,0.5753,0.0,0.0,0.8362,0.8613,2.2728,0.6443,9.1435,0.8536,0,0,0,0,0,0,0,0,1,0,0,1,0,0,0,0,0,0,0,0,1,3434,1271,883,0,14,4061,618,0,14,0,14,0,14,0,14,0,14,31.7,4.9,0.0,1.2,99.7,0.5,0.0,1.2,0.0,1.2,0.0,1.2,0.0,1.2,0.0,1.2
72,Puerto Rico,PR,72035,Cayey,72035260600,"Census Tract 2606, Cayey Municipio, Puerto Rico",0.334645414256,2387,511,1379,162,1015,169,1693,407,101,87,181,90,492,153,149,108,562,150,455,221,852,178,107,59,1736,428,2387,512,239,98,13,21,23,38,504,123,0,14,70.9,7.8,13.1,10.8,17.8,8.4,29.0,8.2,6.2,4.4,23.5,7.0,19.1,8.3,35.7,8.0,10.5,5.5,77.6,9.9,100.0,1.3,17.3,6.8,0.9,1.5,2.3,3.7,49.7,9.9,0.0,0.6,0.6999,0.4544,0.2308,0.7183,0.4783,2.5817,0.564,0.6761,0.572,0.9685,0.675,0.8765,3.7681,0.9837,0.5536,0.5536,0.5536,0.8299,0.8633,0.5179,0.9783,0.0,3.1894,0.9414,10.0928,0.949,0,0,0,0,0,0,0,0,1,0,0,1,0,0,0,0,0,1,0,1,2,1301,507,719,0,14,2387,511,0,14,0,14,0,14,0,14,0,14,21.2,4.5,0.0,2.0,100.0,2.0,0.0,2.0,0.0,2.0,0.0,2.0,0.0,2.0,0.0,2.0
72,Puerto Rico,PR,72035,Cayey,72035260700,"Census Tract 2607, Cayey Municipio, Puerto Rico",0.197639050066,2566,516,1308,157,994,142,2267,539,61,64,168,94,539,167,152,114,515,142,461,208,1012,287,76,61,1641,396,2566,516,0,19,0,14,14,26,271,105,5,11,88.5,11.2,8.8,8.4,16.9,9.1,30.1,7.9,5.9,4.0,20.1,6.6,18.0,7.3,39.4,9.4,7.6,6.0,69.1,10.1,100.0,0.0,0.0,1.5,0.0,3.6,1.4,2.6,27.3,9.9,0.2,0.4,0.974,0.2549,0.2113,0.7541,0.4458,2.6401,0.5879,0.4388,0.4778,0.9859,0.4713,0.6533,3.0271,0.7842,0.5536,0.5536,0.5536,0.0,0.0,0.3597,0.8612,0.4735,1.6944,0.3666,7.9152,0.6334,1,0,0,0,0,1,0,0,1,0,0,1,0,0,0,0,0,0,0,0,2,1746,525,718,0,14,2565,516,0,14,0,14,0,14,0,14,1,3,20.5,4.1,0.0,1.8,100.0,0.1,0.0,1.8,0.0,1.8,0.0,1.8,0.0,1.8,0.0,0.1
72,Puerto Rico,PR,72035,Cayey,72035260800,"Census Tract 2608, Cayey Municipio, Puerto Rico",0.49837467007,2649,466,1428,173,1169,156,1589,423,67,65,212,100,441,130,126,86,815,174,471,181,856,196,124,91,1572,284,2649,467,0,19,0,14,21,35,217,70,31,18,60.0,12.0,7.8,7.0,18.1,8.2,21.3,5.9,4.8,3.0,30.8,7.7,17.8,6.1,32.3,6.5,10.6,7.7,60.0,3.0,100.0,1.2,0.0,1.3,0.0,3.3,1.8,3.0,18.6,5.6,1.2,0.6,0.4377,0.2082,0.2394,0.4735,0.2972,1.656,0.141,0.922,0.4626,0.9154,0.6847,0.4074,3.3921,0.9219,0.5536,0.5536,0.5536,0.0,0.0,0.4345,0.7082,0.7952,1.9379,0.4783,7.5396,0.5531,0,0,0,0,0,0,1,0,1,0,0,2,0,0,0,0,0,0,0,0,2,4113,556,688,0,14,2649,466,0,14,0,14,0,14,0,14,0,14,21.2,3.8,0.0,1.8,100.0,1.8,0.0,1.8,0.0,1.8,0.0,1.8,0.0,1.8,0.0,1.8
72,Puerto Rico,PR,72035,Cayey,72035260901,"Census Tract 2609.01, Cayey Municipio, Puerto Rico",5.038716428542,3910,458,1512,142,1362,136,1455,463,72,64,218,101,423,158,397,208,692,180,641,192,1065,248,148,86,1437,346,3910,459,0,19,0,14,9,19,23,26,10,30,37.3,11.0,4.2,3.8,16.0,7.2,14.4,4.8,10.2,4.9,17.7,4.7,16.4,4.5,27.3,5.5,10.9,6.2,37.5,7.9,100.0,0.8,0.0,1.3,0.0,3.1,0.7,1.4,1.7,1.9,0.3,0.8,0.0943,0.0748,0.1853,0.2221,0.8286,1.4051,0.0662,0.2828,0.3434,0.7711,0.7031,0.091,2.1914,0.3178,0.5536,0.5536,0.5536,0.0,0.0,0.2264,0.0163,0.5255,0.7682,0.0521,4.9183,0.0716,0,0,0,0,0,0,0,0,0,0,0,0,0,0,0,0,0,0,0,0,0,5253,400,651,0,14,3910,458,0,14,0,14,0,14,0,14,0,14,10.3,1.2,0.0,1.2,100.0,1.2,0.0,1.2,0.0,1.2,0.0,1.2,0.0,1.2,0.0,1.2
72,Puerto Rico,PR,72035,Cayey,72035260902,"Census Tract 2609.02, Cayey Municipio, Puerto Rico",17.20023985037,4502,619,1959,175,1605,213,2976,556,100,75,235,112,908,249,538,188,860,204,783,269,1299,261,147,86,2963,503,4502,619,0,19,0,14,18,32,242,110,0,14,66.1,8.4,6.6,4.9,14.6,6.7,27.9,7.0,12.0,4.0,19.1,4.4,17.4,5.5,28.9,5.4,9.2,5.2,67.2,6.5,100.0,0.0,0.0,1.0,0.0,2.4,1.1,2.0,15.1,6.3,0.0,0.3,0.5807,0.154,0.1354,0.688,0.8937,2.4518,0.5,0.3684,0.4204,0.8297,0.5861,0.597,2.8016,0.6833,0.5536,0.5536,0.5536,0.0,0.0,0.3055,0.5586,0.0,0.8641,0.0716,6.6711,0.3341,0,0,0,0,0,0,0,0,0,0,0,0,0,0,0,0,0,0,0,0,0,2664,970,866,0,14,4502,619,0,14,0,14,0,14,0,14,0,14,21.5,3.0,0.0,1.0,100.0,1.0,0.0,1.0,0.0,1.0,0.0,1.0,0.0,1.0,0.0,1.0
72,Puerto Rico,PR,72037,Ceiba,72037160201,"Census Tract 1602.01, Ceiba Municipio, Puerto Rico",1.628882098274,4769,555,2679,194,1811,205,3167,590,172,135,625,174,669,206,317,141,1010,190,997,213,407,137,251,132,2609,464,4724,555,122,82,23,36,50,60,264,99,0,14,66.4,9.7,10.6,8.0,34.5,8.8,20.0,5.2,6.7,2.9,21.2,3.8,20.9,3.7,8.6,3.1,13.9,7.1,56.5,7.7,99.1,1.6,4.6,3.0,0.9,1.3,2.8,3.3,14.6,5.5,0.0,0.3,0.5894,0.3492,0.8852,0.4095,0.5434,2.7767,0.6584,0.5135,0.7096,0.0347,0.8451,0.325,2.4279,0.4393,0.2914,0.2914,0.2914,0.6381,0.8633,0.5991,0.5293,0.0,2.6298,0.8026,8.1258,0.6811,0,0,0,0,0,0,0,0,0,0,0,0,0,0,0,0,0,0,0,0,0,2701,1268,761,11,17,4667,550,46,72,0,14,0,14,0,14,0,14,26.6,3.1,0.2,0.4,97.9,2.0,1.0,1.5,0.0,1.0,0.0,1.0,0.0,1.0,0.0,1.0
72,Puerto Rico,PR,72037,Ceiba,72037160202,"Census Tract 1602.02, Ceiba Municipio, Puerto Rico",11.209835273904,2647,426,1716,153,1070,152,1705,410,111,93,168,96,640,187,107,87,583,155,296,146,164,90,42,47,1752,335,2526,434,0,19,10,16,20,34,204,84,0,14,65.0,11.9,11.3,8.7,15.7,8.7,32.1,8.6,4.0,3.2,22.0,5.9,11.2,5.2,6.2,3.2,3.9,4.4,68.1,7.2,95.4,5.8,0.0,1.1,0.6,0.9,1.9,3.2,19.1,7.1,0.0,0.5,0.5547,0.3753,0.1712,0.8061,0.1985,2.1058,0.3254,0.5785,0.0856,0.0098,0.1668,0.6197,1.4604,0.0694,0.0423,0.0423,0.0423,0.0,0.8048,0.4561,0.7234,0.0,1.9843,0.4989,5.5928,0.1475,0,0,0,0,0,0,0,0,0,0,0,0,0,0,0,0,0,0,0,0,0,1448,686,608,0,14,2526,433,0,14,0,14,0,14,0,14,0,14,25.9,4.2,0.0,1.8,95.4,3.3,0.0,1.8,0.0,1.8,0.0,1.8,0.0,1.8,0.0,1.8
72,Puerto Rico,PR,72037,Ceiba,72037160400,"Census Tract 1604, Ceiba Municipio, Puerto Rico",16.19678971002,3791,500,3041,195,1380,154,2444,449,111,79,249,92,805,196,161,133,1050,191,714,192,499,215,132,79,2047,432,3791,499,143,41,0,14,25,30,250,94,20,14,64.5,8.2,9.6,6.8,18.0,6.4,29.0,6.3,4.3,3.4,27.7,4.7,18.8,4.4,13.2,5.4,9.6,5.6,56.6,9.4,100.0,18.6,4.7,1.3,0.0,1.5,1.8,2.2,18.1,6.4,0.5,0.4,0.546,0.308,0.2373,0.7183,0.2321,2.0417,0.2939,0.8483,0.5536,0.1117,0.6197,0.3272,2.4605,0.4685,0.5536,0.5536,0.5536,0.6425,0.0,0.4345,0.692,0.6165,2.3855,0.6963,7.4413,0.5195,0,0,0,0,0,0,0,0,0,0,0,0,0,0,0,0,0,0,0,0,0,5815,802,730,1,4,3790,499,0,14,0,14,0,14,0,14,0,14,21.3,2.8,0.0,0.1,100.0,0.1,0.0,1.2,0.0,1.2,0.0,1.2,0.0,1.2,0.0,1.2
72,Puerto Rico,PR,72039,Ciales,72039955600,"Census Tract 9556, Ciales Municipio, Puerto Rico",22.579971990066,4562,612,2121,167,1640,171,3443,656,263,159,308,112,943,266,299,206,980,209,791,263,1350,274,76,70,3184,519,4544,620,0,19,0,14,29,36,147,80,13,21,75.7,10.2,18.2,10.5,18.8,6.5,27.7,6.7,6.6,4.3,21.5,4.9,17.3,5.3,29.7,5.3,4.6,4.2,72.5,7.0,99.6,2.5,0.0,0.9,0.0,2.2,1.8,2.2,9.0,5.1,0.3,0.5,0.8104,0.6562,0.2676,0.6826,0.5315,2.9483,0.7256,0.5385,0.4128,0.8579,0.2232,0.7465,2.7789,0.6659,0.4594,0.4594,0.4594,0.0,0.0,0.4345,0.2267,0.5255,1.1867,0.1573,7.3733,0.5022,0,0,0,0,0,0,0,0,0,0,0,0,0,0,0,0,0,0,0,0,0,3720,1469,890,0,14,4544,620,0,14,0,14,0,14,0,14,0,14,32.3,4.3,0.0,1.0,99.6,0.6,0.0,1.0,0.0,1.0,0.0,1.0,0.0,1.0,0.0,1.0
72,Puerto Rico,PR,72039,Ciales,72039955700,"Census Tract 9557, Ciales Municipio, Puerto Rico",1.60971908381,2609,483,1308,172,993,166,2023,445,169,110,210,102,633,153,0,14,624,139,701,212,722,192,146,101,1738,388,2534,471,104,87,0,14,17,30,280,102,0,14,77.5,9.2,26.2,13.4,21.1,9.6,39.5,8.5,0.0,1.8,23.9,6.3,26.9,6.4,27.7,7.1,14.7,9.9,76.1,9.0,97.1,1.7,8.0,6.6,0.0,3.6,1.7,3.0,28.2,10.5,0.0,0.5,0.8483,0.8492,0.3857,0.935,0.0,3.0182,0.7581,0.6988,0.9426,0.782,0.8624,0.8472,4.133,1.0,0.0867,0.0867,0.0867,0.7302,0.0,0.4139,0.8764,0.0,2.0205,0.5195,9.2584,0.8709,0,0,0,1,0,1,0,1,0,0,0,1,0,0,0,0,0,0,0,0,2,4390,823,680,0,14,2534,470,0,14,0,14,0,14,0,14,0,14,31.5,5.8,0.0,1.8,97.1,2.0,0.0,1.8,0.0,1.8,0.0,1.8,0.0,1.8,0.0,1.8
72,Puerto Rico,PR,72039,Ciales,72039955800,"Census Tract 9558, Ciales Municipio, Puerto Rico",12.911956288354,4921,707,2066,195,1755,192,3335,602,234,122,449,132,932,230,164,98,984,174,953,282,1387,281,141,79,3578,549,4921,707,84,38,0,14,95,71,261,93,0,14,69.8,8.1,16.5,8.5,25.6,7.0,25.8,6.0,3.3,2.0,20.0,4.2,19.4,5.0,28.2,5.8,8.0,4.4,75.0,4.6,100.0,0.0,4.1,1.8,0.0,2.3,5.4,4.0,14.9,5.1,0.0,0.3,0.6685,0.5965,0.6078,0.6284,0.1204,2.6216,0.577,0.4377,0.5991,0.8048,0.5016,0.8191,3.1623,0.8449,0.5536,0.5536,0.5536,0.6219,0.0,0.8646,0.5499,0.0,2.0364,0.5282,8.3739,0.7408,0,0,0,0,0,0,0,0,0,0,0,0,0,0,0,0,0,0,0,0,0,3140,1686,1020,0,14,4921,707,0,14,0,14,0,14,0,14,0,14,34.3,4.9,0.0,1.0,100.0,1.0,0.0,1.0,0.0,1.0,0.0,1.0,0.0,1.0,0.0,1.0
72,Puerto Rico,PR,72039,Ciales,72039955900,"Census Tract 9559, Ciales Municipio, Puerto Rico",29.427662775456,4096,598,1826,195,1425,200,3354,571,343,156,279,106,1106,267,224,121,695,133,706,222,1094,266,108,85,2743,516,4069,592,10,20,11,17,57,42,191,105,0,14,81.9,7.2,29.3,10.8,19.6,6.9,36.7,7.5,5.5,3.0,17.0,3.2,17.2,4.8,26.7,6.2,7.6,5.9,68.7,8.4,99.3,20.5,0.5,1.1,0.6,1.0,4.0,2.9,13.4,7.0,0.0,0.3,0.9198,0.8948,0.3077,0.8949,0.3861,3.4033,0.8753,0.2394,0.4052,0.7419,0.4713,0.6392,2.497,0.4859,0.3402,0.3402,0.3402,0.3857,0.8048,0.74,0.4653,0.0,2.3958,0.7017,8.6363,0.7918,1,0,0,0,0,1,0,0,0,0,0,0,0,0,0,0,0,0,0,0,1,2664,1255,840,0,14,4069,592,0,14,0,14,0,14,0,14,0,14,30.6,4.5,0.0,1.2,99.3,0.8,0.0,1.2,0.0,1.2,0.0,1.2,0.0,1.2,0.0,1.2
72,Puerto Rico,PR,72041,Cidra,72041240101,"Census Tract 2401.01, Cidra Municipio, Puerto Rico",3.222740111924,5285,837,2057,181,1672,189,2105,640,268,142,353,133,314,125,414,274,653,176,1071,327,1011,263,152,99,2361,474,5254,840,0,28,16,27,0,28,72,54,0,20,39.8,10.3,10.9,5.2,21.1,7.6,8.5,3.3,7.9,5.0,12.4,3.8,20.3,5.3,19.3,4.7,9.1,5.8,46.1,5.7,99.4,2.2,0.0,1.4,0.8,1.3,0.0,1.7,4.3,3.2,0.0,0.4,0.1138,0.3644,0.3857,0.0737,0.6746,1.6122,0.1215,0.0574,0.6685,0.3406,0.5764,0.1679,1.8108,0.1421,0.3694,0.3694,0.3694,0.0,0.8427,0.0,0.0499,0.0,0.8926,0.077,4.685,0.0488,0,0,0,0,0,0,0,0,0,0,0,0,0,0,0,0,0,0,0,0,0,3156,706,1173,0,20,5254,839,0,20,0,20,0,20,0,20,0,20,13.4,2.1,0.0,0.9,99.4,0.7,0.0,0.9,0.0,0.9,0.0,0.9,0.0,0.9,0.0,0.9
72,Puerto Rico,PR,72041,Cidra,72041240102,"Census Tract 2401.02, Cidra Municipio, Puerto Rico",1.338253470324,3706,646,1630,166,1334,174,1683,404,140,106,209,105,791,235,269,175,612,165,694,263,1007,230,41,46,2427,483,3688,645,0,19,0,14,0,19,140,67,0,14,45.4,7.5,9.4,7.1,15.7,7.6,29.6,8.0,7.3,4.5,16.5,4.7,18.7,6.3,27.2,5.5,3.1,3.4,72.4,6.8,99.5,1.4,0.0,1.2,0.0,2.9,0.0,1.4,10.5,4.9,0.0,0.4,0.1788,0.2885,0.1712,0.7378,0.6106,1.9869,0.2636,0.2059,0.545,0.7657,0.1083,0.7432,2.3681,0.397,0.4193,0.4193,0.4193,0.0,0.0,0.0,0.3059,0.0,0.3059,0.0076,5.0802,0.0835,0,0,0,0,0,0,0,0,0,0,0,0,0,0,0,0,0,0,0,0,0,1574,1384,867,59,93,3629,638,0,14,0,14,0,14,0,14,0,14,37.3,6.5,1.6,2.5,97.9,2.6,0.0,1.3,0.0,1.3,0.0,1.3,0.0,1.3,0.0,1.3
72,Puerto Rico,PR,72041,Cidra,72041240201,"Census Tract 2402.01, Cidra Municipio, Puerto Rico",5.211715221172,4275,642,1632,150,1324,155,3114,639,60,73,312,130,958,315,392,253,749,199,920,285,1455,382,73,68,3028,612,4275,642,0,19,0,14,49,46,269,111,16,38,72.8,10.2,5.8,6.1,23.6,9.4,31.3,9.5,9.2,5.9,17.5,5.1,21.5,5.8,34.0,8.3,5.5,5.1,74.6,10.2,100.0,0.0,0.0,1.2,0.0,2.9,3.7,3.4,20.3,8.0,0.4,0.9,0.7421,0.128,0.5027,0.7898,0.7711,2.9337,0.7158,0.2698,0.7465,0.949,0.2969,0.8061,3.0683,0.808,0.5536,0.5536,0.5536,0.0,0.0,0.7064,0.7451,0.5688,2.0203,0.5184,8.5759,0.7766,0,0,0,0,0,0,0,0,1,0,0,1,0,0,0,0,0,0,0,0,1,2708,1658,930,0,14,4275,642,0,14,0,14,0,14,0,14,0,14,38.9,5.9,0.0,1.1,100.0,1.1,0.0,1.1,0.0,1.1,0.0,1.1,0.0,1.1,0.0,1.1
72,Puerto Rico,PR,72041,Cidra,72041240202,"Census Tract 2402.02, Cidra Municipio, Puerto Rico",6.363867141394,4279,733,1671,213,1378,183,3697,712,372,211,303,133,1019,325,143,84,758,178,744,318,1775,466,0,19,2953,522,4279,733,0,19,0,14,25,28,269,123,51,19,86.6,7.6,27.9,13.1,22.0,9.2,35.4,9.9,3.3,2.1,17.7,4.9,17.4,6.8,41.6,9.0,0.0,1.4,71.7,3.3,100.0,0.0,0.0,1.1,0.0,2.8,1.8,2.0,19.5,8.4,1.2,0.4,0.9577,0.8774,0.4312,0.883,0.1204,3.2697,0.8492,0.2828,0.4204,0.9957,0.0,0.7161,2.415,0.4306,0.5536,0.5536,0.5536,0.0,0.0,0.4345,0.7343,0.7952,1.964,0.4892,8.2023,0.7061,1,0,0,0,0,1,0,0,1,0,0,1,0,0,0,0,0,0,0,0,2,2167,1439,1047,0,14,4279,733,0,14,0,14,0,14,0,14,0,14,34.0,5.9,0.0,1.1,100.0,1.1,0.0,1.1,0.0,1.1,0.0,1.1,0.0,1.1,0.0,1.1
72,Puerto Rico,PR,72041,Cidra,72041240300,"Census Tract 2403, Cidra Municipio, Puerto Rico",1.707169684202,2391,434,884,101,758,105,1614,401,79,54,181,68,301,118,95,65,419,105,420,186,730,189,37,36,1550,393,2391,435,0,19,0,14,13,26,101,42,0,14,67.5,11.5,10.6,7.0,23.9,8.3,17.2,5.5,4.0,2.5,17.5,4.6,17.6,7.1,30.5,7.1,4.9,4.7,67.4,12.1,100.0,1.2,0.0,2.1,0.0,5.2,1.7,3.4,13.3,5.6,0.0,0.6,0.6121,0.3492,0.5222,0.3229,0.1985,2.0049,0.2744,0.2698,0.441,0.8818,0.2427,0.6024,2.4377,0.4479,0.5536,0.5536,0.5536,0.0,0.0,0.4139,0.4599,0.0,0.8738,0.0727,5.87,0.1866,0,0,0,0,0,0,0,0,0,0,0,0,0,0,0,0,0,0,0,0,0,7375,797,613,0,14,2391,434,0,14,0,14,0,14,0,14,0,14,33.3,6.0,0.0,2.0,100.0,2.0,0.0,2.0,0.0,2.0,0.0,2.0,0.0,2.0,0.0,2.0
72,Puerto Rico,PR,72041,Cidra,72041240401,"Census Tract 2404.01, Cidra Municipio, Puerto Rico",2.722916014946,4280,568,1859,176,1479,168,2634,562,109,86,361,149,613,193,225,141,925,214,1009,343,1546,283,192,105,2798,480,4205,559,0,19,0,14,15,26,271,106,19,44,61.8,10.3,8.3,6.6,24.4,9.7,20.6,6.5,5.3,3.1,21.6,5.5,23.6,7.4,36.3,5.6,13.0,6.9,66.9,7.7,98.2,0.9,0.0,1.0,0.0,2.5,1.0,1.8,18.3,6.9,0.4,1.0,0.4789,0.2245,0.5428,0.441,0.359,2.0462,0.2961,0.5493,0.8592,0.9718,0.8137,0.5829,3.7769,0.9848,0.1593,0.1593,0.1593,0.0,0.0,0.2839,0.7017,0.5688,1.5544,0.308,7.5368,0.551,0,0,0,0,0,0,0,0,1,0,0,1,0,0,0,0,0,0,0,0,1,2022,1078,786,0,14,4205,558,0,14,0,14,0,14,0,14,0,14,25.3,3.4,0.0,1.1,98.2,1.9,0.0,1.1,0.0,1.1,0.0,1.1,0.0,1.1,0.0,1.1
72,Puerto Rico,PR,72041,Cidra,72041240402,"Census Tract 2404.02, Cidra Municipio, Puerto Rico",4.33387139736,2235,540,1040,137,776,134,859,236,14,22,142,75,623,252,146,175,747,197,248,158,698,217,55,62,1552,402,2235,541,0,19,0,14,0,19,53,42,0,14,38.4,5.0,1.8,2.9,18.3,9.1,33.9,10.0,6.5,7.0,33.4,8.9,11.1,6.5,31.2,9.4,7.1,7.9,73.0,5.4,100.0,1.5,0.0,1.8,0.0,4.5,0.0,2.4,6.8,5.4,0.0,0.6,0.1062,0.0228,0.2503,0.8494,0.5184,1.7471,0.1659,0.9642,0.0813,0.8991,0.4236,0.7703,3.1385,0.8362,0.5536,0.5536,0.5536,0.0,0.0,0.0,0.1139,0.0,0.1139,0.0033,5.5531,0.1367,0,0,0,0,0,0,1,0,0,0,0,1,0,0,0,0,0,0,0,0,1,1203,740,788,12,19,2223,540,0,14,0,14,0,14,0,14,0,14,33.1,8.0,0.5,0.9,99.5,0.9,0.0,2.1,0.0,2.1,0.0,2.1,0.0,2.1,0.0,2.1
72,Puerto Rico,PR,72041,Cidra,72041240500,"Census Tract 2405, Cidra Municipio, Puerto Rico",1.0402167033,4002,809,1602,195,1288,202,3261,785,272,142,220,119,522,159,78,89,638,158,812,328,1138,312,247,123,2906,571,3988,807,0,19,0,14,44,54,380,134,44,35,82.3,10.2,23.0,12.8,17.1,8.8,19.5,5.9,2.0,2.2,15.9,4.9,20.3,7.1,29.0,7.6,19.2,9.1,76.0,21.1,99.7,0.7,0.0,1.2,0.0,2.9,3.4,4.2,29.5,9.0,1.1,0.8,0.9231,0.7852,0.2134,0.3944,0.038,2.3541,0.4469,0.1798,0.6685,0.8351,0.9372,0.8429,3.4635,0.9458,0.4886,0.4886,0.4886,0.0,0.0,0.6663,0.8883,0.7746,2.3292,0.6725,8.6354,0.7907,1,0,0,0,0,1,0,0,0,1,0,1,0,0,0,0,0,0,0,0,2,4363,1104,1120,1,3,3987,807,0,14,0,14,0,14,0,14,0,14,27.9,5.8,0.0,0.1,99.6,0.5,0.0,1.2,0.0,1.2,0.0,1.2,0.0,1.2,0.0,1.2
72,Puerto Rico,PR,72041,Cidra,72041240601,"Census Tract 2406.01, Cidra Municipio, Puerto Rico",7.052496274678,4845,668,1962,177,1694,184,3352,581,181,88,395,137,683,186,154,86,916,237,979,285,1407,326,105,72,3180,532,4845,668,0,19,0,14,26,46,178,75,34,45,70.0,7.2,9.9,4.9,23.3,7.7,19.0,5.1,3.2,1.8,18.9,4.9,20.2,5.2,29.1,5.7,6.2,4.2,69.0,6.3,100.0,0.0,0.0,1.0,0.0,2.4,1.5,2.7,10.5,4.4,0.7,0.9,0.675,0.321,0.4865,0.3814,0.1128,1.9767,0.2592,0.3586,0.6587,0.8395,0.3564,0.6479,2.8611,0.7082,0.5536,0.5536,0.5536,0.0,0.0,0.3759,0.3059,0.6956,1.3774,0.2158,6.7688,0.3557,0,0,0,0,0,0,0,0,0,0,0,0,0,0,0,0,0,0,0,0,0,2587,1662,973,0,14,4845,668,0,14,0,14,0,14,0,14,0,14,34.5,4.8,0.0,1.0,100.0,1.0,0.0,1.0,0.0,1.0,0.0,1.0,0.0,1.0,0.0,1.0
72,Puerto Rico,PR,72041,Cidra,72041240602,"Census Tract 2406.02, Cidra Municipio, Puerto Rico",3.02927714109,3679,621,1556,189,1351,177,2562,609,207,125,352,139,477,192,151,138,467,137,721,222,1455,386,37,60,2410,535,3679,621,0,19,0,14,14,26,153,80,0,14,69.6,11.7,16.4,10.3,26.1,9.7,18.7,7.2,4.1,3.6,12.7,4.3,19.6,5.0,39.5,7.7,2.7,4.4,66.7,9.5,100.0,0.0,0.0,1.2,0.0,3.0,1.0,1.9,11.3,5.9,0.0,0.4,0.6631,0.5911,0.6262,0.3727,0.2082,2.4613,0.5043,0.0661,0.6186,0.9881,0.0899,0.5764,2.3391,0.3839,0.5536,0.5536,0.5536,0.0,0.0,0.2839,0.3503,0.0,0.6342,0.0271,5.9882,0.2061,0,0,0,0,0,0,0,0,1,0,0,1,0,0,0,0,0,0,0,0,1,2796,1806,826,0,14,3679,621,0,14,0,14,0,14,0,14,0,14,49.1,8.3,0.0,1.3,100.0,1.3,0.0,1.3,0.0,1.3,0.0,1.3,0.0,1.3,0.0,1.3
72,Puerto Rico,PR,72043,Coamo,72043953900,"Census Tract 9539, Coamo Municipio, Puerto Rico",16.256935521274,2931,644,1171,153,890,139,1971,562,227,188,135,72,511,202,159,128,451,153,518,271,645,169,20,35,2337,576,2915,639,17,29,0,14,60,52,107,63,0,14,67.2,12.2,20.2,14.3,15.2,7.7,23.5,8.8,5.4,4.3,15.4,6.1,17.7,8.4,22.0,5.7,2.2,3.9,83.7,9.9,99.5,30.9,1.5,2.5,0.0,4.0,6.7,5.7,12.0,6.8,0.0,0.5,0.6046,0.718,0.1517,0.546,0.372,2.3923,0.4675,0.1506,0.455,0.5054,0.0639,0.9599,2.1348,0.2907,0.4193,0.4193,0.4193,0.5016,0.0,0.935,0.3872,0.0,1.8238,0.423,6.7702,0.3568,0,0,0,0,0,0,0,0,0,0,1,1,0,0,0,0,1,0,0,1,2,1930,1573,841,0,14,2915,639,0,14,0,14,0,14,0,14,0,14,53.7,11.8,0.0,1.6,99.5,0.9,0.0,1.6,0.0,1.6,0.0,1.6,0.0,1.6,0.0,1.6
72,Puerto Rico,PR,72043,Coamo,72043954000,"Census Tract 9540, Coamo Municipio, Puerto Rico",21.452914769334,2889,556,1426,144,1072,146,2137,492,63,57,176,81,614,196,170,157,779,175,282,127,1001,269,40,46,1987,423,2873,559,0,19,0,14,0,19,90,51,19,16,74.5,9.3,7.0,6.2,16.4,7.2,25.5,6.3,6.0,5.1,27.0,5.4,9.8,4.0,35.1,7.0,3.7,4.3,70.5,6.6,99.4,2.9,0.0,1.3,0.0,3.3,0.0,1.8,8.4,4.9,0.7,0.5,0.7855,0.1714,0.1972,0.6176,0.4566,2.2283,0.3894,0.8202,0.0455,0.961,0.1506,0.6901,2.6674,0.5911,0.3694,0.3694,0.3694,0.0,0.0,0.0,0.1876,0.6956,0.8832,0.0748,6.1483,0.2278,0,0,0,0,0,0,0,0,1,0,0,1,0,0,0,0,0,0,0,0,1,2103,1497,703,0,14,2873,558,0,14,0,14,0,14,0,14,0,14,52.2,10.1,0.0,1.6,99.4,0.9,0.0,1.6,0.0,1.6,0.0,1.6,0.0,1.6,0.0,1.6
72,Puerto Rico,PR,72043,Coamo,72043954100,"Census Tract 9541, Coamo Municipio, Puerto Rico",0.328282839398,2135,438,932,119,760,111,1641,431,43,49,179,72,456,160,74,55,404,126,331,134,751,221,40,29,1412,343,2123,439,29,21,0,14,10,21,223,83,0,14,76.9,12.6,7.6,7.8,23.6,8.8,27.2,6.9,3.5,2.3,18.9,5.0,15.5,5.4,35.2,7.8,5.3,3.7,68.5,8.1,99.4,2.6,3.1,2.2,0.0,5.0,1.3,2.8,29.3,9.5,0.0,0.7,0.8418,0.1974,0.5027,0.6652,0.1443,2.3514,0.4458,0.3586,0.2849,0.962,0.2784,0.6371,2.521,0.4967,0.3694,0.3694,0.3694,0.5796,0.0,0.3326,0.885,0.0,1.7972,0.4121,7.039,0.4165,0,0,0,0,0,0,0,0,1,0,0,1,0,0,0,0,0,0,0,0,1,1281,960,590,11,17,2112,438,0,14,0,14,0,14,0,14,0,14,45.0,9.2,0.5,0.8,98.9,1.2,0.0,2.2,0.0,2.2,0.0,2.2,0.0,2.2,0.0,2.2
72,Puerto Rico,PR,72043,Coamo,72043954200,"Census Tract 9542, Coamo Municipio, Puerto Rico",1.405628269324,6398,973,2412,226,2240,236,3841,871,95,89,549,205,619,305,129,164,890,240,1467,417,1633,439,238,131,3913,755,6381,975,99,72,19,31,40,66,412,168,19,41,60.0,10.1,4.0,4.0,24.5,8.8,14.0,6.5,2.0,2.5,13.9,4.2,22.9,5.5,25.5,6.3,10.6,5.7,65.3,7.9,99.7,1.5,4.1,3.0,0.8,1.3,1.8,2.9,18.4,7.2,0.3,0.6,0.4377,0.0727,0.5471,0.2059,0.038,1.3014,0.0499,0.0921,0.8256,0.6822,0.6847,0.532,2.8166,0.6909,0.4886,0.4886,0.4886,0.6219,0.8427,0.4345,0.7039,0.5255,3.1285,0.9328,7.7351,0.5889,0,0,0,0,0,0,0,0,0,0,0,0,0,0,0,0,0,0,0,0,0,8227,2094,1334,0,20,6381,974,0,20,0,20,0,20,0,20,0,20,32.8,5.0,0.0,0.7,99.7,0.4,0.0,0.7,0.0,0.7,0.0,0.7,0.0,0.7,0.0,0.7
72,Puerto Rico,PR,72043,Coamo,72043954300,"Census Tract 9543, Coamo Municipio, Puerto Rico",0.268978344402,1949,327,1214,116,843,105,1418,284,62,41,194,71,377,109,82,41,442,114,351,149,664,170,66,37,1328,252,1949,328,6,17,0,14,19,21,263,76,0,14,72.8,7.9,12.3,7.8,23.0,7.9,26.5,6.9,4.2,2.1,22.7,6.6,18.0,7.0,34.1,7.8,7.8,4.3,72.6,7.1,100.0,1.3,0.5,1.4,0.0,3.8,2.3,2.5,31.2,7.6,0.0,0.7,0.7421,0.4197,0.468,0.6436,0.2213,2.4947,0.5174,0.6208,0.4778,0.9523,0.4865,0.7551,3.2925,0.8915,0.5536,0.5536,0.5536,0.3857,0.0,0.5179,0.9067,0.0,1.8103,0.4187,8.1511,0.6909,0,0,0,0,0,0,0,0,1,0,0,1,0,0,0,0,0,1,0,1,2,2305,1074,431,0,14,1949,327,0,14,0,14,0,14,0,14,0,14,55.1,9.2,0.0,2.4,100.0,2.4,0.0,2.4,0.0,2.4,0.0,2.4,0.0,2.4,0.0,2.4
72,Puerto Rico,PR,72043,Coamo,72043954400,"Census Tract 9544, Coamo Municipio, Puerto Rico",0.24606859613,1643,301,817,98,646,89,972,259,26,26,185,69,331,126,95,82,615,146,160,92,552,165,16,19,1138,250,1632,301,0,19,0,14,0,19,121,50,33,48,59.2,11.4,7.4,7.3,28.6,9.9,24.2,7.4,5.8,4.8,37.4,7.3,9.7,5.3,33.6,8.3,2.5,2.9,71.0,8.6,99.3,2.2,0.0,2.3,0.0,5.6,0.0,2.9,18.7,7.5,2.0,2.9,0.4215,0.1833,0.7281,0.571,0.4273,2.3312,0.4382,0.9902,0.0433,0.9403,0.0802,0.701,2.755,0.6508,0.3402,0.3402,0.3402,0.0,0.0,0.0,0.7115,0.8873,1.5988,0.3286,7.0252,0.4121,0,0,0,0,0,0,1,0,1,0,0,2,0,0,0,0,0,0,0,0,2,792,905,367,0,14,1632,300,0,14,0,14,0,14,0,14,0,14,56.2,10.5,0.0,2.8,99.3,1.1,0.0,2.8,0.0,2.8,0.0,2.8,0.0,2.8,0.0,2.8
72,Puerto Rico,PR,72043,Coamo,72043954500,"Census Tract 9545, Coamo Municipio, Puerto Rico",19.970752203264,7879,1192,3132,285,2367,300,4874,1099,84,68,495,190,1395,410,462,327,1246,305,1738,473,2217,550,385,180,6006,1037,7877,1193,0,28,0,20,72,83,198,110,18,19,62.2,10.4,3.9,3.1,20.9,7.6,24.9,5.9,5.9,4.1,15.8,4.2,22.1,5.0,28.2,5.1,16.3,7.3,78.2,6.3,100.0,0.6,0.0,0.9,0.0,1.5,3.0,3.5,8.4,4.5,0.2,0.2,0.4875,0.0683,0.3716,0.598,0.4458,1.9712,0.2527,0.169,0.7801,0.8048,0.8938,0.8884,3.5361,0.9588,0.5536,0.5536,0.5536,0.0,0.0,0.6186,0.1876,0.4735,1.2797,0.1844,7.3406,0.4892,0,0,0,0,0,0,0,0,0,0,0,0,0,0,0,0,0,0,0,0,0,5260,3167,1621,0,20,7877,1192,0,20,0,20,0,20,0,20,0,20,40.3,6.1,0.0,0.6,100.0,0.1,0.0,0.6,0.0,0.6,0.0,0.6,0.0,0.6,0.0,0.6
72,Puerto Rico,PR,72043,Coamo,72043954600,"Census Tract 9546, Coamo Municipio, Puerto Rico",8.836525739612,5131,690,1929,187,1578,172,3025,578,173,122,364,137,874,282,193,163,779,190,982,285,1357,323,150,86,3545,541,5121,691,27,31,0,20,0,28,224,93,0,20,59.0,8.0,8.8,5.8,23.1,8.3,24.4,7.0,3.8,3.1,15.2,4.1,19.1,4.9,26.4,6.0,9.5,5.4,71.1,5.2,99.8,1.1,1.4,1.6,0.0,2.4,0.0,1.8,14.2,6.0,0.0,0.4,0.4171,0.2549,0.4745,0.5796,0.1746,1.9007,0.2278,0.1408,0.572,0.7299,0.6056,0.7053,2.7536,0.6497,0.5255,0.5255,0.5255,0.4919,0.0,0.0,0.5076,0.0,0.9995,0.0987,6.1793,0.2321,0,0,0,0,0,0,0,0,0,0,0,0,0,0,0,0,0,0,0,0,0,5952,1748,952,0,20,5121,690,0,20,0,20,0,20,0,20,0,20,34.1,4.6,0.0,0.9,99.8,0.3,0.0,0.9,0.0,0.9,0.0,0.9,0.0,0.9,0.0,0.9
72,Puerto Rico,PR,72043,Coamo,72043954700,"Census Tract 9547, Coamo Municipio, Puerto Rico",9.246718960004,7648,981,3137,273,2803,278,4195,945,73,91,850,232,727,250,253,234,1319,292,1661,447,2216,452,181,127,4189,872,7460,999,252,106,0,20,85,81,267,103,18,32,55.1,10.2,3.1,3.8,30.3,7.7,13.5,4.6,3.3,3.0,17.2,4.1,21.7,5.1,29.0,5.2,6.5,4.5,57.0,9.5,97.5,3.8,8.0,3.3,0.0,1.5,3.0,2.9,9.5,3.7,0.2,0.4,0.3413,0.0456,0.7876,0.1961,0.1204,1.491,0.0835,0.2514,0.7551,0.8351,0.3759,0.338,2.5555,0.5184,0.1051,0.1051,0.1051,0.7302,0.0,0.6186,0.2505,0.4735,2.0728,0.551,6.2244,0.2397,0,0,0,0,0,0,0,0,0,0,0,0,0,0,0,0,0,0,0,0,0,6840,2609,1402,0,20,7460,998,0,20,0,20,0,20,0,20,0,20,34.2,4.4,0.0,0.6,97.5,3.1,0.0,0.6,0.0,0.6,0.0,0.6,0.0,0.6,0.0,0.6
72,Puerto Rico,PR,72045,Comerío,72045951700,"Census Tract 9517, Comerío Municipio, Puerto Rico",8.381092561778,3511,824,1433,184,1118,160,2373,656,105,137,107,86,974,261,183,187,1017,218,470,265,1368,381,60,87,2665,706,3484,820,0,19,0,14,0,19,334,105,0,14,67.6,9.9,8.7,11.0,9.6,7.6,35.4,9.7,5.2,5.2,29.0,9.0,13.4,6.9,39.0,10.5,5.4,7.7,78.1,9.5,99.2,1.9,0.0,1.3,0.0,3.3,0.0,1.7,29.9,10.6,0.0,0.4,0.6143,0.2516,0.0336,0.883,0.3503,2.1328,0.3395,0.8765,0.1571,0.9848,0.286,0.883,3.1874,0.8514,0.3218,0.3218,0.3218,0.0,0.0,0.0,0.8937,0.0,0.8937,0.0781,6.5357,0.3059,0,0,0,0,0,0,0,0,1,0,0,1,0,0,0,0,0,0,0,0,1,2328,1821,1100,0,14,3484,820,0,14,0,14,0,14,0,14,0,14,51.9,12.2,0.0,1.3,99.2,1.2,0.0,1.3,0.0,1.3,0.0,1.3,0.0,1.3,0.0,1.3
72,Puerto Rico,PR,72045,Comerío,72045951800,"Census Tract 9518, Comerío Municipio, Puerto Rico",8.38055047457,5176,938,2190,173,1470,189,4476,869,287,174,288,114,946,271,271,186,853,184,1066,390,1159,352,181,118,3854,737,5148,947,0,28,0,20,0,28,222,89,11,14,86.5,6.0,20.0,11.3,19.6,7.3,27.6,7.7,5.2,3.5,16.5,4.5,20.6,6.5,22.4,6.1,12.3,7.9,77.2,4.6,99.5,3.1,0.0,1.3,0.0,2.1,0.0,1.9,15.1,6.2,0.2,0.3,0.9567,0.7126,0.3077,0.6793,0.3503,3.0066,0.7538,0.2059,0.6934,0.5217,0.779,0.8646,3.0646,0.8037,0.4193,0.4193,0.4193,0.0,0.0,0.0,0.5586,0.4735,1.0321,0.1106,7.5226,0.5466,1,0,0,0,0,1,0,0,0,0,0,0,0,0,0,0,0,0,0,0,1,4069,2631,1178,0,20,5148,946,0,20,0,20,0,20,0,20,0,20,50.9,9.2,0.0,0.9,99.5,0.9,0.0,0.9,0.0,0.9,0.0,0.9,0.0,0.9,0.0,0.9
72,Puerto Rico,PR,72045,Comerío,72045951900,"Census Tract 9519, Comerío Municipio, Puerto Rico",0.957319059492,2536,537,950,166,672,150,1707,488,246,154,127,74,250,128,174,150,419,195,803,309,309,124,112,84,1341,414,2536,538,56,56,0,14,0,19,171,85,0,14,67.3,12.9,25.8,15.0,18.9,10.2,16.8,7.1,6.9,5.8,16.5,6.9,31.7,10.2,12.2,5.3,16.7,11.9,57.1,12.6,100.0,1.3,5.9,5.8,0.0,4.9,0.0,2.8,25.4,11.1,0.0,0.6,0.6056,0.8384,0.2709,0.3109,0.5683,2.5941,0.5694,0.2059,0.9859,0.0889,0.9036,0.3402,2.5245,0.5,0.5536,0.5536,0.5536,0.6793,0.0,0.0,0.8308,0.0,1.5101,0.2831,7.1823,0.4512,0,0,0,0,0,0,0,1,0,1,0,2,0,0,0,0,0,0,0,0,2,3208,1257,661,0,14,2536,537,0,14,0,14,0,14,0,14,0,14,49.6,10.5,0.0,1.9,100.0,1.9,0.0,1.9,0.0,1.9,0.0,1.9,0.0,1.9,0.0,1.9
72,Puerto Rico,PR,72045,Comerío,72045952000,"Census Tract 9520, Comerío Municipio, Puerto Rico",0.440410721218,2698,556,831,124,693,129,2027,518,234,108,135,67,669,271,68,73,399,114,665,254,791,244,156,88,2186,508,2689,557,50,33,0,14,33,37,267,103,0,14,75.1,11.4,24.5,11.0,19.5,9.0,35.4,12.6,2.5,2.7,14.8,4.1,24.6,7.9,29.5,8.3,22.5,12.0,85.4,8.7,99.7,2.0,6.0,3.9,0.0,5.6,4.8,5.3,38.5,11.8,0.0,0.5,0.7963,0.8113,0.3001,0.883,0.0651,2.8558,0.6833,0.1246,0.8949,0.8536,0.9664,0.9762,3.8157,0.9892,0.4886,0.4886,0.4886,0.6869,0.0,0.8147,0.9512,0.0,2.4528,0.7278,9.6129,0.9089,0,0,0,0,0,0,0,0,0,1,1,2,0,0,0,0,0,1,0,1,3,2372,1861,648,0,14,2689,556,0,14,0,14,0,14,0,14,0,14,69.0,14.2,0.0,1.7,99.7,0.5,0.0,1.7,0.0,1.7,0.0,1.7,0.0,1.7,0.0,1.7
72,Puerto Rico,PR,72045,Comerío,72045952100,"Census Tract 9521, Comerío Municipio, Puerto Rico",10.241206514628,5021,714,1695,188,1311,183,3428,690,241,148,186,98,1050,263,485,293,775,185,727,305,1216,326,68,69,3882,662,5005,711,0,28,0,20,12,28,205,93,0,20,68.8,10.0,12.6,7.4,14.2,7.2,27.3,6.7,9.7,5.8,15.4,3.9,14.5,5.7,24.2,6.3,5.2,5.2,80.3,7.3,99.7,20.0,0.0,1.7,0.0,2.8,0.9,2.1,15.6,7.0,0.0,0.4,0.6403,0.4328,0.1257,0.6663,0.8037,2.6688,0.6052,0.1506,0.2102,0.6095,0.2719,0.9209,2.1631,0.3015,0.4886,0.4886,0.4886,0.0,0.0,0.2622,0.5965,0.0,0.8587,0.0694,6.1792,0.231,0,0,0,0,0,0,0,0,0,0,1,1,0,0,0,0,0,0,0,0,1,3565,2701,951,0,20,5005,710,0,20,0,20,0,20,0,20,0,20,53.8,7.7,0.0,0.9,99.7,0.5,0.0,0.9,0.0,0.9,0.0,0.9,0.0,0.9,0.0,0.9
72,Puerto Rico,PR,72047,Corozal,72047530100,"Census Tract 5301, Corozal Municipio, Puerto Rico",4.382150749746,3250,556,1247,154,1078,146,1976,472,233,109,138,78,609,163,86,85,737,184,568,226,826,214,78,65,2108,430,3208,552,0,19,22,35,20,34,149,81,97,42,62.5,10.1,20.6,9.9,12.8,7.0,25.2,7.2,2.7,2.6,22.7,6.5,17.5,6.3,26.1,6.2,7.2,6.0,69.0,7.2,98.7,1.8,0.0,1.5,1.8,2.8,1.9,3.1,13.8,7.3,3.0,1.2,0.4962,0.7289,0.0953,0.6089,0.0781,2.0074,0.2755,0.6208,0.4312,0.7104,0.4334,0.6479,2.8437,0.6996,0.2221,0.2221,0.2221,0.0,0.962,0.4561,0.4881,0.9307,2.8369,0.8557,7.9101,0.6323,0,0,0,0,0,0,0,0,0,0,0,0,0,0,0,1,0,0,1,2,2,3590,1502,733,0,14,3208,551,0,14,0,14,0,14,0,14,0,14,47.6,8.4,0.0,1.4,98.7,2.1,0.0,1.4,0.0,1.4,0.0,1.4,0.0,1.4,0.0,1.4
72,Puerto Rico,PR,72047,Corozal,72047530200,"Census Tract 5302, Corozal Municipio, Puerto Rico",4.10194957851,5882,782,2064,180,1819,183,4415,724,571,199,382,122,866,198,207,115,889,192,1310,422,1260,279,104,80,3822,623,5870,782,0,28,0,20,95,64,102,64,28,18,75.3,7.2,24.8,7.3,21.0,6.4,21.5,4.7,3.5,1.9,15.1,3.6,22.3,6.5,21.5,4.6,5.7,4.4,69.9,6.7,99.8,0.8,0.0,1.4,0.0,2.3,5.2,3.5,5.6,3.4,0.5,0.3,0.8017,0.8167,0.3814,0.4843,0.1443,2.6284,0.5813,0.1354,0.7963,0.4653,0.3131,0.6771,2.3872,0.4089,0.5255,0.5255,0.5255,0.0,0.0,0.8527,0.0813,0.6165,1.5505,0.3069,7.0916,0.4328,0,0,0,0,0,0,0,0,0,0,0,0,0,0,0,0,0,0,0,0,0,5934,1853,1166,0,20,5857,781,0,20,0,20,0,20,13,20,0,20,31.7,4.2,0.0,0.8,99.6,0.5,0.0,0.8,0.0,0.8,0.0,0.8,0.2,0.4,0.0,0.8
72,Puerto Rico,PR,72047,Corozal,72047530300,"Census Tract 5303, Corozal Municipio, Puerto Rico",0.7775352964159999,3627,728,1761,183,1260,187,2898,675,313,172,304,131,1006,239,179,99,911,227,841,377,1041,222,121,84,2724,614,3589,731,20,35,20,33,0,19,495,145,0,14,79.9,9.4,32.0,13.6,24.1,9.8,41.1,7.2,4.9,2.9,25.1,7.0,23.2,9.3,28.7,6.5,9.6,6.5,78.3,8.8,99.0,3.4,1.1,2.0,1.1,1.8,0.0,1.5,39.3,9.2,0.0,0.4,0.8938,0.9154,0.532,0.9545,0.3156,3.6113,0.9132,0.753,0.8451,0.8243,0.6197,0.8895,3.9316,0.9935,0.2774,0.2774,0.2774,0.454,0.898,0.0,0.9544,0.0,2.3064,0.6659,10.1267,0.9577,0,1,0,1,0,2,0,0,0,0,0,0,0,0,0,0,0,1,0,1,3,6704,1579,1007,0,14,3589,731,0,14,0,14,0,14,0,14,0,14,43.5,8.7,0.0,1.3,99.0,1.7,0.0,1.3,0.0,1.3,0.0,1.3,0.0,1.3,0.0,1.3
72,Puerto Rico,PR,72047,Corozal,72047530400,"Census Tract 5304, Corozal Municipio, Puerto Rico",6.079929275002,7166,1259,2781,253,2514,274,4585,988,546,230,648,258,1385,393,595,317,1107,225,1157,507,1806,351,45,72,4871,952,7166,1261,0,28,57,65,44,50,434,188,32,24,64.0,8.0,20.3,7.1,25.8,9.9,26.3,6.8,8.3,3.9,15.4,3.6,16.1,6.5,25.2,3.9,1.8,2.9,70.6,6.2,100.0,1.0,0.0,1.0,2.0,2.3,1.8,2.0,17.3,7.3,0.4,0.3,0.5255,0.7213,0.6165,0.6403,0.7093,3.2129,0.8286,0.1506,0.3229,0.6638,0.0498,0.6923,1.8794,0.1659,0.5536,0.5536,0.5536,0.0,0.9729,0.4345,0.6594,0.5688,2.6356,0.8048,8.2815,0.7245,0,0,0,0,0,0,0,0,0,0,0,0,0,0,0,1,0,0,0,1,1,4023,1877,1684,0,20,7146,1260,0,20,0,20,0,20,0,20,20,31,26.3,4.6,0.0,0.7,99.7,0.4,0.0,0.7,0.0,0.7,0.0,0.7,0.0,0.7,0.3,0.4
72,Puerto Rico,PR,72047,Corozal,72047530500,"Census Tract 5305, Corozal Municipio, Puerto Rico",11.254824265046,6695,1051,2653,269,2118,253,3733,708,734,373,385,156,1135,346,490,373,1292,291,1400,487,1756,358,78,93,4490,847,6669,1047,0,28,0,20,0,28,263,127,72,73,56.0,5.9,30.7,14.4,18.2,7.0,24.5,7.4,7.3,5.4,19.3,5.1,20.9,6.5,26.3,5.1,3.7,4.4,69.6,7.3,99.6,0.3,0.0,1.1,0.0,1.8,0.0,1.3,12.4,6.1,1.1,1.1,0.3597,0.9067,0.2438,0.5861,0.6106,2.7069,0.6236,0.3803,0.7096,0.7223,0.1506,0.6696,2.6324,0.5738,0.4594,0.4594,0.4594,0.0,0.0,0.0,0.4121,0.7746,1.1867,0.1573,6.9854,0.4002,0,1,0,0,0,1,0,0,0,0,0,0,0,0,0,0,0,0,0,0,1,3669,2252,1537,0,20,6669,1046,0,20,0,20,0,20,0,20,0,20,34.0,5.3,0.0,0.7,99.6,0.6,0.0,0.7,0.0,0.7,0.0,0.7,0.0,0.7,0.0,0.7
72,Puerto Rico,PR,72047,Corozal,72047530600,"Census Tract 5306, Corozal Municipio, Puerto Rico",15.970793398564,6308,1032,2415,273,1976,248,4771,959,602,303,473,186,1568,393,392,212,1073,271,1443,470,1701,389,175,125,4681,842,6042,1008,0,28,0,20,121,96,253,139,0,20,75.6,8.8,29.0,11.0,23.9,8.9,36.7,7.6,6.2,3.0,17.0,5.3,22.9,6.4,27.0,6.5,8.9,6.2,76.7,5.9,95.8,3.1,0.0,1.2,0.0,1.9,6.1,4.8,12.8,7.1,0.0,0.3,0.8082,0.8926,0.5222,0.8949,0.4783,3.5962,0.9111,0.2394,0.8256,0.7549,0.5699,0.857,3.2468,0.8753,0.0509,0.0509,0.0509,0.0,0.0,0.9112,0.4317,0.0,1.3429,0.2039,8.2368,0.7126,0,0,0,0,0,0,0,0,0,0,0,0,0,0,0,0,1,0,0,1,1,4585,1684,1506,0,20,6042,1007,0,20,0,20,0,20,0,20,0,20,26.7,4.4,0.0,0.7,95.8,5.7,0.0,0.7,0.0,0.7,0.0,0.7,0.0,0.7,0.0,0.7
72,Puerto Rico,PR,72049,Culebra,72049950500,"Census Tract 9505, Culebra Municipio, Puerto Rico",11.645295395278,1371,282,1493,109,514,85,758,209,21,23,70,33,219,79,173,74,335,86,281,106,122,57,29,28,755,161,1272,273,56,22,13,14,61,32,88,35,0,14,56.4,10.1,3.3,3.4,13.6,6.0,22.3,7.0,12.6,4.7,24.4,6.5,20.5,6.5,8.9,3.7,5.6,5.4,57.1,3.9,92.8,5.7,3.8,1.4,0.9,0.9,11.9,5.9,17.1,6.1,0.0,1.0,0.364,0.0499,0.1073,0.506,0.91,1.9372,0.243,0.7226,0.6869,0.0401,0.3044,0.3402,2.0942,0.2733,0.0184,0.0184,0.0184,0.6111,0.8633,0.9989,0.6518,0.0,3.1251,0.9284,7.1749,0.4479,0,0,0,0,1,1,0,0,0,0,0,0,0,0,0,0,1,0,0,1,2,1350,211,399,0,14,1260,271,12,18,0,14,0,14,0,14,0,14,15.4,3.2,0.0,3.4,91.9,3.3,0.9,1.3,0.0,3.4,0.0,3.4,0.0,3.4,0.0,3.4
72,Puerto Rico,PR,72049,Culebra,72049990501,"Census Tract 9905.01, Culebra Municipio, Puerto Rico",0.0,0,14,0,14,0,14,0,14,0,14,0,28,0,14,0,14,0,14,0,14,0,14,0,19,0,56,0,37,0,19,0,14,0,19,0,14,0,14,0.0,-999.0,-999.0,-999.0,0.0,-999.0,-999.0,-999.0,-999.0,-999.0,-999.0,-999.0,0.0,-999.0,-999.0,-999.0,0.0,-999.0,0.0,-999.0,0.0,-999.0,0.0,-999.0,-999.0,-999.0,0.0,-999.0,-999.0,-999.0,0.0,-999.0,-999.0,-999.0,-999.0,-999.0,-999.0,-999.0,-999.0,-999.0,-999.0,-999.0,-999.0,-999.0,-999.0,-999.0,-999.0,-999.0,-999.0,-999.0,-999.0,-999.0,-999.0,-999.0,-999.0,-999.0,-999.0,-999.0,-999,-999,-999,-999,-999,-999,-999,-999,-999,-999,-999,-999,-999,-999,-999,-999,-999,-999,-999,-999,-999,0,0,19,0,14,0,14,0,14,0,14,0,14,0,14,0,14,0.0,-999.0,-999.0,-999.0,-999.0,-999.0,-999.0,-999.0,-999.0,-999.0,-999.0,-999.0,-999.0,-999.0,-999.0,-999.0
72,Puerto Rico,PR,72051,Dorado,72051540100,"Census Tract 5401, Dorado Municipio, Puerto Rico",3.180481634126,2932,572,1385,157,1066,159,1800,542,224,125,192,80,451,165,81,65,846,202,350,202,493,158,52,49,2172,446,2932,573,12,22,20,31,34,31,186,89,0,14,61.4,14.1,18.5,10.2,18.0,7.0,19.6,6.3,2.8,2.1,28.9,7.6,11.9,6.5,16.8,5.4,4.9,4.5,74.1,4.7,100.0,1.2,0.9,1.6,1.4,2.3,3.2,2.9,17.4,8.0,0.0,0.5,0.467,0.6638,0.2373,0.4009,0.0835,1.8525,0.2072,0.8754,0.1051,0.2245,0.2427,0.7952,2.2429,0.3438,0.5536,0.5536,0.5536,0.441,0.9393,0.6403,0.6649,0.0,2.6855,0.8232,7.3345,0.487,0,0,0,0,0,0,0,0,0,0,0,0,0,0,0,1,0,0,0,1,1,1585,2088,683,0,14,2932,572,0,14,0,14,0,14,0,14,0,14,71.2,13.9,0.0,1.6,100.0,1.6,0.0,1.6,0.0,1.6,0.0,1.6,0.0,1.6,0.0,1.6
72,Puerto Rico,PR,72051,Dorado,72051540200,"Census Tract 5402, Dorado Municipio, Puerto Rico",2.244386215472,4415,779,2800,210,1352,188,1787,597,265,150,310,109,418,188,333,216,770,197,988,445,668,284,73,68,1514,468,4058,746,49,47,0,14,62,53,121,71,18,34,40.6,11.5,15.8,7.3,22.9,7.4,13.7,5.7,7.6,4.7,17.4,4.9,22.4,9.3,15.2,5.4,5.4,5.0,36.1,9.3,91.9,4.8,1.8,1.7,0.0,1.7,4.6,3.9,8.9,4.9,0.4,0.8,0.1192,0.564,0.467,0.2004,0.6421,1.9927,0.2668,0.2622,0.8017,0.1757,0.286,0.0823,1.6079,0.0954,0.0152,0.0152,0.0152,0.5287,0.0,0.7952,0.2158,0.5688,2.1085,0.5662,5.7243,0.1649,0,0,0,0,0,0,0,0,0,0,0,0,0,0,0,0,0,0,0,0,0,8659,1325,1061,0,14,4058,746,0,14,0,14,0,14,0,14,0,14,30.1,5.3,0.0,1.1,91.9,4.8,0.0,1.1,0.0,1.1,0.0,1.1,0.0,1.1,0.0,1.1
72,Puerto Rico,PR,72051,Dorado,72051540300,"Census Tract 5403, Dorado Municipio, Puerto Rico",0.369266408392,2429,481,979,110,728,100,1883,439,225,121,188,65,581,204,220,140,518,147,443,172,683,204,83,45,1445,337,2394,472,0,19,0,14,35,28,184,61,0,14,77.5,9.5,26.6,10.4,25.8,8.2,33.9,7.7,9.1,5.1,21.3,5.2,18.2,6.1,28.1,6.4,11.4,6.0,61.6,7.9,98.6,27.5,0.0,1.9,0.0,4.7,4.8,3.8,25.3,8.1,0.0,0.6,0.8483,0.8568,0.6165,0.8494,0.7625,3.9335,0.9588,0.5276,0.4951,0.7983,0.7346,0.4453,3.0009,0.7755,0.2048,0.2048,0.2048,0.0,0.0,0.8147,0.8275,0.0,1.6422,0.3438,8.7814,0.8156,0,0,0,0,0,0,0,0,0,0,0,0,0,0,0,0,0,0,0,0,0,1352,1181,597,0,14,2394,471,0,14,0,14,0,14,0,14,0,14,48.6,9.6,0.0,1.9,98.6,1.6,0.0,1.9,0.0,1.9,0.0,1.9,0.0,1.9,0.0,1.9
72,Puerto Rico,PR,72051,Dorado,72051540401,"Census Tract 5404.01, Dorado Municipio, Puerto Rico",2.72581834368,2400,748,904,197,695,197,797,536,191,215,77,66,320,232,120,149,306,192,742,358,315,224,65,62,927,393,2369,758,0,19,0,14,0,19,0,14,22,25,33.5,19.9,18.8,18.3,11.1,9.0,20.0,11.6,5.0,6.6,12.8,7.5,30.9,11.4,13.2,8.3,9.4,8.5,40.0,11.3,98.7,7.2,0.0,2.1,0.0,5.1,0.0,2.7,0.0,6.6,0.9,1.0,0.065,0.6703,0.0509,0.4095,0.3275,1.5232,0.0911,0.0715,0.9805,0.1117,0.6002,0.1051,1.869,0.1605,0.2221,0.2221,0.2221,0.0,0.0,0.0,0.0,0.7389,0.7389,0.0401,4.3532,0.0271,0,0,0,0,0,0,0,1,0,0,0,1,0,0,0,0,0,0,0,0,1,1538,569,1003,0,14,2369,758,0,14,0,14,0,14,0,14,0,14,23.9,7.5,0.0,2.0,98.7,2.3,0.0,2.0,0.0,2.0,0.0,2.0,0.0,2.0,0.0,2.0
72,Puerto Rico,PR,72051,Dorado,72051540402,"Census Tract 5404.02, Dorado Municipio, Puerto Rico",2.960076465732,5185,853,2229,260,1757,236,1241,467,268,166,468,189,285,177,370,241,927,237,1257,421,547,273,138,127,1577,497,4850,884,0,28,39,62,0,28,97,85,0,20,23.9,8.1,13.9,8.1,26.6,10.1,8.3,4.9,7.2,4.4,17.9,4.7,24.2,7.1,10.6,5.1,7.9,7.1,31.5,8.4,93.5,7.4,0.0,1.3,1.7,2.8,0.0,1.6,5.5,4.8,0.0,0.4,0.0293,0.487,0.6501,0.0704,0.5965,1.8333,0.2007,0.2979,0.883,0.0597,0.4962,0.065,1.8018,0.1377,0.0228,0.0228,0.0228,0.0,0.9599,0.0,0.0792,0.0,1.0391,0.1128,4.697,0.0499,0,0,0,0,0,0,0,0,0,0,0,0,0,0,0,1,0,0,0,1,1,6760,1079,1216,0,20,4810,881,40,61,0,20,0,20,0,20,0,20,20.8,3.4,0.0,0.9,92.8,7.1,0.8,1.2,0.0,0.9,0.0,0.9,0.0,0.9,0.0,0.9
72,Puerto Rico,PR,72051,Dorado,72051540500,"Census Tract 5405, Dorado Municipio, Puerto Rico",3.064158367974,8879,1084,3481,280,3043,304,4607,1064,901,279,427,182,1364,377,471,281,1470,301,1831,512,1528,480,242,138,5205,898,8779,1055,0,28,0,20,134,115,384,169,0,20,51.9,10.2,25.9,7.0,14.0,5.8,22.0,5.6,5.4,3.1,16.6,3.7,20.6,5.2,17.4,5.0,8.0,4.5,62.8,7.8,98.9,16.9,0.0,0.8,0.0,1.4,4.4,3.8,12.6,5.5,0.0,0.2,0.2774,0.8406,0.1181,0.4995,0.372,2.1076,0.3265,0.2134,0.6934,0.2473,0.5016,0.4659,2.1216,0.2863,0.2579,0.2579,0.2579,0.0,0.0,0.7822,0.423,0.0,1.2052,0.1627,5.6923,0.1594,0,0,0,0,0,0,0,0,0,0,0,0,0,0,0,0,0,0,0,0,0,4030,4491,1451,0,20,8779,1054,0,20,0,20,0,20,0,20,0,20,50.6,6.2,0.0,0.5,98.9,1.4,0.0,0.5,0.0,0.5,0.0,0.5,0.0,0.5,0.0,0.5
72,Puerto Rico,PR,72051,Dorado,72051540600,"Census Tract 5406, Dorado Municipio, Puerto Rico",3.954011894496,4790,711,1939,208,1574,203,2802,705,382,163,366,145,771,313,115,80,807,244,896,306,765,245,115,85,3050,537,4699,699,9,19,58,42,70,57,210,81,5,8,58.5,11.9,19.1,7.5,23.3,8.7,23.1,7.5,2.4,1.7,16.8,5.0,18.7,5.8,16.0,4.6,7.3,5.3,66.7,5.8,98.1,1.0,0.5,1.0,3.0,2.2,4.4,3.6,13.3,5.0,0.1,0.2,0.4085,0.68,0.4865,0.5298,0.0575,2.1623,0.3579,0.2286,0.545,0.1996,0.4388,0.5764,1.9884,0.2126,0.1452,0.1452,0.1452,0.3857,0.9913,0.7822,0.4599,0.4334,3.0525,0.9111,7.3484,0.4902,0,0,0,0,0,0,0,0,0,0,0,0,0,0,0,1,0,0,0,1,1,4074,2612,931,0,14,4699,699,0,14,0,14,0,14,0,14,0,14,54.6,8.1,0.0,1.0,98.1,1.8,0.0,1.0,0.0,1.0,0.0,1.0,0.0,1.0,0.0,1.0
72,Puerto Rico,PR,72051,Dorado,72051540700,"Census Tract 5407, Dorado Municipio, Puerto Rico",4.61736872137,5445,1036,2145,252,1627,272,2205,766,249,251,189,131,677,241,408,309,722,263,1139,403,968,366,115,98,3462,749,5367,1020,0,28,0,20,90,91,133,108,0,20,40.5,11.8,11.0,10.2,11.6,7.8,17.7,6.0,7.5,5.3,13.3,4.9,20.9,6.2,17.8,7.2,7.1,5.9,65.8,7.5,98.6,26.5,0.0,1.3,0.0,2.2,5.5,5.5,8.2,6.3,0.0,0.4,0.1181,0.3688,0.0672,0.3369,0.6323,1.5233,0.0922,0.0802,0.7096,0.2701,0.4236,0.5493,2.0328,0.2375,0.2048,0.2048,0.2048,0.0,0.0,0.8722,0.1779,0.0,1.0501,0.1182,4.811,0.0597,0,0,0,0,0,0,0,0,0,0,0,0,0,0,0,0,0,0,0,0,0,3613,1972,1433,0,20,5367,1019,0,20,0,20,0,20,0,20,0,20,36.2,6.9,0.0,0.9,98.6,1.7,0.0,0.9,0.0,0.9,0.0,0.9,0.0,0.9,0.0,0.9
72,Puerto Rico,PR,72053,Fajardo,72053150102,"Census Tract 1501.02, Fajardo Municipio, Puerto Rico",0.292343693034,2022,332,1147,113,841,108,1010,222,266,121,208,74,183,75,150,83,634,122,218,94,515,107,47,34,1013,203,2017,336,5,17,0,14,6,16,115,46,0,14,50.0,7.3,32.3,11.1,24.7,8.2,11.4,4.5,7.5,3.8,31.4,6.7,10.8,4.3,25.6,4.9,5.6,4.0,50.6,5.8,99.8,2.8,0.4,1.5,0.0,4.1,0.7,1.9,13.7,5.4,0.0,0.7,0.2373,0.9176,0.5601,0.1322,0.6323,2.4795,0.5141,0.9372,0.0726,0.6887,0.3044,0.2232,2.2261,0.3395,0.5255,0.5255,0.5255,0.3824,0.0,0.2264,0.4848,0.0,1.0936,0.1269,6.3247,0.2614,0,1,0,0,0,1,1,0,0,0,0,1,0,0,0,0,0,0,0,0,2,1119,282,469,0,14,1998,334,19,22,0,14,0,14,0,14,0,14,13.9,2.3,0.0,2.3,98.8,1.2,0.9,1.1,0.0,2.3,0.0,2.3,0.0,2.3,0.0,2.3
72,Puerto Rico,PR,72053,Fajardo,72053150105,"Census Tract 1501.05, Fajardo Municipio, Puerto Rico",1.337748448908,2831,474,1610,173,1249,191,1746,417,253,89,383,119,364,154,304,129,690,204,413,227,668,214,72,52,1152,267,2831,477,142,63,0,14,59,50,190,85,0,14,62.1,10.7,21.9,7.2,30.7,8.3,16.5,6.6,10.7,4.1,24.4,6.4,14.6,7.6,23.6,6.3,5.8,4.1,42.4,6.9,100.0,1.9,8.8,3.8,0.0,2.9,4.7,3.9,15.2,6.4,0.0,0.5,0.4854,0.7625,0.7996,0.3012,0.8449,3.1936,0.821,0.7226,0.2189,0.5835,0.325,0.1246,1.9746,0.2072,0.5536,0.5536,0.5536,0.7421,0.0,0.805,0.5694,0.0,2.1165,0.5672,7.8383,0.6182,0,0,0,0,0,0,0,0,0,0,0,0,0,0,0,0,0,0,0,0,0,869,519,657,0,14,2815,476,0,14,0,14,0,14,16,26,0,14,18.3,3.1,0.0,1.7,99.4,0.9,0.0,1.7,0.0,1.7,0.0,1.7,0.6,0.9,0.0,1.7
72,Puerto Rico,PR,72053,Fajardo,72053150106,"Census Tract 1501.06, Fajardo Municipio, Puerto Rico",3.616245617774,1066,303,1562,183,477,119,707,290,54,49,107,87,162,120,106,106,386,161,138,122,236,159,0,19,614,246,1052,316,523,125,0,14,30,34,150,74,0,14,66.3,19.6,14.5,13.8,22.4,17.4,18.3,13.7,9.9,10.0,36.2,14.2,12.9,10.8,22.1,16.1,0.0,4.0,60.2,17.8,98.7,9.6,33.5,7.0,0.0,3.0,6.3,7.0,31.4,15.9,0.0,1.3,0.5872,0.5184,0.4431,0.3608,0.8167,2.7262,0.6334,0.9827,0.1354,0.5108,0.0,0.4106,2.0395,0.2473,0.2221,0.2221,0.2221,0.9242,0.0,0.9252,0.9078,0.0,2.7572,0.8351,7.745,0.5922,0,0,0,0,0,0,1,0,0,0,0,1,0,0,1,0,1,1,0,3,4,3128,273,445,0,14,1011,311,41,47,0,14,0,14,0,14,0,14,25.6,7.3,0.0,4.4,94.8,6.0,3.8,4.7,0.0,4.4,0.0,4.4,0.0,4.4,0.0,4.4
72,Puerto Rico,PR,72053,Fajardo,72053150200,"Census Tract 1502, Fajardo Municipio, Puerto Rico",3.24232243316,4491,679,2469,244,1940,236,2487,627,602,205,548,192,357,156,203,130,1161,235,698,237,997,231,156,102,2212,455,4491,680,117,91,0,14,75,94,148,91,13,31,55.5,11.2,28.4,7.8,28.2,9.3,10.8,4.7,4.5,3.0,25.9,5.4,15.5,4.7,22.3,5.7,8.0,5.2,52.1,7.4,100.0,0.8,4.7,3.7,0.0,1.9,3.9,4.8,7.6,4.6,0.3,0.7,0.351,0.8894,0.7161,0.1203,0.2592,2.336,0.4403,0.7811,0.2849,0.5195,0.5016,0.2394,2.3265,0.3796,0.5536,0.5536,0.5536,0.6425,0.0,0.7281,0.1497,0.5255,2.0458,0.538,7.2619,0.4664,0,0,0,0,0,0,0,0,0,0,0,0,0,0,0,0,0,0,0,0,0,5731,815,978,37,60,4410,674,0,14,0,14,0,14,44,67,0,14,18.2,2.8,0.8,1.3,98.2,1.4,0.0,1.1,0.0,1.1,0.0,1.1,1.0,1.5,0.0,1.1
72,Puerto Rico,PR,72053,Fajardo,72053150301,"Census Tract 1503.01, Fajardo Municipio, Puerto Rico",0.662905859738,3151,374,1648,167,1330,177,2540,373,445,144,394,131,425,138,131,81,560,158,899,212,671,155,364,125,1972,347,3151,372,78,52,0,14,43,41,238,95,47,29,81.8,6.8,37.4,9.6,29.6,9.0,20.8,6.8,4.2,2.5,17.8,5.0,28.5,5.8,21.6,4.9,27.4,8.7,67.6,8.3,100.0,16.7,4.7,3.1,0.0,2.8,3.2,3.1,17.9,6.8,1.5,0.9,0.9187,0.9599,0.7671,0.454,0.2213,3.321,0.8568,0.2882,0.9621,0.4729,0.9859,0.6056,3.3147,0.9002,0.5536,0.5536,0.5536,0.6425,0.0,0.6403,0.6866,0.8375,2.8069,0.8449,9.9962,0.9436,1,1,0,0,0,2,0,1,0,1,0,2,0,0,0,0,0,0,0,0,4,4043,518,556,13,19,3138,371,0,14,0,14,0,14,0,14,0,14,16.7,2.0,0.4,0.6,99.6,0.6,0.0,1.5,0.0,1.5,0.0,1.5,0.0,1.5,0.0,1.5
72,Puerto Rico,PR,72053,Fajardo,72053150302,"Census Tract 1503.02, Fajardo Municipio, Puerto Rico",0.527911086968,1734,248,1153,109,798,97,1212,227,188,66,233,85,197,75,95,60,339,77,387,145,420,135,111,62,1109,200,1734,250,24,29,0,14,8,17,205,68,13,15,70.4,8.5,23.7,8.1,29.2,10.0,16.6,5.5,5.5,3.5,19.6,4.6,22.3,7.7,24.4,7.4,13.9,7.6,65.9,7.4,100.0,1.8,2.1,2.5,0.0,4.0,1.0,2.1,25.7,8.0,0.7,0.9,0.6858,0.7939,0.7497,0.3044,0.3861,2.9199,0.7093,0.4041,0.7963,0.6215,0.8451,0.5525,3.2195,0.859,0.5536,0.5536,0.5536,0.545,0.0,0.2839,0.8351,0.6956,2.3596,0.6866,9.0526,0.8449,0,0,0,0,0,0,0,0,0,0,0,0,0,0,0,0,0,0,0,0,0,3372,328,351,0,14,1734,248,0,14,0,14,0,14,0,14,0,14,19.1,2.7,0.0,2.7,100.0,2.7,0.0,2.7,0.0,2.7,0.0,2.7,0.0,2.7,0.0,2.7
72,Puerto Rico,PR,72053,Fajardo,72053150400,"Census Tract 1504, Fajardo Municipio, Puerto Rico",0.984250060094,4131,604,2912,239,1590,179,2797,568,528,181,294,120,480,149,351,168,834,193,969,318,897,221,230,119,2212,419,4131,601,783,151,0,14,88,64,235,107,37,36,67.7,9.5,29.5,7.4,18.5,7.3,17.1,5.1,8.5,4.0,20.2,5.1,23.5,6.9,21.7,4.9,14.5,7.3,56.8,7.1,100.0,20.6,26.9,4.7,0.0,1.6,5.5,4.0,14.8,6.5,0.9,0.9,0.6197,0.898,0.2622,0.3207,0.7223,2.8229,0.6725,0.4475,0.8548,0.4805,0.857,0.3348,2.9746,0.7592,0.5536,0.5536,0.5536,0.8971,0.0,0.8722,0.5445,0.7389,3.0527,0.9121,9.4038,0.8905,0,0,0,0,0,0,0,0,0,0,0,0,0,0,0,0,0,0,0,0,0,3822,790,804,0,14,4110,600,21,32,0,14,0,14,0,14,0,14,19.3,2.9,0.0,1.1,99.5,0.8,0.5,0.8,0.0,1.1,0.0,1.1,0.0,1.1,0.0,1.1
72,Puerto Rico,PR,72053,Fajardo,72053150500,"Census Tract 1505, Fajardo Municipio, Puerto Rico",1.621443843244,4050,690,2196,247,1616,235,2884,605,421,199,363,119,1173,231,391,205,1198,244,727,261,1357,348,139,74,2880,482,4050,690,0,19,0,14,46,41,322,122,13,12,71.4,8.7,27.8,9.0,22.5,6.6,38.6,6.6,9.7,4.9,29.6,6.5,18.0,5.7,33.6,6.8,8.6,4.4,72.3,17.2,100.0,0.0,0.0,0.9,0.0,2.1,2.8,2.5,19.9,6.9,0.3,0.3,0.7096,0.8742,0.4496,0.9252,0.8037,3.7623,0.9371,0.8873,0.4778,0.9403,0.5525,0.7378,3.5957,0.9664,0.5536,0.5536,0.5536,0.0,0.0,0.5991,0.743,0.5255,1.8676,0.4382,9.7792,0.9252,0,0,0,1,0,1,0,0,1,0,0,1,0,0,0,0,0,0,0,0,2,2315,1102,953,0,14,4050,690,0,14,0,14,0,14,0,14,0,14,27.3,4.7,0.0,1.2,100.0,1.2,0.0,1.2,0.0,1.2,0.0,1.2,0.0,1.2,0.0,1.2
72,Puerto Rico,PR,72053,Fajardo,72053150601,"Census Tract 1506.01, Fajardo Municipio, Puerto Rico",3.140101542558,1998,476,1041,159,765,154,1662,456,199,96,203,101,290,137,112,83,371,165,529,214,488,174,94,67,1285,370,1998,477,0,19,12,20,48,43,133,69,0,14,83.2,11.3,25.1,9.5,26.5,12.1,22.7,9.8,5.6,4.1,18.6,8.0,26.5,8.7,24.4,7.2,12.3,8.4,69.0,11.5,100.0,1.5,0.0,1.8,1.2,2.0,6.3,5.5,17.4,9.0,0.0,0.7,0.9328,0.8275,0.6436,0.519,0.4002,3.3231,0.859,0.3326,0.9372,0.6215,0.779,0.6479,3.3182,0.9013,0.5536,0.5536,0.5536,0.0,0.9132,0.9252,0.6649,0.0,2.5033,0.7495,9.6982,0.9154,1,0,0,0,0,1,0,1,0,0,0,1,0,0,0,1,1,0,0,2,4,1411,402,670,0,14,1998,476,0,14,0,14,0,14,0,14,0,14,20.1,4.8,0.0,2.3,100.0,2.3,0.0,2.3,0.0,2.3,0.0,2.3,0.0,2.3,0.0,2.3
72,Puerto Rico,PR,72053,Fajardo,72053150602,"Census Tract 1506.02, Fajardo Municipio, Puerto Rico",14.477806076822,4789,835,2700,292,1806,290,2578,677,406,210,588,231,392,209,708,386,483,213,859,297,545,263,176,124,2303,576,4706,823,206,117,0,14,84,77,128,103,20,23,54.1,10.6,16.6,8.3,32.6,11.7,12.6,6.4,14.8,8.0,10.1,4.1,17.9,5.4,11.4,5.0,9.7,6.7,49.9,9.0,98.3,1.3,7.6,4.3,0.0,1.7,4.7,4.2,7.1,5.8,0.4,0.5,0.3164,0.5987,0.8537,0.1668,0.9458,2.8814,0.6898,0.0325,0.4724,0.0738,0.6284,0.2124,1.4195,0.0597,0.1679,0.1679,0.1679,0.7226,0.0,0.805,0.1269,0.5688,2.2233,0.6182,6.6921,0.3395,0,0,0,0,1,1,0,0,0,0,0,0,0,0,0,0,0,0,0,0,1,4229,478,1167,18,29,4688,822,0,14,0,14,0,14,0,14,0,14,10.0,1.8,0.4,0.6,97.9,2.2,0.0,1.0,0.0,1.0,0.0,1.0,0.0,1.0,0.0,1.0
72,Puerto Rico,PR,72054,Florida,72054580100,"Census Tract 5801, Florida Municipio, Puerto Rico",9.912732168638,5403,789,2162,261,1846,268,4043,816,467,251,455,189,948,245,257,143,943,228,1079,317,1316,317,220,131,3212,616,5377,789,0,28,0,20,65,70,282,145,0,20,74.8,10.4,23.0,10.6,24.6,9.6,25.3,5.8,4.8,2.7,17.5,4.2,20.0,5.1,24.4,5.8,11.9,6.9,63.4,7.9,99.5,1.5,0.0,1.3,0.0,2.2,3.5,3.8,15.3,7.5,0.0,0.4,0.7909,0.7852,0.5525,0.6132,0.2972,3.039,0.7679,0.2698,0.6414,0.6215,0.7573,0.4756,2.7656,0.6584,0.4193,0.4193,0.4193,0.0,0.0,0.6793,0.577,0.0,1.2563,0.1779,7.4802,0.5336,0,0,0,0,0,0,0,0,0,0,0,0,0,0,0,0,0,0,0,0,0,6119,2135,1130,0,20,5377,788,0,20,0,20,0,20,0,20,0,20,39.5,5.8,0.0,0.9,99.5,0.8,0.0,0.9,0.0,0.9,0.0,0.9,0.0,0.9,0.0,0.9
72,Puerto Rico,PR,72054,Florida,72054580200,"Census Tract 5802, Florida Municipio, Puerto Rico",5.296403606056,6110,789,2795,260,2422,256,4100,801,359,202,542,183,876,263,192,97,1191,228,1213,316,1034,228,247,157,4170,692,5988,779,46,73,0,20,59,71,246,112,18,33,67.3,9.9,15.3,8.3,22.4,7.2,20.3,5.6,3.2,1.6,19.5,3.8,19.9,4.5,17.0,3.9,10.2,6.4,70.3,7.7,98.0,1.6,1.6,2.6,0.0,1.7,2.4,2.9,10.2,4.7,0.3,0.5,0.6056,0.5445,0.4431,0.4247,0.1128,2.1307,0.3384,0.3987,0.6371,0.2343,0.6598,0.6826,2.6125,0.5564,0.1343,0.1343,0.1343,0.5157,0.0,0.5309,0.295,0.5255,1.8671,0.4371,6.7446,0.3492,0,0,0,0,0,0,0,0,0,0,0,0,0,0,0,0,0,0,0,0,0,3933,2222,1085,0,20,5988,778,0,20,0,20,0,20,0,20,0,20,36.5,4.7,0.0,0.8,98.0,2.1,0.0,0.8,0.0,0.8,0.0,0.8,0.0,0.8,0.0,0.8
72,Puerto Rico,PR,72055,Guánica,72055960900,"Census Tract 9609, Guánica Municipio, Puerto Rico",5.07292081862,3378,666,2143,204,1252,196,2826,661,502,219,271,115,1013,254,147,105,946,218,502,245,1322,311,15,27,2655,539,3378,650,0,19,0,14,11,23,165,76,61,64,84.9,10.5,43.8,13.1,21.6,8.5,40.4,9.1,4.4,3.0,28.0,6.3,14.9,6.6,39.4,8.8,1.2,2.1,79.8,4.3,100.0,27.5,0.0,0.9,0.0,2.2,0.9,1.8,13.2,6.0,1.8,1.9,0.9469,0.9783,0.415,0.9491,0.244,3.5333,0.897,0.857,0.2416,0.9859,0.0336,0.909,3.0271,0.7842,0.5536,0.5536,0.5536,0.0,0.0,0.2622,0.4544,0.8689,1.5855,0.3232,8.6995,0.8026,1,1,0,1,0,3,0,0,1,0,1,2,0,0,0,0,0,0,0,0,5,1846,1887,886,0,14,3350,648,0,14,0,14,0,14,0,14,28,42,56.9,11.3,0.0,1.4,99.2,1.2,0.0,1.4,0.0,1.4,0.0,1.4,0.0,1.4,0.8,1.2
72,Puerto Rico,PR,72055,Guánica,72055961000,"Census Tract 9610, Guánica Municipio, Puerto Rico",11.56900974822,2803,529,1383,145,1000,153,2369,562,386,164,89,62,565,181,105,120,649,166,727,299,1043,279,82,76,1990,427,2695,549,17,30,0,14,19,32,97,67,6,28,85.2,12.3,48.1,15.6,8.9,6.0,29.8,7.6,3.7,4.2,23.2,6.6,25.9,9.5,37.2,8.4,8.2,7.5,78.1,8.7,96.1,7.4,1.2,2.2,0.0,3.4,1.9,3.2,9.7,6.5,0.2,1.0,0.9491,0.987,0.0238,0.7454,0.1649,2.8702,0.6866,0.6544,0.9231,0.9761,0.5255,0.883,3.9621,0.9946,0.0574,0.0574,0.0574,0.4713,0.0,0.4561,0.2636,0.4735,1.6645,0.3503,8.5542,0.7722,1,1,0,0,0,2,0,1,1,0,0,2,0,0,0,0,0,0,0,0,4,1692,1760,655,0,14,2695,548,0,14,0,14,0,14,0,14,0,14,62.9,11.9,0.0,1.7,96.1,5.7,0.0,1.7,0.0,1.7,0.0,1.7,0.0,1.7,0.0,1.7
72,Puerto Rico,PR,72055,Guánica,72055961100,"Census Tract 9611, Guánica Municipio, Puerto Rico",9.491572879242,2286,445,1422,160,858,127,1747,485,128,77,103,76,395,130,81,96,358,121,578,227,864,252,51,58,1453,316,2286,446,0,19,0,14,13,23,149,88,20,23,76.4,15.1,20.6,11.0,12.0,8.7,26.2,7.7,3.5,4.1,15.7,5.6,25.3,8.6,37.8,9.8,5.9,6.7,68.1,7.1,100.0,1.3,0.0,1.3,0.0,3.3,1.5,2.7,17.4,9.5,0.9,1.0,0.8277,0.7289,0.078,0.6381,0.1443,2.417,0.4859,0.1636,0.9112,0.9816,0.3326,0.6197,3.0087,0.7787,0.5536,0.5536,0.5536,0.0,0.0,0.3759,0.6649,0.7389,1.7797,0.4056,7.759,0.5944,0,0,0,0,0,0,0,1,1,0,0,2,0,0,0,0,0,0,0,0,2,3424,1110,588,0,14,2286,445,0,14,0,14,0,14,0,14,0,14,49.0,9.6,0.0,2.1,100.0,2.1,0.0,2.1,0.0,2.1,0.0,2.1,0.0,2.1,0.0,2.1
72,Puerto Rico,PR,72055,Guánica,72055961200,"Census Tract 9612, Guánica Municipio, Puerto Rico",0.149360855986,1358,370,877,106,503,102,1084,314,116,82,67,40,296,120,130,81,410,140,266,144,448,148,42,36,921,257,1358,371,0,19,0,14,16,19,68,37,0,14,79.8,7.9,38.0,16.8,13.3,7.5,28.3,9.0,9.6,5.8,30.2,8.9,19.6,9.2,33.0,7.7,8.3,7.0,69.4,5.7,100.0,2.0,0.0,2.2,0.0,5.3,3.2,3.7,13.5,6.8,0.0,1.0,0.8906,0.9653,0.1029,0.6977,0.7961,3.4526,0.885,0.9036,0.6186,0.9317,0.5309,0.662,3.6468,0.9751,0.5536,0.5536,0.5536,0.0,0.0,0.6403,0.4751,0.0,1.1154,0.1302,8.7684,0.8124,0,1,0,0,0,1,1,0,1,0,0,2,0,0,0,0,0,0,0,0,3,601,956,410,0,14,1358,370,0,14,0,14,0,14,0,14,0,14,70.4,19.2,0.0,3.4,100.0,3.4,0.0,3.4,0.0,3.4,0.0,3.4,0.0,3.4,0.0,3.4
72,Puerto Rico,PR,72055,Guánica,72055961300,"Census Tract 9613, Guánica Municipio, Puerto Rico",0.647666413798,2222,465,1041,115,786,99,1787,406,168,120,109,51,413,101,57,42,428,109,476,213,914,169,114,57,1621,384,2201,455,39,32,0,14,31,29,206,75,2,4,80.4,7.1,27.6,14.7,13.9,6.2,29.3,6.5,2.6,1.9,19.3,5.4,21.4,8.5,41.1,7.4,14.5,7.0,75.5,9.7,99.1,29.1,3.7,3.0,0.0,4.5,3.9,3.7,26.2,8.8,0.1,0.2,0.9014,0.8698,0.1148,0.7302,0.0705,2.6867,0.6106,0.3803,0.74,0.9946,0.857,0.8288,3.8007,0.9859,0.2914,0.2914,0.2914,0.6078,0.0,0.7281,0.8438,0.4334,2.6131,0.7983,9.3919,0.8894,1,0,0,0,0,1,0,0,1,0,0,1,0,0,0,0,0,0,0,0,2,3536,1349,562,0,14,2201,454,0,14,0,14,0,14,0,14,0,14,60.8,12.7,0.0,2.1,99.1,1.4,0.0,2.1,0.0,2.1,0.0,2.1,0.0,2.1,0.0,2.1
72,Puerto Rico,PR,72055,Guánica,72055961400,"Census Tract 9614, Guánica Municipio, Puerto Rico",0.583736416842,1110,271,724,104,428,84,610,218,193,85,29,35,124,57,13,21,364,105,52,55,413,138,0,19,642,201,1110,270,19,25,0,14,0,19,37,26,0,14,55.0,14.3,42.9,12.9,6.8,8.1,13.3,5.4,1.2,1.9,32.8,9.1,4.7,4.8,37.2,11.0,0.0,4.4,59.4,12.2,100.0,34.5,2.6,3.4,0.0,6.3,0.0,4.4,8.6,6.1,0.0,1.3,0.338,0.9761,0.0108,0.1907,0.0184,1.534,0.0954,0.9523,0.0065,0.9761,0.0,0.39,2.3249,0.3785,0.5536,0.5536,0.5536,0.5612,0.0,0.0,0.1952,0.0,0.7564,0.0477,5.1689,0.0911,0,1,0,0,0,1,1,0,1,0,0,2,0,0,0,0,0,0,0,0,3,1085,418,357,0,14,1098,268,0,14,0,14,0,14,0,14,12,20,37.7,9.2,0.0,4.2,98.9,1.7,0.0,4.2,0.0,4.2,0.0,4.2,0.0,4.2,1.1,1.7
72,Puerto Rico,PR,72055,Guánica,72055961500,"Census Tract 9615, Guánica Municipio, Puerto Rico",9.536108586636,2668,563,1789,168,796,151,2068,559,149,101,75,52,596,163,126,93,668,163,479,219,1230,319,10,22,1921,429,2668,553,29,32,0,14,38,35,56,42,0,14,77.5,13.1,19.2,12.5,9.4,6.3,32.4,8.6,4.7,3.3,25.0,6.7,18.0,7.3,46.1,11.0,1.3,2.8,75.4,6.0,100.0,29.6,1.6,1.8,0.0,2.6,4.8,4.3,7.0,5.1,0.0,0.5,0.8483,0.6844,0.0293,0.8147,0.2809,2.6576,0.6009,0.7486,0.4778,1.0,0.0368,0.8277,3.0909,0.8189,0.5536,0.5536,0.5536,0.5157,0.0,0.8147,0.1226,0.0,1.453,0.257,7.7551,0.5933,0,0,0,0,0,0,0,0,1,0,0,1,0,0,0,0,0,0,0,0,1,1393,1701,696,0,14,2641,551,0,14,0,14,0,14,0,14,27,43,63.8,13.5,0.0,1.8,99.0,1.6,0.0,1.8,0.0,1.8,0.0,1.8,0.0,1.8,1.0,1.6
72,Puerto Rico,PR,72057,Guayama,72057270100,"Census Tract 2701, Guayama Municipio, Puerto Rico",24.65194474354,5566,1086,2406,268,1841,238,3818,1000,178,195,414,189,1327,407,389,199,1197,299,1000,386,1366,362,63,86,4553,964,5429,1072,0,28,0,20,85,98,475,168,88,82,69.5,12.0,13.6,12.9,22.5,9.8,30.8,9.0,7.1,3.7,21.5,5.4,18.0,6.0,24.8,4.9,3.4,4.7,83.7,6.4,97.5,3.0,0.0,1.2,0.0,2.0,4.6,5.3,25.8,9.3,1.6,1.4,0.6566,0.4751,0.4496,0.7768,0.5857,2.9438,0.7213,0.5385,0.4778,0.6367,0.13,0.9599,2.7429,0.6421,0.1051,0.1051,0.1051,0.0,0.0,0.7952,0.8362,0.8472,2.4786,0.7408,8.2704,0.7191,0,0,0,0,0,0,0,0,0,0,1,1,0,0,0,0,0,0,0,0,1,3175,2561,1437,0,20,5429,1071,0,20,0,20,0,20,0,20,0,20,46.8,9.2,0.0,0.8,97.5,3.9,0.0,0.8,0.0,0.8,0.0,0.8,0.0,0.8,0.0,0.8
72,Puerto Rico,PR,72057,Guayama,72057270201,"Census Tract 2702.01, Guayama Municipio, Puerto Rico",8.92240216035,5253,855,2251,261,1848,250,2688,645,27,45,380,160,538,187,220,176,698,219,1254,373,1057,260,149,96,3955,768,5253,863,59,63,0,20,49,56,197,95,5,8,51.2,9.0,1.5,2.6,20.6,8.2,15.2,5.6,4.2,3.3,13.3,4.3,23.9,5.9,20.1,4.8,8.1,5.1,80.5,8.6,100.0,2.2,2.6,2.8,0.0,2.1,2.7,3.0,10.7,5.2,0.1,0.2,0.2633,0.0184,0.3554,0.2535,0.2213,1.1119,0.0336,0.0802,0.87,0.3764,0.5146,0.9242,2.7654,0.6562,0.5536,0.5536,0.5536,0.5612,0.0,0.5872,0.32,0.4334,1.9018,0.4577,6.3327,0.2625,0,0,0,0,0,0,0,0,0,0,1,1,0,0,0,0,0,0,0,0,1,7523,1751,1177,33,53,5220,861,0,20,0,20,0,20,0,20,0,20,33.4,5.4,0.6,1.0,99.4,1.0,0.0,0.9,0.0,0.9,0.0,0.9,0.0,0.9,0.0,0.9
72,Puerto Rico,PR,72057,Guayama,72057270202,"Census Tract 2702.02, Guayama Municipio, Puerto Rico",19.971307804042,5778,694,1430,197,1132,183,2110,551,59,62,225,109,1533,306,278,171,557,208,778,303,569,201,116,86,4714,681,5669,674,0,28,0,20,50,49,98,79,2434,318,62.4,11.9,5.4,6.1,19.9,9.1,35.5,5.6,8.2,5.1,9.6,3.4,13.5,5.0,16.8,5.9,10.2,7.4,83.2,6.7,98.1,16.6,0.0,2.0,0.0,3.3,4.4,4.3,8.7,7.0,42.1,2.2,0.493,0.1085,0.3185,0.8873,0.7072,2.5145,0.5293,0.0293,0.1636,0.2245,0.6598,0.9556,2.0328,0.2375,0.1452,0.1452,0.1452,0.0,0.0,0.7822,0.2028,0.9967,1.9817,0.4978,6.6742,0.3351,0,0,0,0,0,0,0,0,0,0,1,1,0,0,0,0,0,0,1,1,2,7864,1473,869,18,20,5651,673,0,20,0,20,0,20,0,20,0,20,44.0,7.9,0.3,0.3,97.8,1.2,0.0,0.8,0.0,0.8,0.0,0.8,0.0,0.8,0.0,0.8
72,Puerto Rico,PR,72057,Guayama,72057270300,"Census Tract 2703, Guayama Municipio, Puerto Rico",6.188727413174,4914,827,2680,250,1846,238,3111,713,147,157,396,157,947,334,442,364,949,227,1038,378,1450,348,111,76,3830,732,4914,827,0,19,0,14,33,54,294,128,29,25,63.5,9.9,9.7,10.9,21.5,8.0,26.8,8.8,9.0,7.3,19.3,4.3,21.1,6.8,29.6,6.5,6.0,4.0,80.7,8.1,100.0,0.0,0.0,0.7,0.0,1.8,1.8,2.9,15.9,7.2,0.6,0.5,0.5168,0.3134,0.4106,0.6501,0.757,2.6479,0.5933,0.3803,0.7216,0.8557,0.3424,0.9274,3.2274,0.8623,0.5536,0.5536,0.5536,0.0,0.0,0.4345,0.6052,0.6522,1.6919,0.3655,8.1208,0.6768,0,0,0,0,0,0,0,0,0,0,1,1,0,0,0,0,0,0,0,0,1,4401,1695,1149,0,14,4914,827,0,14,0,14,0,14,0,14,0,14,34.7,5.9,0.0,1.0,100.0,1.0,0.0,1.0,0.0,1.0,0.0,1.0,0.0,1.0,0.0,1.0
72,Puerto Rico,PR,72057,Guayama,72057270400,"Census Tract 2704, Guayama Municipio, Puerto Rico",0.25030799609,2049,481,1214,179,940,175,1755,475,47,56,375,163,227,118,47,54,335,115,497,276,356,153,117,109,1078,302,2049,482,0,19,0,14,0,19,271,111,24,31,86.3,11.4,12.7,14.2,39.9,15.7,19.7,8.4,2.3,2.6,16.3,7.1,24.3,12.2,17.5,7.4,12.4,11.4,61.3,10.4,100.0,1.5,0.0,1.6,0.0,3.8,0.0,2.0,28.8,11.2,1.2,1.5,0.9556,0.436,0.9491,0.403,0.0521,2.7958,0.6638,0.1939,0.8873,0.2516,0.7844,0.4377,2.5549,0.5174,0.5536,0.5536,0.5536,0.0,0.0,0.0,0.8839,0.7952,1.6791,0.3601,7.5834,0.5607,1,0,1,0,0,2,0,0,0,0,0,0,0,0,0,0,0,0,0,0,2,1186,981,635,0,14,2049,481,0,14,0,14,0,14,0,14,0,14,48.4,11.5,0.0,2.3,100.0,2.3,0.0,2.3,0.0,2.3,0.0,2.3,0.0,2.3,0.0,2.3
72,Puerto Rico,PR,72057,Guayama,72057270500,"Census Tract 2705, Guayama Municipio, Puerto Rico",1.14597583263,4768,885,2232,263,1830,260,2856,762,126,87,620,204,581,203,289,190,1447,343,717,330,1037,280,68,75,2805,621,4752,887,99,61,0,14,34,56,240,111,0,14,59.9,11.5,11.5,7.3,33.9,10.1,17.0,5.4,6.1,3.7,30.3,7.2,15.0,6.3,21.7,4.9,3.7,4.1,59.8,7.0,99.7,1.9,4.4,2.7,0.0,2.1,1.9,3.0,13.1,6.2,0.0,0.3,0.4355,0.3796,0.87,0.3174,0.4642,2.4667,0.5076,0.9079,0.2492,0.4805,0.1506,0.4041,2.1923,0.3189,0.4886,0.4886,0.4886,0.6295,0.0,0.4561,0.4479,0.0,1.5335,0.2961,6.6811,0.3362,0,0,0,0,0,0,1,0,0,0,0,1,0,0,0,0,0,0,0,0,1,4364,1571,1258,17,27,4735,887,0,14,0,14,0,14,0,14,0,14,32.9,6.1,0.4,0.6,99.3,0.8,0.0,1.0,0.0,1.0,0.0,1.0,0.0,1.0,0.0,1.0
72,Puerto Rico,PR,72057,Guayama,72057270600,"Census Tract 2706, Guayama Municipio, Puerto Rico",0.539020013712,2609,576,1676,196,1168,190,1878,478,41,40,326,130,258,93,112,72,612,140,477,192,612,171,215,102,2147,521,2609,571,126,72,36,42,0,19,360,130,0,14,72.0,9.1,6.0,6.1,27.9,10.2,15.5,5.8,4.3,2.7,23.5,6.8,18.3,6.2,23.5,6.5,18.4,8.2,85.0,8.5,100.0,31.1,7.5,4.2,2.1,2.4,0.0,1.6,30.8,9.4,0.0,0.5,0.727,0.1377,0.6999,0.2633,0.2321,2.06,0.3069,0.6761,0.5038,0.577,0.9231,0.974,3.654,0.9783,0.5536,0.5536,0.5536,0.7205,0.9794,0.0,0.9013,0.0,2.6012,0.7939,8.8688,0.8286,0,0,0,0,0,0,0,0,0,1,1,2,0,0,0,1,0,1,0,2,4,3668,1006,730,19,29,2563,568,0,14,0,14,0,14,0,14,27,45,38.6,8.5,0.7,1.1,98.2,2.0,0.0,1.8,0.0,1.8,0.0,1.8,0.0,1.8,1.0,1.7
72,Puerto Rico,PR,72057,Guayama,72057270700,"Census Tract 2707, Guayama Municipio, Puerto Rico",2.465107601404,2578,471,1375,196,1086,163,1842,451,32,30,294,121,532,187,88,53,562,173,420,177,724,176,72,62,1862,350,2578,472,0,19,21,34,0,19,206,88,0,14,71.5,11.6,4.2,4.0,27.1,10.4,26.8,7.4,3.4,2.1,21.8,6.3,16.3,6.2,28.1,6.0,6.6,5.6,72.6,3.3,100.0,1.2,0.0,1.4,1.5,2.5,0.0,1.7,19.0,7.9,0.0,0.5,0.7129,0.0748,0.6663,0.6501,0.1345,2.2386,0.398,0.5666,0.3315,0.7983,0.3824,0.7551,2.8339,0.6952,0.5536,0.5536,0.5536,0.0,0.9501,0.0,0.7191,0.0,1.6692,0.3547,7.2953,0.4729,0,0,0,0,0,0,0,0,0,0,0,0,0,0,0,1,0,0,0,1,1,1730,1071,627,0,14,2578,471,0,14,0,14,0,14,0,14,0,14,41.5,7.6,0.0,1.8,100.0,1.8,0.0,1.8,0.0,1.8,0.0,1.8,0.0,1.8,0.0,1.8
72,Puerto Rico,PR,72057,Guayama,72057270800,"Census Tract 2708, Guayama Municipio, Puerto Rico",0.908381403196,6683,934,2889,276,2524,271,4717,923,260,173,683,235,488,223,507,339,985,260,1671,434,1891,539,491,177,4514,817,6649,939,0,28,32,52,0,28,442,194,11,8,70.6,9.7,13.9,8.7,27.1,8.8,11.6,5.5,7.6,4.8,14.7,4.0,25.0,5.5,28.3,7.1,19.5,6.7,71.3,7.7,99.5,2.0,0.0,1.0,1.1,1.8,0.0,1.1,17.5,7.3,0.2,0.1,0.6901,0.487,0.6663,0.1387,0.6421,2.6242,0.5803,0.1192,0.9047,0.8091,0.9458,0.7096,3.4884,0.9469,0.4193,0.4193,0.4193,0.0,0.898,0.0,0.6735,0.4735,2.045,0.5369,8.5769,0.7787,0,0,0,0,0,0,0,1,0,1,0,2,0,0,0,0,0,0,0,0,2,5031,2650,1252,2,4,6647,938,0,20,0,20,0,20,0,20,0,20,39.7,5.6,0.0,0.1,99.5,0.9,0.0,0.7,0.0,0.7,0.0,0.7,0.0,0.7,0.0,0.7
72,Puerto Rico,PR,72059,Guayanilla,72059740101,"Census Tract 7401.01, Guayanilla Municipio, Puerto Rico",12.22598160632,2188,444,1052,115,818,125,1587,425,172,108,66,43,475,115,134,105,518,104,366,169,399,82,31,29,1686,341,2172,444,0,19,0,14,41,40,111,51,0,14,72.5,12.7,24.5,14.4,8.1,5.1,28.0,7.2,6.1,4.3,23.7,5.1,16.7,6.9,18.2,3.4,3.8,3.5,79.7,3.8,99.3,2.4,0.0,1.8,0.0,4.4,5.0,4.8,13.6,6.5,0.0,0.6,0.7356,0.8113,0.0141,0.6891,0.4642,2.7143,0.628,0.6858,0.3673,0.2863,0.1593,0.9079,2.4066,0.4241,0.3402,0.3402,0.3402,0.0,0.0,0.8418,0.4805,0.0,1.3223,0.2017,6.7834,0.3601,0,0,0,0,0,0,0,0,0,0,1,1,0,0,0,0,0,0,0,0,1,1971,909,577,0,14,2172,443,0,14,0,14,0,14,0,14,0,14,41.5,8.4,0.0,2.1,99.3,1.2,0.0,2.1,0.0,2.1,0.0,2.1,0.0,2.1,0.0,2.1
72,Puerto Rico,PR,72059,Guayanilla,72059740102,"Census Tract 7401.02, Guayanilla Municipio, Puerto Rico",5.449834363224,2873,481,1580,170,1188,162,2226,452,143,89,141,87,656,169,160,93,761,174,440,203,416,140,20,35,2039,402,2873,482,16,29,0,14,21,34,162,67,0,14,77.8,8.9,15.7,8.9,11.9,7.1,29.3,6.7,5.6,3.2,26.5,6.1,15.3,6.6,14.5,4.4,1.7,2.9,73.1,7.7,100.0,1.1,1.0,1.8,0.0,3.0,1.8,2.9,13.6,5.5,0.0,0.5,0.8581,0.5586,0.0758,0.7302,0.4002,2.6229,0.5792,0.8007,0.2698,0.1508,0.0455,0.7725,2.0393,0.2462,0.5536,0.5536,0.5536,0.4464,0.0,0.4345,0.4805,0.0,1.3614,0.2093,6.5772,0.32,0,0,0,0,0,0,0,0,0,0,0,0,0,0,0,0,0,0,0,0,0,1685,841,683,0,14,2873,481,0,14,0,14,0,14,0,14,0,14,29.3,4.9,0.0,1.6,100.0,1.6,0.0,1.6,0.0,1.6,0.0,1.6,0.0,1.6,0.0,1.6
72,Puerto Rico,PR,72059,Guayanilla,72059740200,"Census Tract 7402, Guayanilla Municipio, Puerto Rico",8.54520560298,4512,508,1937,168,1519,169,3199,495,256,129,205,96,516,131,161,103,708,170,981,231,512,138,188,93,3066,479,4490,505,0,19,8,13,61,60,241,90,60,38,71.5,7.6,17.8,7.6,13.5,6.1,17.4,4.4,3.6,2.3,15.7,3.8,21.7,4.5,11.5,3.1,12.4,6.0,71.0,7.7,99.5,15.8,0.0,1.0,0.4,0.6,4.0,3.9,15.9,5.8,1.3,0.8,0.7129,0.6388,0.1051,0.3261,0.154,1.9369,0.2419,0.1636,0.7551,0.0759,0.7844,0.701,2.48,0.4794,0.4193,0.4193,0.4193,0.0,0.7874,0.74,0.6052,0.805,2.9376,0.8829,7.7738,0.5976,0,0,0,0,0,0,0,0,0,0,0,0,0,0,0,0,0,0,0,0,0,2042,928,740,0,14,4471,504,18,27,0,14,0,14,0,14,1,4,20.8,2.4,0.0,1.0,99.1,0.8,0.4,0.6,0.0,1.0,0.0,1.0,0.0,1.0,0.0,0.1
72,Puerto Rico,PR,72059,Guayanilla,72059740300,"Census Tract 7403, Guayanilla Municipio, Puerto Rico",0.669208202684,3547,492,1591,166,1354,163,1994,389,432,184,191,100,382,179,94,87,841,178,691,219,548,178,153,72,2291,412,3538,495,94,62,0,14,7,18,180,77,28,28,56.7,7.8,33.7,11.0,14.1,7.2,14.9,6.2,2.7,2.6,23.7,5.3,19.5,5.6,15.6,4.7,11.3,5.1,66.9,7.7,99.7,1.9,5.9,3.8,0.0,2.9,0.5,1.3,13.3,5.6,0.8,0.8,0.377,0.9317,0.1213,0.2405,0.0781,1.7486,0.1681,0.6858,0.6056,0.1876,0.727,0.5829,2.7889,0.6746,0.4886,0.4886,0.4886,0.6793,0.0,0.2134,0.4599,0.7226,2.0752,0.5531,7.1013,0.4349,0,1,0,0,0,1,0,0,0,0,0,0,0,0,0,0,0,0,0,0,1,2979,722,692,0,14,3538,494,0,14,0,14,0,14,0,14,0,14,20.5,2.9,0.0,1.3,99.7,0.4,0.0,1.3,0.0,1.3,0.0,1.3,0.0,1.3,0.0,1.3
72,Puerto Rico,PR,72059,Guayanilla,72059740400,"Census Tract 7404, Guayanilla Municipio, Puerto Rico",15.380365061858,4960,648,2102,202,1660,206,3656,632,385,183,306,113,892,219,93,57,954,186,1146,269,640,201,180,88,3262,542,4960,648,0,19,12,18,101,71,210,92,0,14,73.7,8.3,25.0,11.1,18.4,6.4,27.0,5.7,1.9,1.2,19.2,3.9,23.1,4.5,12.9,4.1,10.8,5.1,69.9,7.2,100.0,0.0,0.0,0.9,0.6,0.9,6.1,4.2,12.7,5.6,0.0,0.3,0.7681,0.8221,0.2589,0.6587,0.0325,2.5403,0.539,0.3738,0.8375,0.1063,0.6988,0.6771,2.6935,0.6074,0.5536,0.5536,0.5536,0.0,0.8048,0.9112,0.4284,0.0,2.1444,0.5835,7.9318,0.6377,0,0,0,0,0,0,0,0,0,0,0,0,0,0,0,0,1,0,0,1,1,6265,754,907,0,14,4960,648,0,14,0,14,0,14,0,14,0,14,15.2,2.0,0.0,1.0,100.0,1.0,0.0,1.0,0.0,1.0,0.0,1.0,0.0,1.0,0.0,1.0
72,Puerto Rico,PR,72061,Guaynabo,72061040101,"Census Tract 401.01, Guaynabo Municipio, Puerto Rico",0.30659973718,1518,424,941,156,642,118,1036,399,0,14,153,99,476,186,121,85,317,133,253,192,425,174,29,48,833,234,1512,426,53,61,0,14,31,50,123,88,44,41,68.2,18.1,0.0,10.9,23.8,14.8,38.3,14.1,8.0,4.7,20.9,9.4,16.7,11.8,28.0,11.2,4.5,7.4,57.4,5.8,99.6,3.7,5.6,6.4,0.0,4.9,4.8,7.7,19.2,13.7,2.9,2.6,0.6327,0.0,0.5168,0.9198,0.6876,2.7569,0.6475,0.4962,0.3673,0.7939,0.2156,0.351,2.224,0.3384,0.4594,0.4594,0.4594,0.6696,0.0,0.8147,0.7267,0.9263,3.1373,0.9338,8.5776,0.7798,0,0,0,1,0,1,0,0,0,0,0,0,0,0,0,0,0,0,1,1,2,2802,766,509,0,14,1512,425,0,14,0,14,0,14,0,14,0,14,52.0,14.6,0.0,3.1,99.6,0.9,0.0,3.1,0.0,3.1,0.0,3.1,0.0,3.1,0.0,3.1
72,Puerto Rico,PR,72061,Guaynabo,72061040102,"Census Tract 401.02, Guaynabo Municipio, Puerto Rico",0.124499362104,1487,250,979,101,660,97,893,227,113,85,118,55,407,99,104,72,431,103,155,92,462,125,40,34,954,201,1487,252,0,19,0,14,6,16,204,80,7,4,60.1,11.4,18.1,11.6,17.9,7.9,34.6,6.0,7.0,4.5,29.0,6.6,10.4,5.9,31.3,7.7,6.1,5.1,65.0,8.5,100.0,2.1,0.0,1.9,0.0,4.7,0.9,2.4,30.9,10.5,0.5,0.3,0.442,0.6518,0.234,0.8635,0.5781,2.7694,0.654,0.8765,0.0585,0.9013,0.3489,0.5168,2.702,0.6106,0.5536,0.5536,0.5536,0.0,0.0,0.2622,0.9035,0.6165,1.7822,0.4078,7.8072,0.6117,0,0,0,0,0,0,0,0,1,0,0,1,0,0,0,0,0,1,0,1,2,1139,652,345,13,21,1474,250,0,14,0,14,0,14,0,14,0,14,44.1,7.5,0.9,1.4,99.1,1.4,0.0,3.1,0.0,3.1,0.0,3.1,0.0,3.1,0.0,3.1
72,Puerto Rico,PR,72061,Guaynabo,72061040103,"Census Tract 401.03, Guaynabo Municipio, Puerto Rico",0.128775827856,1896,404,872,110,633,102,1517,376,178,89,131,66,349,123,80,58,277,101,492,178,445,139,105,47,1223,297,1896,405,66,47,0,14,27,24,174,57,44,41,80.3,10.1,28.8,11.6,20.7,9.9,27.6,8.6,4.2,3.2,14.6,5.5,25.9,7.6,23.6,7.3,16.6,6.9,70.7,8.4,100.0,1.5,7.6,5.3,0.0,5.3,4.3,3.7,27.5,8.3,2.3,2.1,0.8992,0.8915,0.364,0.6793,0.2213,3.0553,0.7701,0.1138,0.9231,0.5835,0.9014,0.6956,3.2174,0.8579,0.5536,0.5536,0.5536,0.7226,0.0,0.7757,0.8688,0.9025,3.2696,0.9512,10.0959,0.9501,0,0,0,0,0,0,0,1,0,1,0,2,0,0,0,0,0,0,1,1,3,752,764,527,0,14,1896,404,0,14,0,14,0,14,0,14,0,14,41.3,8.9,0.0,2.5,100.0,2.5,0.0,2.5,0.0,2.5,0.0,2.5,0.0,2.5,0.0,2.5
72,Puerto Rico,PR,72061,Guaynabo,72061040200,"Census Tract 402, Guaynabo Municipio, Puerto Rico",2.52240822702,3195,589,1887,173,1326,172,1186,311,372,193,347,121,308,155,206,128,850,181,384,178,763,199,14,26,1000,299,3133,553,392,102,0,14,0,19,106,66,0,14,37.1,6.9,25.3,10.4,26.2,8.5,11.9,5.9,6.5,3.9,26.6,6.0,12.0,5.1,24.0,6.6,1.1,2.0,32.6,7.7,98.1,25.0,20.8,5.1,0.0,2.5,0.0,1.4,8.0,4.9,0.0,0.4,0.091,0.8286,0.6327,0.1452,0.5184,2.2159,0.3829,0.8072,0.1083,0.5998,0.0314,0.0693,1.616,0.0976,0.1452,0.1452,0.1452,0.8559,0.0,0.0,0.1746,0.0,1.0305,0.1095,5.0076,0.0792,0,0,0,0,0,0,0,0,0,0,0,0,0,0,0,0,0,0,0,0,0,34037,594,832,0,14,3098,551,35,42,0,14,0,14,0,14,0,14,18.6,3.4,0.0,1.5,97.0,2.6,1.1,1.2,0.0,1.5,0.0,1.5,0.0,1.5,0.0,1.5
72,Puerto Rico,PR,72061,Guaynabo,72061040301,"Census Tract 403.01, Guaynabo Municipio, Puerto Rico",0.20177883571,1592,260,994,95,786,98,235,82,23,20,193,67,71,52,145,91,465,98,264,117,314,103,28,22,282,101,1573,252,617,83,0,14,0,19,61,33,0,14,14.8,4.5,3.3,2.7,24.6,8.0,5.3,3.7,9.2,5.5,29.2,7.5,16.6,6.8,19.9,6.3,3.6,2.8,18.3,5.9,98.8,22.6,62.1,5.9,0.0,4.7,0.0,2.4,7.8,4.3,0.0,0.9,0.0098,0.0499,0.5525,0.0379,0.7711,1.4212,0.0716,0.8808,0.3619,0.3688,0.1452,0.0217,1.7784,0.1323,0.2427,0.2427,0.2427,0.9686,0.0,0.0,0.1605,0.0,1.1291,0.1356,4.5714,0.0347,0,0,0,0,0,0,0,0,0,0,0,0,0,0,1,0,0,0,0,1,1,704,158,366,0,14,1559,250,0,14,0,14,0,14,0,14,14,22,9.9,1.6,0.0,2.9,97.9,1.9,0.0,2.9,0.0,2.9,0.0,2.9,0.0,2.9,0.9,1.3
72,Puerto Rico,PR,72061,Guaynabo,72061040302,"Census Tract 403.02, Guaynabo Municipio, Puerto Rico",0.419126076264,2482,447,1482,152,1245,153,724,319,33,46,394,122,95,49,125,126,953,190,168,119,623,145,26,34,446,164,2463,445,1119,158,0,14,19,34,227,75,6,4,29.2,11.7,3.8,5.0,31.6,9.0,4.4,2.4,5.0,4.8,38.4,7.9,6.8,4.6,25.1,5.8,2.1,2.7,18.3,5.8,99.2,1.5,75.5,7.3,0.0,3.2,1.5,2.7,18.2,5.7,0.2,0.2,0.0542,0.064,0.8299,0.0293,0.3275,1.3049,0.051,0.9924,0.0173,0.654,0.0585,0.0217,1.7439,0.1226,0.3218,0.3218,0.3218,0.9837,0.0,0.3759,0.6941,0.4735,2.5272,0.7603,5.8978,0.1876,0,0,0,0,0,0,1,0,0,0,0,1,0,0,1,0,0,0,0,1,2,7924,465,639,0,14,2463,444,0,14,0,14,0,14,0,14,0,14,18.8,3.4,0.0,1.9,99.2,1.2,0.0,1.9,0.0,1.9,0.0,1.9,0.0,1.9,0.0,1.9
72,Puerto Rico,PR,72061,Guaynabo,72061040303,"Census Tract 403.03, Guaynabo Municipio, Puerto Rico",0.194962977104,1664,322,1130,138,833,129,370,177,69,50,245,108,26,31,148,149,645,152,114,105,319,115,25,27,330,151,1634,324,894,131,0,14,0,19,76,72,0,14,22.2,9.7,8.3,6.0,29.4,12.1,1.9,2.2,8.9,8.5,38.8,11.0,6.9,6.2,19.2,7.5,3.0,3.2,20.1,8.3,98.2,4.2,79.1,6.4,0.0,4.1,0.0,2.3,9.1,8.3,0.0,0.8,0.0271,0.2245,0.7573,0.0087,0.7484,1.766,0.1779,0.9957,0.0184,0.3319,0.1029,0.0293,1.4782,0.0716,0.1593,0.1593,0.1593,0.9892,0.0,0.0,0.2332,0.0,1.2224,0.1681,4.6259,0.0434,0,0,0,0,0,0,1,0,0,0,0,1,0,0,1,0,0,0,0,1,2,1181,109,455,0,14,1634,323,0,14,0,14,0,14,0,14,0,14,6.6,1.3,0.0,2.8,98.2,2.2,0.0,2.8,0.0,2.8,0.0,2.8,0.0,2.8,0.0,2.8
72,Puerto Rico,PR,72061,Guaynabo,72061040304,"Census Tract 403.04, Guaynabo Municipio, Puerto Rico",0.726562496478,5023,775,2277,226,1830,225,1024,420,98,98,691,215,135,128,351,185,1230,313,747,274,727,303,37,63,930,372,4887,748,408,151,0,20,23,42,163,100,0,20,20.6,7.9,3.9,4.0,37.8,10.8,3.5,3.3,7.1,3.4,24.5,6.4,14.9,4.9,14.7,6.0,2.0,3.4,19.1,7.1,97.3,21.1,17.9,6.4,0.0,2.1,1.3,2.3,8.9,5.2,0.0,0.4,0.0228,0.0683,0.9285,0.0217,0.5857,1.627,0.1247,0.7291,0.2416,0.1573,0.0553,0.026,1.2093,0.0315,0.0953,0.0953,0.0953,0.8353,0.0,0.3326,0.2158,0.0,1.3837,0.2213,4.3153,0.026,0,0,1,0,0,1,0,0,0,0,0,0,0,0,0,0,0,0,0,0,1,2534,345,1115,0,20,4887,747,0,20,0,20,0,20,0,20,0,20,6.9,1.1,0.0,0.9,97.3,2.5,0.0,0.9,0.0,0.9,0.0,0.9,0.0,0.9,0.0,0.9
72,Puerto Rico,PR,72061,Guaynabo,72061040411,"Census Tract 404.11, Guaynabo Municipio, Puerto Rico",0.674042971928,4859,608,2105,181,1773,169,1458,406,204,123,345,116,127,59,117,105,979,218,1198,288,728,222,222,87,985,248,4785,601,797,146,0,14,42,33,218,99,17,20,30.1,7.5,9.4,5.4,19.5,6.3,3.9,1.8,2.4,2.2,20.1,4.7,24.7,5.1,15.1,4.5,12.5,4.8,22.3,4.9,98.5,1.0,37.9,6.1,0.0,2.2,2.4,1.8,12.3,5.3,0.3,0.4,0.0563,0.2885,0.3001,0.0238,0.0575,0.7262,0.0054,0.4388,0.9003,0.1703,0.7876,0.0336,2.3306,0.3829,0.1874,0.1874,0.1874,0.9372,0.0,0.5309,0.4067,0.5255,2.4003,0.7028,5.6445,0.154,0,0,0,0,0,0,0,1,0,0,0,1,0,0,1,0,0,0,0,1,2,10630,373,868,1,2,4784,601,0,14,0,14,0,14,0,14,0,14,7.7,1.0,0.0,0.1,98.5,1.2,0.0,1.0,0.0,1.0,0.0,1.0,0.0,1.0,0.0,1.0
72,Puerto Rico,PR,72061,Guaynabo,72061040412,"Census Tract 404.12, Guaynabo Municipio, Puerto Rico",0.202560306158,1668,276,842,108,638,90,244,102,96,65,158,65,46,33,87,48,442,118,250,109,317,115,0,19,292,99,1632,274,34,26,0,14,6,16,33,26,0,14,14.6,5.6,10.8,6.5,24.8,9.6,3.4,2.6,5.3,2.7,26.5,8.0,15.0,6.0,19.1,6.5,0.0,3.0,18.7,5.6,97.8,2.8,4.0,3.0,0.0,5.5,0.9,2.5,5.2,3.9,0.0,0.8,0.0087,0.3579,0.5655,0.0184,0.359,1.3095,0.0521,0.8007,0.2492,0.3275,0.0,0.0249,1.4023,0.0564,0.1224,0.1224,0.1224,0.6186,0.0,0.2622,0.0672,0.0,0.948,0.0879,3.7822,0.0163,0,0,0,0,0,0,0,0,0,0,0,0,0,0,0,0,0,0,0,0,0,534,211,390,5,8,1612,273,10,15,0,14,0,14,5,9,0,14,12.6,2.1,0.3,0.5,96.6,2.4,0.6,0.9,0.0,2.8,0.0,2.8,0.3,0.5,0.0,2.8
72,Puerto Rico,PR,72061,Guaynabo,72061040422,"Census Tract 404.22, Guaynabo Municipio, Puerto Rico",0.285291153902,2849,443,1349,157,1060,132,975,289,151,81,289,108,239,121,258,128,858,226,283,133,543,156,101,67,843,261,2823,456,312,104,0,14,0,19,152,66,115,77,34.4,8.7,11.9,6.3,27.3,9.6,10.5,4.8,9.1,4.4,30.1,7.4,9.9,4.4,19.1,5.1,9.5,6.2,30.3,8.1,99.1,4.3,23.1,7.2,0.0,3.5,0.0,1.8,14.3,6.2,4.0,2.6,0.0715,0.3991,0.675,0.1127,0.7625,2.0208,0.2831,0.9025,0.0466,0.3275,0.6056,0.0585,1.9407,0.192,0.2914,0.2914,0.2914,0.8776,0.0,0.0,0.5152,0.9534,2.3462,0.6822,6.5991,0.3232,0,0,0,0,0,0,1,0,0,0,0,1,0,0,0,0,0,0,1,1,2,2211,476,592,77,115,2723,440,0,14,0,14,0,14,0,14,23,35,17.4,2.7,2.7,4.1,95.6,4.8,0.0,1.7,0.0,1.7,0.0,1.7,0.0,1.7,0.8,1.2
72,Puerto Rico,PR,72061,Guaynabo,72061040432,"Census Tract 404.32, Guaynabo Municipio, Puerto Rico",0.2689393481,2547,581,1165,157,969,155,842,401,109,84,245,108,369,189,124,141,687,231,295,167,763,268,44,51,869,306,2547,582,17,30,0,14,0,19,71,42,0,14,33.1,13.8,9.0,6.1,25.3,10.4,17.7,6.9,4.9,5.2,27.0,7.8,11.6,6.0,30.0,7.8,4.5,5.2,34.6,9.2,100.0,1.3,1.5,2.6,0.0,4.0,0.0,2.0,7.3,4.4,0.0,0.5,0.0639,0.2614,0.5894,0.3369,0.3156,1.5672,0.1052,0.8202,0.0932,0.8698,0.2156,0.0726,2.0714,0.2592,0.5536,0.5536,0.5536,0.5016,0.0,0.0,0.1323,0.0,0.6339,0.026,4.8261,0.064,0,0,0,0,0,0,0,0,0,0,0,0,0,0,0,0,0,0,0,0,0,1176,315,809,0,14,2547,581,0,14,0,14,0,14,0,14,0,14,12.4,2.8,0.0,1.8,100.0,1.8,0.0,1.8,0.0,1.8,0.0,1.8,0.0,1.8,0.0,1.8
72,Puerto Rico,PR,72061,Guaynabo,72061040442,"Census Tract 404.42, Guaynabo Municipio, Puerto Rico",0.42499984599,3113,603,1451,175,1219,184,767,337,43,42,382,137,277,169,208,132,635,167,602,276,622,222,53,51,792,256,3040,603,202,97,0,14,11,22,109,78,25,31,24.8,9.8,3.3,3.2,31.3,10.2,12.1,6.3,6.7,4.3,20.4,5.9,19.3,8.0,20.1,6.3,4.3,4.1,26.8,6.9,97.7,4.1,13.9,6.5,0.0,3.2,0.9,1.8,8.9,6.3,0.8,1.0,0.0303,0.0499,0.8223,0.1495,0.5434,1.5954,0.115,0.4594,0.5883,0.3764,0.195,0.0466,1.6657,0.1095,0.1181,0.1181,0.1181,0.8007,0.0,0.2622,0.2158,0.7226,2.0013,0.5076,5.3805,0.1095,0,0,0,0,0,0,0,0,0,0,0,0,0,0,0,0,0,0,0,0,0,1682,423,853,0,14,3040,603,0,14,0,14,0,14,0,14,0,14,13.7,2.7,0.0,1.5,97.7,2.8,0.0,1.5,0.0,1.5,0.0,1.5,0.0,1.5,0.0,1.5
72,Puerto Rico,PR,72061,Guaynabo,72061040443,"Census Tract 404.43, Guaynabo Municipio, Puerto Rico",0.717104927988,6297,983,2590,267,2093,242,3079,878,296,173,441,198,304,163,508,288,1157,297,1394,428,1257,318,388,202,2382,687,6229,983,762,210,0,20,84,81,252,146,0,20,48.9,11.7,10.1,4.7,21.1,9.1,7.4,3.6,8.1,4.1,18.4,4.6,22.1,5.9,20.0,5.0,18.5,9.4,39.2,9.4,98.9,2.3,29.4,7.5,0.0,1.8,4.0,3.8,12.0,6.8,0.0,0.3,0.2243,0.3341,0.3857,0.0639,0.6974,1.7054,0.1529,0.3239,0.7801,0.372,0.9263,0.0997,2.502,0.4881,0.2579,0.2579,0.2579,0.9101,0.0,0.74,0.3872,0.0,2.0373,0.5293,6.5026,0.2983,0,0,0,0,0,0,0,0,0,1,0,1,0,0,1,0,0,0,0,1,2,7123,507,1431,0,20,6229,982,0,20,0,20,0,20,0,20,0,20,8.1,1.3,0.0,0.8,98.9,0.9,0.0,0.8,0.0,0.8,0.0,0.8,0.0,0.8,0.0,0.8
72,Puerto Rico,PR,72061,Guaynabo,72061040444,"Census Tract 404.44, Guaynabo Municipio, Puerto Rico",0.571885402054,2836,656,1558,261,1178,240,209,138,134,136,325,155,87,68,217,163,508,226,301,189,239,116,14,27,443,274,2836,656,358,158,0,14,0,19,20,31,18,26,7.4,4.6,8.6,7.7,27.6,11.9,4.0,3.1,7.7,5.0,17.9,7.5,10.6,6.2,8.4,3.8,1.2,2.3,15.6,9.0,100.0,0.0,23.0,9.4,0.0,3.0,0.0,1.6,1.7,2.6,0.6,0.9,0.0022,0.243,0.6912,0.0249,0.6562,1.6175,0.1226,0.2979,0.0639,0.0304,0.0336,0.0098,0.4356,0.0033,0.5536,0.5536,0.5536,0.8765,0.0,0.0,0.0163,0.6522,1.545,0.3037,4.1517,0.0228,0,0,0,0,0,0,0,0,0,0,0,0,0,0,0,0,0,0,0,0,0,1587,190,914,0,14,2836,656,0,14,0,14,0,14,0,14,0,14,6.7,1.6,0.0,1.7,100.0,1.7,0.0,1.7,0.0,1.7,0.0,1.7,0.0,1.7,0.0,1.7
72,Puerto Rico,PR,72061,Guaynabo,72061040445,"Census Tract 404.45, Guaynabo Municipio, Puerto Rico",0.402560756056,1852,539,1058,187,747,188,707,419,36,58,213,121,138,100,174,162,587,194,216,206,497,207,58,65,650,273,1832,538,295,117,0,14,0,19,0,14,61,42,39.1,20.0,4.9,7.4,28.5,14.5,9.0,6.7,9.6,8.1,31.7,11.4,11.7,10.6,27.5,8.5,7.8,8.5,35.1,10.6,98.9,3.9,27.9,9.9,0.0,4.4,0.0,2.5,0.0,6.2,3.3,2.1,0.1083,0.0998,0.7237,0.0878,0.7961,1.8157,0.1941,0.9393,0.0964,0.7755,0.4865,0.0737,2.3714,0.398,0.2579,0.2579,0.2579,0.9014,0.0,0.0,0.0,0.9393,1.8407,0.4306,6.2857,0.2516,0,0,0,0,0,0,1,0,0,0,0,1,0,0,1,0,0,0,1,2,3,1044,337,783,0,14,1832,537,0,14,0,14,0,14,0,14,0,14,18.8,5.7,0.0,2.5,98.9,1.7,0.0,2.5,0.0,2.5,0.0,2.5,0.0,2.5,0.0,2.5
72,Puerto Rico,PR,72061,Guaynabo,72061040446,"Census Tract 404.46, Guaynabo Municipio, Puerto Rico",0.553057138024,3811,809,1500,211,1331,214,1105,482,78,89,290,150,435,249,266,135,617,215,726,319,609,319,83,82,1183,434,3775,803,215,119,0,14,83,79,49,46,16,28,29.1,11.1,4.1,4.6,21.8,10.7,15.1,7.6,7.0,3.5,16.2,5.6,19.1,7.3,16.0,7.0,6.2,6.1,31.9,9.7,99.1,1.2,14.3,7.7,0.0,3.1,6.2,5.9,3.7,3.5,0.4,0.7,0.052,0.0738,0.4225,0.247,0.5781,1.3734,0.0629,0.1885,0.572,0.1996,0.3564,0.0672,1.3837,0.0521,0.2914,0.2914,0.2914,0.805,0.0,0.9187,0.0401,0.5688,2.3326,0.6735,5.3811,0.1106,0,0,0,0,0,0,0,0,0,0,0,0,0,0,0,0,1,0,0,1,1,1716,239,1144,0,14,3775,803,0,14,0,14,0,14,0,14,0,14,6.3,1.4,0.0,1.2,99.1,1.5,0.0,1.2,0.0,1.2,0.0,1.2,0.0,1.2,0.0,1.2
72,Puerto Rico,PR,72061,Guaynabo,72061040500,"Census Tract 405, Guaynabo Municipio, Puerto Rico",0.598343427706,4024,633,2050,180,1589,172,1704,624,172,118,482,158,452,268,87,65,674,205,735,275,906,275,168,98,1483,415,3998,636,599,176,0,14,41,50,214,101,0,14,42.3,14.0,8.2,5.3,30.3,9.4,16.4,8.2,2.2,1.6,16.7,5.4,18.3,6.2,22.7,5.2,10.6,6.1,39.0,9.1,99.4,2.3,29.2,8.2,0.0,2.3,2.6,3.1,13.5,6.5,0.0,0.3,0.1365,0.2202,0.7876,0.2969,0.0466,1.4878,0.0824,0.2232,0.5038,0.5412,0.6847,0.0986,2.0515,0.2516,0.3694,0.3694,0.3694,0.9079,0.0,0.5666,0.4751,0.0,1.9496,0.4816,5.8583,0.1855,0,0,0,0,0,0,0,0,0,0,0,0,0,0,1,0,0,0,0,1,1,7720,636,891,0,14,3998,636,0,14,0,14,0,14,0,14,0,14,15.8,2.5,0.0,1.2,99.4,0.6,0.0,1.2,0.0,1.2,0.0,1.2,0.0,1.2,0.0,1.2
72,Puerto Rico,PR,72061,Guaynabo,72061040601,"Census Tract 406.01, Guaynabo Municipio, Puerto Rico",1.227056480426,3986,576,1850,155,1406,155,1351,383,243,109,347,123,540,187,243,133,909,189,639,202,1119,294,143,87,2012,438,3963,576,46,48,12,19,48,46,105,72,25,24,34.5,8.4,14.1,6.5,24.7,8.3,17.4,5.5,6.1,3.2,22.8,4.8,16.0,4.5,28.3,6.6,10.2,6.1,52.8,8.7,99.4,1.6,2.5,2.6,0.6,1.0,3.4,3.3,7.5,5.0,0.6,0.6,0.0726,0.4989,0.5601,0.3261,0.4642,1.9219,0.2386,0.6316,0.3131,0.8091,0.6598,0.2492,2.6628,0.5868,0.3694,0.3694,0.3694,0.558,0.8048,0.6663,0.1432,0.6522,2.8245,0.8525,7.7786,0.6009,0,0,0,0,0,0,0,0,0,0,0,0,0,0,0,0,0,0,0,0,0,2196,500,831,0,14,3963,575,0,14,0,14,0,14,0,14,0,14,12.6,1.8,0.0,1.2,99.4,1.0,0.0,1.2,0.0,1.2,0.0,1.2,0.0,1.2,0.0,1.2
72,Puerto Rico,PR,72061,Guaynabo,72061040603,"Census Tract 406.03, Guaynabo Municipio, Puerto Rico",0.378096561132,3530,658,1336,220,1308,216,925,425,139,132,313,140,144,114,263,216,789,276,570,274,668,236,27,45,779,333,3301,691,81,65,0,14,0,19,147,112,0,14,26.2,11.0,9.4,8.1,23.9,9.9,5.5,4.2,7.6,5.8,22.4,8.1,16.1,7.2,19.2,6.6,2.1,3.4,22.6,8.7,93.5,8.9,6.1,4.8,0.0,3.5,0.0,1.5,11.2,7.9,0.0,0.4,0.0379,0.2885,0.5222,0.0401,0.6421,1.5308,0.0933,0.5991,0.3229,0.3319,0.0585,0.0358,1.3482,0.0488,0.0228,0.0228,0.0228,0.6891,0.0,0.0,0.3449,0.0,1.034,0.1117,3.9358,0.0184,0,0,0,0,0,0,0,0,0,0,0,0,0,0,0,0,0,0,0,0,0,1417,471,931,0,14,3301,691,0,14,0,14,0,14,0,14,0,14,13.3,2.5,0.0,1.3,93.5,10.1,0.0,1.3,0.0,1.3,0.0,1.3,0.0,1.3,0.0,1.3
72,Puerto Rico,PR,72061,Guaynabo,72061040604,"Census Tract 406.04, Guaynabo Municipio, Puerto Rico",0.558775308644,5261,1043,1899,257,1667,244,665,499,263,177,212,134,172,153,325,238,830,285,808,343,1024,443,36,60,1496,491,5075,1052,425,162,0,20,28,50,26,42,0,20,12.6,9.2,10.1,6.5,12.7,7.8,4.3,3.8,6.2,4.3,15.8,5.8,15.4,5.8,19.5,7.8,2.2,3.6,28.7,7.6,96.5,5.8,22.4,8.0,0.0,2.5,1.7,3.0,1.6,2.5,0.0,0.4,0.0065,0.3341,0.091,0.0271,0.4783,0.937,0.0163,0.169,0.2795,0.3557,0.0639,0.052,0.9201,0.0108,0.0672,0.0672,0.0672,0.8678,0.0,0.4139,0.0152,0.0,1.2969,0.192,3.2212,0.0022,0,0,0,0,0,0,0,0,0,0,0,0,0,0,0,0,0,0,0,0,0,2258,368,1475,0,20,5005,1049,0,20,0,20,0,20,70,78,0,20,7.0,1.4,0.0,0.9,95.1,5.3,0.0,0.9,0.0,0.9,0.0,0.9,1.3,1.4,0.0,0.9
72,Puerto Rico,PR,72061,Guaynabo,72061040701,"Census Tract 407.01, Guaynabo Municipio, Puerto Rico",1.957409340238,2783,765,1132,211,957,196,1601,747,148,133,211,139,649,236,134,121,559,216,650,368,879,275,68,76,1899,629,2783,765,0,19,0,14,40,66,289,155,0,14,57.5,21.7,14.2,11.4,22.0,13.8,31.6,9.7,4.8,4.2,20.1,7.4,23.4,11.6,31.6,9.6,7.1,7.8,72.7,15.0,100.0,0.0,0.0,1.7,0.0,4.1,4.2,6.8,30.2,14.8,0.0,0.5,0.3846,0.5054,0.4312,0.7985,0.2972,2.4169,0.4848,0.4388,0.8516,0.9035,0.4236,0.7606,3.3781,0.9197,0.5536,0.5536,0.5536,0.0,0.0,0.7692,0.897,0.0,1.6662,0.3514,8.0148,0.6562,0,0,0,0,0,0,0,0,1,0,0,1,0,0,0,0,0,0,0,0,1,1058,625,1127,0,14,2783,765,0,14,0,14,0,14,0,14,0,14,22.5,6.2,0.0,1.7,100.0,1.7,0.0,1.7,0.0,1.7,0.0,1.7,0.0,1.7,0.0,1.7
72,Puerto Rico,PR,72061,Guaynabo,72061040702,"Census Tract 407.02, Guaynabo Municipio, Puerto Rico",1.9716684732,4733,1056,2053,248,1399,264,2203,784,135,115,209,134,714,302,719,455,797,262,718,310,1198,354,112,100,2558,699,4733,1056,117,86,0,14,25,42,171,135,74,82,47.2,13.0,6.1,5.4,14.9,9.2,21.3,8.1,15.4,8.5,16.8,5.3,15.2,5.6,25.7,6.0,8.0,7.0,56.0,9.2,100.0,0.0,5.7,4.1,0.0,2.3,1.8,3.0,12.2,9.3,1.6,1.7,0.2015,0.1399,0.143,0.4735,0.9544,1.9123,0.2321,0.2286,0.2622,0.6941,0.5016,0.3153,2.0018,0.2191,0.5536,0.5536,0.5536,0.6728,0.0,0.4345,0.3959,0.8472,2.3504,0.6844,6.8181,0.3666,0,0,0,0,1,1,0,0,0,0,0,0,0,0,0,0,0,0,0,0,1,2310,860,1465,0,14,4733,1056,0,14,0,14,0,14,0,14,0,14,18.5,4.2,0.0,1.0,100.0,1.0,0.0,1.0,0.0,1.0,0.0,1.0,0.0,1.0,0.0,1.0
72,Puerto Rico,PR,72061,Guaynabo,72061040800,"Census Tract 408, Guaynabo Municipio, Puerto Rico",1.752803465684,3181,494,1513,150,1144,147,1811,448,200,140,208,110,1049,384,331,186,802,255,289,126,1234,337,90,65,2051,471,3162,506,0,19,26,30,27,26,177,86,95,143,58.3,10.9,14.2,8.9,18.2,9.3,38.8,12.0,10.7,5.5,25.2,7.4,9.1,3.7,39.7,9.0,7.9,5.6,65.0,11.0,99.4,3.8,0.0,1.3,1.7,2.0,2.4,2.3,15.5,7.3,3.0,4.5,0.4041,0.5054,0.2438,0.9285,0.8449,2.9267,0.7137,0.7573,0.0347,0.9902,0.4962,0.5168,2.7952,0.68,0.3694,0.3694,0.3694,0.0,0.9599,0.5309,0.5911,0.9307,3.0126,0.9013,9.1039,0.8482,0,0,0,1,0,1,0,0,1,0,0,1,0,0,0,1,0,0,1,2,4,1211,1191,670,0,14,3123,502,0,14,0,14,0,14,39,63,0,14,38.6,6.3,0.0,1.5,98.2,2.9,0.0,1.5,0.0,1.5,0.0,1.5,1.2,2.0,0.0,1.5
72,Puerto Rico,PR,72061,Guaynabo,72061040900,"Census Tract 409, Guaynabo Municipio, Puerto Rico",5.066598012268,3854,652,1537,153,1193,148,2415,492,159,122,228,94,941,278,312,167,725,210,630,209,1188,293,97,63,2474,513,3854,652,0,19,18,30,58,53,177,88,16,33,62.7,7.1,9.0,6.6,19.1,7.5,33.5,7.6,8.1,4.2,18.8,5.2,16.3,4.7,30.8,6.1,8.1,5.2,67.6,8.1,100.0,0.0,0.0,1.2,1.2,2.0,4.9,4.4,14.8,7.3,0.4,0.9,0.4984,0.2614,0.2795,0.8429,0.6974,2.5796,0.5629,0.3521,0.3315,0.8861,0.5146,0.6056,2.6899,0.6052,0.5536,0.5536,0.5536,0.0,0.9132,0.8299,0.5445,0.5688,2.8564,0.8633,8.6795,0.7983,0,0,0,0,0,0,0,0,0,0,0,0,0,0,0,1,0,0,0,1,1,1911,1258,940,0,14,3854,652,0,14,0,14,0,14,0,14,0,14,32.8,5.6,0.0,1.2,100.0,1.2,0.0,1.2,0.0,1.2,0.0,1.2,0.0,1.2,0.0,1.2
72,Puerto Rico,PR,72061,Guaynabo,72061041000,"Census Tract 410, Guaynabo Municipio, Puerto Rico",1.869952217912,1931,504,1099,159,764,140,1133,356,86,80,80,68,339,178,98,100,587,190,188,139,875,283,18,31,1341,357,1931,505,184,86,0,14,44,54,77,44,39,48,58.9,10.2,12.1,7.8,10.5,8.7,24.6,10.8,5.1,5.3,30.4,10.3,9.7,6.7,45.5,12.8,2.4,4.0,69.4,3.7,100.0,1.6,16.7,7.4,0.0,4.2,5.8,7.0,10.1,5.9,2.0,2.4,0.4128,0.41,0.0433,0.5905,0.3384,1.795,0.1876,0.9101,0.0433,0.9989,0.0748,0.662,2.6891,0.6041,0.5536,0.5536,0.5536,0.8267,0.0,0.896,0.2842,0.8873,2.8942,0.8731,7.9319,0.6388,0,0,0,0,0,0,1,0,1,0,0,2,0,0,0,0,0,0,0,0,2,1117,655,714,0,14,1931,504,0,14,0,14,0,14,0,14,0,14,34.6,9.2,0.0,2.4,100.0,2.4,0.0,2.4,0.0,2.4,0.0,2.4,0.0,2.4,0.0,2.4
72,Puerto Rico,PR,72061,Guaynabo,72061041100,"Census Tract 411, Guaynabo Municipio, Puerto Rico",3.47905701344,3340,637,1605,170,1075,161,1436,486,108,90,184,86,400,153,107,82,690,209,690,287,924,286,39,47,1185,294,3305,634,0,19,0,14,34,41,99,67,20,31,43.0,12.0,6.9,5.7,17.1,7.6,16.9,6.1,3.2,2.4,20.7,5.9,20.7,7.6,27.7,8.5,3.6,4.3,38.1,6.2,99.0,2.0,0.0,1.2,0.0,2.9,3.2,3.8,9.2,6.3,0.6,0.9,0.1495,0.1681,0.2134,0.3153,0.1128,0.9591,0.0206,0.4854,0.6988,0.782,0.1452,0.0932,2.2046,0.3232,0.2774,0.2774,0.2774,0.0,0.0,0.6403,0.2386,0.6522,1.5311,0.2928,4.9722,0.077,0,0,0,0,0,0,0,0,0,0,0,0,0,0,0,0,0,0,0,0,0,1377,763,892,0,14,3305,634,0,14,0,14,0,14,0,14,0,14,23.0,4.4,0.0,1.4,99.0,1.7,0.0,1.4,0.0,1.4,0.0,1.4,0.0,1.4,0.0,1.4
72,Puerto Rico,PR,72063,Gurabo,72063210100,"Census Tract 2101, Gurabo Municipio, Puerto Rico",8.318381102734,3662,647,1445,179,1244,164,2180,441,320,239,264,111,1000,222,274,154,809,164,585,282,931,240,75,79,2474,549,3623,612,0,19,0,14,57,57,199,91,0,14,59.5,5.9,20.5,12.5,21.2,8.5,35.9,7.0,7.5,3.7,22.1,5.8,16.0,7.2,25.4,6.8,6.0,6.3,70.3,9.2,98.9,24.2,0.0,1.3,0.0,3.2,4.6,4.5,16.0,6.7,0.0,0.4,0.429,0.7245,0.3922,0.8895,0.6323,3.0675,0.7755,0.585,0.3131,0.6735,0.3424,0.6826,2.5966,0.5466,0.2579,0.2579,0.2579,0.0,0.0,0.7952,0.6128,0.0,1.408,0.2332,7.33,0.4848,0,0,0,0,0,0,0,0,0,0,0,0,0,0,0,0,0,0,0,0,0,2086,1250,909,0,14,3574,608,0,14,0,14,0,14,0,14,49,69,34.1,6.0,0.0,1.3,97.6,2.1,0.0,1.3,0.0,1.3,0.0,1.3,0.0,1.3,1.3,1.8
72,Puerto Rico,PR,72063,Gurabo,72063210201,"Census Tract 2102.01, Gurabo Municipio, Puerto Rico",3.606118548416,3878,881,1287,166,1083,175,1336,538,247,166,302,139,555,270,157,123,343,135,1146,410,825,292,90,72,1881,466,3800,865,0,19,0,14,24,42,104,57,0,14,34.5,11.4,14.7,8.5,27.9,12.0,22.9,9.3,4.0,3.1,8.8,3.5,29.6,8.2,21.3,6.8,8.3,6.5,52.5,4.5,98.0,1.4,0.0,1.5,0.0,3.6,2.2,3.9,9.6,5.4,0.0,0.4,0.0726,0.5282,0.6999,0.5265,0.1985,2.0257,0.2874,0.0238,0.9707,0.4544,0.5309,0.2427,2.2225,0.3341,0.1343,0.1343,0.1343,0.0,0.0,0.5049,0.2581,0.0,0.763,0.0499,5.1455,0.0889,0,0,0,0,0,0,0,1,0,0,0,1,0,0,0,0,0,0,0,0,1,2009,600,1215,0,14,3755,863,12,20,0,14,0,14,0,14,33,53,15.5,3.5,0.0,1.2,96.8,2.0,0.3,0.5,0.0,1.2,0.0,1.2,0.0,1.2,0.9,1.4
72,Puerto Rico,PR,72063,Gurabo,72063210203,"Census Tract 2102.03, Gurabo Municipio, Puerto Rico",1.451696415556,4124,1001,1555,282,1341,257,2085,752,338,197,336,163,467,270,594,376,387,252,868,412,955,358,173,130,2635,664,4044,986,0,19,0,14,34,59,113,98,0,14,50.6,13.5,16.4,9.3,25.1,11.2,17.6,9.4,14.4,8.2,9.4,6.1,21.0,8.6,23.2,7.9,12.9,9.4,64.8,4.5,98.1,2.2,0.0,1.2,0.0,3.0,2.5,4.4,8.4,7.0,0.0,0.3,0.2524,0.5911,0.5785,0.3337,0.9371,2.6928,0.6128,0.0282,0.7151,0.5629,0.8093,0.507,2.6225,0.5651,0.1452,0.1452,0.1452,0.0,0.0,0.5558,0.1876,0.0,0.7434,0.0434,6.2039,0.2375,0,0,0,0,1,1,0,0,0,0,0,0,0,0,0,0,0,0,0,0,1,3156,760,1436,0,14,4044,986,0,14,0,14,0,14,0,14,0,14,18.4,4.5,0.0,1.1,98.1,2.2,0.0,1.1,0.0,1.1,0.0,1.1,0.0,1.1,0.0,1.1
72,Puerto Rico,PR,72063,Gurabo,72063210204,"Census Tract 2102.04, Gurabo Municipio, Puerto Rico",2.921790977514,4496,1081,1875,303,1596,307,2011,714,204,132,465,210,538,231,356,241,565,218,1070,376,1296,456,242,141,2598,749,4369,1092,0,19,0,14,0,19,154,106,18,33,44.9,11.7,9.4,6.1,29.1,11.9,18.0,8.0,7.9,5.1,12.6,4.6,23.8,6.1,28.9,9.1,15.2,8.3,62.6,9.5,97.2,6.6,0.0,1.0,0.0,2.5,0.0,1.2,9.6,6.4,0.4,0.7,0.1712,0.2885,0.7465,0.3489,0.6746,2.2297,0.3915,0.0618,0.8646,0.8297,0.8732,0.4605,3.0898,0.8178,0.091,0.091,0.091,0.0,0.0,0.0,0.2581,0.5688,0.8269,0.0607,6.2374,0.244,0,0,0,0,0,0,0,0,0,0,0,0,0,0,0,0,0,0,0,0,0,2176,697,1488,0,14,4369,1092,0,14,0,14,0,14,0,14,0,14,15.6,3.8,0.0,1.0,97.2,2.8,0.0,1.0,0.0,1.0,0.0,1.0,0.0,1.0,0.0,1.0
72,Puerto Rico,PR,72063,Gurabo,72063210300,"Census Tract 2103, Gurabo Municipio, Puerto Rico",0.216234108488,1800,428,1035,125,677,118,1462,389,240,119,178,76,308,106,129,74,213,66,399,159,599,164,125,55,1364,285,1788,424,0,19,0,14,41,35,171,67,0,14,81.2,9.7,29.5,11.1,26.3,10.2,25.9,9.0,7.2,3.6,11.8,4.0,22.2,7.1,33.3,7.7,18.5,7.5,78.7,25.0,99.3,33.4,0.0,1.8,0.0,4.5,6.1,5.1,25.3,9.3,0.0,0.8,0.9133,0.898,0.636,0.6295,0.5965,3.6733,0.9252,0.0488,0.7898,0.9371,0.9263,0.8982,3.6002,0.9696,0.3402,0.3402,0.3402,0.0,0.0,0.9112,0.8275,0.0,1.7387,0.3839,9.3524,0.8829,1,0,0,0,0,1,0,0,1,1,0,2,0,0,0,0,1,0,0,1,4,3427,501,590,0,14,1788,423,0,14,0,14,0,14,0,14,0,14,27.8,6.6,0.0,2.6,99.3,1.1,0.0,2.6,0.0,2.6,0.0,2.6,0.0,2.6,0.0,2.6
72,Puerto Rico,PR,72063,Gurabo,72063210400,"Census Tract 2104, Gurabo Municipio, Puerto Rico",0.57434989112,4622,884,1653,186,1460,205,2913,771,234,133,430,147,716,213,557,234,846,248,955,317,1287,342,220,127,3210,728,4484,859,0,19,8,13,19,25,261,98,5,4,63.0,11.5,12.9,6.5,29.5,9.2,22.0,4.8,12.1,4.4,18.3,5.1,20.7,5.6,27.8,6.3,15.1,8.4,72.6,9.2,97.0,1.1,0.0,1.1,0.5,0.8,1.3,1.7,17.9,6.3,0.1,0.1,0.5049,0.4414,0.7627,0.4995,0.8991,3.1076,0.7907,0.3218,0.6988,0.7863,0.87,0.7551,3.432,0.936,0.0834,0.0834,0.0834,0.0,0.7928,0.3326,0.6866,0.4334,2.2454,0.628,8.8684,0.8275,0,0,0,0,0,0,0,0,0,0,0,0,0,0,0,0,0,0,0,0,0,4011,951,1216,17,28,4405,857,25,42,0,14,0,14,0,14,37,42,20.6,4.0,0.4,0.6,95.3,4.0,0.5,0.9,0.0,1.0,0.0,1.0,0.0,1.0,0.8,0.9
72,Puerto Rico,PR,72063,Gurabo,72063210503,"Census Tract 2105.03, Gurabo Municipio, Puerto Rico",0.841523594774,3069,533,980,122,847,116,1380,493,259,171,313,99,183,115,273,150,267,92,597,217,406,154,38,34,1480,364,2972,524,0,19,0,14,13,24,93,57,45,18,45.2,14.1,16.8,9.5,37.0,10.5,8.8,4.7,8.9,4.5,8.7,3.1,19.5,6.2,13.3,4.6,4.5,4.0,50.9,8.7,96.8,3.0,0.0,1.9,0.0,4.7,1.5,2.8,11.0,6.4,1.5,0.5,0.1755,0.6095,0.9177,0.0834,0.7484,2.5345,0.5358,0.0206,0.6056,0.1193,0.2156,0.2275,1.1886,0.0271,0.0758,0.0758,0.0758,0.0,0.0,0.3759,0.3341,0.8375,1.5475,0.3059,5.3464,0.1074,0,0,1,0,0,1,0,0,0,0,0,0,0,0,0,0,0,0,0,0,1,2336,294,753,13,21,2928,521,0,14,0,14,0,14,0,14,31,51,9.7,1.7,0.4,0.7,95.4,2.7,0.0,1.5,0.0,1.5,0.0,1.5,0.0,1.5,1.0,1.7
72,Puerto Rico,PR,72063,Gurabo,72063210504,"Census Tract 2105.04, Gurabo Municipio, Puerto Rico",5.506902941538,7988,1321,3096,306,2481,285,3705,1376,964,451,511,230,1286,495,763,492,2084,426,967,347,1848,630,234,157,4924,965,7779,1287,106,87,0,20,103,104,365,191,87,79,46.8,15.5,27.8,11.3,20.6,9.0,20.3,6.5,9.6,5.6,26.1,5.4,12.1,3.9,23.3,6.8,9.4,6.2,63.8,7.3,97.4,0.4,3.4,2.8,0.0,1.5,4.2,4.2,14.7,7.3,1.1,1.0,0.195,0.8742,0.3554,0.4247,0.7961,2.6454,0.5911,0.7855,0.1116,0.5672,0.6002,0.4865,2.551,0.5141,0.0997,0.0997,0.0997,0.5948,0.0,0.7692,0.5358,0.7746,2.6744,0.8189,7.9705,0.6453,0,0,0,0,0,0,0,0,0,0,0,0,0,0,0,0,0,0,0,0,0,3667,1105,1888,88,100,7691,1283,0,20,0,20,0,20,0,20,0,20,14.0,2.4,1.1,1.2,96.3,2.1,0.0,0.6,0.0,0.6,0.0,0.6,0.0,0.6,0.0,0.6
72,Puerto Rico,PR,72063,Gurabo,72063210505,"Census Tract 2105.05, Gurabo Municipio, Puerto Rico",3.02891420521,5946,1601,1528,294,1441,326,950,705,278,242,337,263,451,254,163,182,1202,362,909,483,982,482,79,91,3121,1177,5946,1601,95,111,0,20,86,142,41,70,173,118,16.3,11.3,9.2,8.1,23.4,17.5,10.0,6.1,2.8,3.2,20.2,6.8,15.3,7.0,16.8,9.1,5.5,6.2,52.8,14.0,100.0,0.0,6.2,7.2,0.0,3.1,6.0,9.8,2.8,5.0,2.9,1.8,0.013,0.2722,0.4951,0.104,0.0835,0.9678,0.0217,0.4475,0.2698,0.2245,0.2969,0.2492,1.4879,0.0738,0.5536,0.5536,0.5536,0.6923,0.0,0.9025,0.0282,0.9263,2.5493,0.769,5.5586,0.1399,0,0,0,0,0,0,0,0,0,0,0,0,0,0,0,0,1,0,1,2,2,20395,736,2251,0,20,5946,1601,0,20,0,20,0,20,0,20,0,20,12.7,3.5,0.0,0.8,100.0,0.8,0.0,0.8,0.0,0.8,0.0,0.8,0.0,0.8,0.0,0.8
72,Puerto Rico,PR,72063,Gurabo,72063210506,"Census Tract 2105.06, Gurabo Municipio, Puerto Rico",0.862127928004,3556,902,1142,271,1088,266,338,397,56,90,121,153,43,68,377,401,192,186,789,404,466,307,178,195,783,378,3556,920,39,66,0,14,76,89,0,14,0,14,9.5,10.9,3.6,6.1,11.1,13.8,1.8,2.8,10.9,11.1,5.4,5.5,22.2,9.9,13.4,9.3,16.4,17.5,22.0,9.0,100.0,5.1,3.4,5.7,0.0,4.1,7.0,8.0,0.0,4.3,0.0,0.4,0.0043,0.0586,0.0509,0.0076,0.859,0.9804,0.0228,0.0065,0.7898,0.1226,0.8982,0.0325,1.8496,0.1562,0.5536,0.5536,0.5536,0.5948,0.0,0.9447,0.0,0.0,1.5395,0.3004,4.9231,0.0748,0,0,0,0,0,0,0,0,0,0,0,0,0,0,0,0,1,0,0,1,1,2038,81,1270,66,110,3433,909,0,14,0,14,0,14,57,94,0,14,2.3,0.7,1.9,3.1,96.5,5.8,0.0,1.3,0.0,1.3,0.0,1.3,1.6,2.7,0.0,1.3
72,Puerto Rico,PR,72063,Gurabo,72063210507,"Census Tract 2105.07, Gurabo Municipio, Puerto Rico",0.556576457754,3807,1207,1563,325,1417,301,1807,1173,288,220,440,232,447,305,126,148,586,289,960,472,656,336,0,19,1517,783,3807,1135,74,118,0,14,51,86,288,200,0,14,47.5,26.9,16.6,11.4,31.1,15.0,17.5,9.0,3.3,4.1,15.4,8.5,25.2,9.5,17.2,6.5,0.0,1.3,41.2,16.7,100.0,43.5,4.7,7.5,0.0,3.0,3.6,6.0,20.3,14.0,0.0,0.4,0.2069,0.5987,0.8202,0.3315,0.1204,2.0777,0.3113,0.1506,0.9101,0.2397,0.0,0.1116,1.412,0.0575,0.5536,0.5536,0.5536,0.6425,0.0,0.688,0.7451,0.0,2.0756,0.5542,6.1189,0.2256,0,0,0,0,0,0,0,1,0,0,0,1,0,0,0,0,0,0,0,0,1,2208,551,1701,54,87,3614,1122,0,14,0,14,0,14,0,14,139,152,14.5,4.6,1.4,2.3,94.9,4.0,0.0,1.2,0.0,1.2,0.0,1.2,0.0,1.2,3.7,3.7
72,Puerto Rico,PR,72065,Hatillo,72065310100,"Census Tract 3101, Hatillo Municipio, Puerto Rico",4.39491412356,8181,1090,3370,290,2800,319,4530,815,79,90,425,187,999,334,777,376,1444,324,1926,372,988,367,456,159,4937,825,8181,1091,43,73,0,20,35,61,249,141,5,3,55.4,6.7,2.9,3.3,15.2,6.5,17.1,5.3,9.5,4.4,17.7,3.6,23.5,3.3,12.1,4.0,16.3,5.4,63.5,6.1,100.0,0.6,1.3,2.2,0.0,1.4,1.3,2.2,8.9,5.0,0.1,0.0,0.3467,0.0423,0.1517,0.3207,0.7907,1.6521,0.1399,0.2828,0.8548,0.0879,0.8938,0.48,2.5993,0.5521,0.5536,0.5536,0.5536,0.4832,0.0,0.3326,0.2158,0.4334,1.465,0.2625,6.27,0.2484,0,0,0,0,0,0,0,0,0,0,0,0,0,0,0,0,0,0,0,0,0,14214,2002,1501,0,20,8181,1090,0,20,0,20,0,20,0,20,0,20,24.5,3.3,0.0,0.6,100.0,0.6,0.0,0.6,0.0,0.6,0.0,0.6,0.0,0.6,0.0,0.6
72,Puerto Rico,PR,72065,Hatillo,72065310200,"Census Tract 3102, Hatillo Municipio, Puerto Rico",1.401460298234,4944,753,2243,199,1798,187,3088,656,199,127,404,121,742,242,190,119,785,149,977,244,522,158,190,99,2964,503,4919,757,142,72,0,14,9,20,272,103,5,8,62.5,9.2,11.2,6.4,22.5,6.3,21.2,5.7,3.8,2.4,15.9,3.6,19.8,3.9,10.6,3.2,10.6,5.4,63.7,4.3,99.5,2.2,6.3,3.2,0.0,2.1,0.5,1.1,15.1,5.6,0.1,0.2,0.4962,0.3731,0.4496,0.468,0.1746,1.9615,0.2473,0.1798,0.6295,0.0597,0.6847,0.4832,2.0369,0.2419,0.4193,0.4193,0.4193,0.6956,0.0,0.2134,0.5586,0.4334,1.901,0.4555,6.3187,0.2592,0,0,0,0,0,0,0,0,0,0,0,0,0,0,0,0,0,0,0,0,0,4820,1151,1014,0,14,4919,757,0,14,0,14,0,14,0,14,0,14,23.3,3.6,0.0,1.0,99.5,0.6,0.0,1.0,0.0,1.0,0.0,1.0,0.0,1.0,0.0,1.0
72,Puerto Rico,PR,72065,Hatillo,72065310300,"Census Tract 3103, Hatillo Municipio, Puerto Rico",3.724884681922,6126,899,2363,243,1883,266,3566,832,91,86,387,177,1081,379,481,201,1137,306,1095,324,883,376,78,75,3411,675,6095,906,0,28,0,20,24,44,197,124,0,20,58.9,10.8,4.4,4.2,20.6,8.9,23.2,7.1,7.9,3.2,18.6,4.7,17.9,4.6,14.4,5.5,4.1,3.9,57.5,7.7,99.5,2.3,0.0,1.2,0.0,2.0,1.3,2.3,10.5,6.1,0.0,0.3,0.4128,0.0781,0.3554,0.5341,0.6746,2.055,0.3037,0.3326,0.4724,0.1497,0.1788,0.3532,1.4867,0.0727,0.4193,0.4193,0.4193,0.0,0.0,0.3326,0.3059,0.0,0.6385,0.0293,4.5995,0.0412,0,0,0,0,0,0,0,0,0,0,0,0,0,0,0,0,0,0,0,0,0,3934,1815,1221,0,20,6095,905,0,20,0,20,0,20,0,20,0,20,29.6,4.3,0.0,0.8,99.5,0.8,0.0,0.8,0.0,0.8,0.0,0.8,0.0,0.8,0.0,0.8
72,Puerto Rico,PR,72065,Hatillo,72065310400,"Census Tract 3104, Hatillo Municipio, Puerto Rico",8.737561233278,8023,962,3382,295,2856,307,4994,1022,169,134,544,180,1790,504,508,298,1650,372,1171,353,1178,315,66,76,4725,756,8023,964,29,50,0,20,41,68,202,103,29,44,62.2,10.3,5.8,4.8,19.0,6.0,30.7,7.8,6.4,3.7,20.6,4.8,14.6,4.0,14.7,4.0,2.3,2.6,60.4,6.3,100.0,0.8,0.9,1.5,0.0,1.4,1.4,2.4,7.1,3.4,0.4,0.5,0.4875,0.128,0.2741,0.7736,0.5076,2.1708,0.3612,0.4745,0.2189,0.1573,0.0683,0.4139,1.3329,0.0423,0.5536,0.5536,0.5536,0.441,0.0,0.3597,0.1269,0.5688,1.4964,0.2777,5.5537,0.1377,0,0,0,0,0,0,0,0,0,0,0,0,0,0,0,0,0,0,0,0,0,4559,1808,1431,2,5,8021,963,0,20,0,20,0,20,0,20,0,20,22.6,2.7,0.0,0.1,100.0,0.1,0.0,0.6,0.0,0.6,0.0,0.6,0.0,0.6,0.0,0.6
72,Puerto Rico,PR,72065,Hatillo,72065310500,"Census Tract 3105, Hatillo Municipio, Puerto Rico",8.175069306782,6371,993,3084,338,2413,337,4024,839,164,132,534,205,1268,296,510,270,1619,327,1043,298,1045,307,311,139,3853,668,6371,994,0,28,0,20,34,42,250,130,66,66,63.6,8.7,8.5,6.9,22.1,7.9,27.5,5.9,8.1,4.1,25.4,4.6,16.4,3.9,16.5,3.9,12.9,5.5,61.8,4.5,100.0,0.7,0.0,0.9,0.0,1.5,1.4,1.7,10.4,5.2,1.0,1.0,0.519,0.2332,0.4377,0.6739,0.6974,2.5612,0.551,0.7692,0.3434,0.2169,0.8093,0.4507,2.5895,0.538,0.5536,0.5536,0.5536,0.0,0.0,0.3597,0.3015,0.7595,1.4207,0.2386,7.125,0.4425,0,0,0,0,0,0,0,0,0,0,0,0,0,0,0,0,0,0,0,0,0,4792,1928,1392,0,20,6371,993,0,20,0,20,0,20,0,20,0,20,30.6,4.8,0.0,0.7,100.0,0.7,0.0,0.7,0.0,0.7,0.0,0.7,0.0,0.7,0.0,0.7
72,Puerto Rico,PR,72065,Hatillo,72065310600,"Census Tract 3106, Hatillo Municipio, Puerto Rico",15.342599653034,5916,970,2727,284,2164,307,3813,842,116,120,421,187,1481,457,159,125,1394,338,908,365,844,263,82,79,3868,791,5882,976,14,29,0,20,89,73,222,121,0,20,64.5,9.5,5.6,6.1,19.5,8.2,33.3,8.6,2.7,2.1,23.6,5.8,15.3,5.6,14.3,4.5,3.8,3.6,67.0,8.3,99.4,2.6,0.5,1.1,0.0,1.7,4.1,3.3,10.3,5.4,0.0,0.3,0.546,0.1204,0.3001,0.8353,0.0781,1.8799,0.2213,0.6815,0.2698,0.1453,0.1593,0.5894,1.8453,0.1529,0.3694,0.3694,0.3694,0.3857,0.0,0.753,0.2983,0.0,1.437,0.2516,5.5316,0.1291,0,0,0,0,0,0,0,0,0,0,0,0,0,0,0,0,0,0,0,0,0,3621,2476,1281,35,57,5808,972,0,20,0,20,0,20,0,20,39,62,41.9,6.9,0.6,1.0,98.2,2.2,0.0,0.8,0.0,0.8,0.0,0.8,0.0,0.8,0.7,1.1
72,Puerto Rico,PR,72067,Hormigueros,72067820101,"Census Tract 8201.01, Hormigueros Municipio, Puerto Rico",2.931447774636,4678,603,2263,213,1733,239,2976,646,347,176,440,175,1020,289,131,97,992,229,982,269,1161,295,342,183,3500,562,4678,591,26,44,0,14,33,54,273,140,0,14,63.6,11.1,17.7,8.7,25.4,9.5,31.8,8.7,2.8,2.0,21.2,5.5,21.0,5.1,24.8,5.8,19.7,10.2,78.5,7.7,100.0,18.0,1.1,1.9,0.0,2.1,1.9,3.1,15.8,8.1,0.0,0.3,0.519,0.6345,0.5991,0.7996,0.0835,2.6357,0.5824,0.5135,0.7151,0.6367,0.948,0.896,3.7093,0.9816,0.5536,0.5536,0.5536,0.454,0.0,0.4561,0.602,0.0,1.5121,0.2842,8.4107,0.7516,0,0,0,0,0,0,0,0,0,1,0,1,0,0,0,0,0,0,0,0,1,2947,796,840,0,14,4639,587,0,14,0,14,0,14,0,14,39,64,17.0,2.2,0.0,1.0,99.2,1.4,0.0,1.0,0.0,1.0,0.0,1.0,0.0,1.0,0.8,1.4
72,Puerto Rico,PR,72067,Hormigueros,72067820102,"Census Tract 8201.02, Hormigueros Municipio, Puerto Rico",1.572752520024,2754,510,1367,163,1186,177,2017,533,294,173,162,98,493,197,72,57,972,202,313,187,687,216,84,67,1940,402,2754,511,124,84,0,14,29,29,300,126,12,14,73.6,13.9,28.1,14.2,13.7,8.0,21.6,7.1,2.6,2.2,35.3,7.7,11.4,6.5,25.1,7.7,7.1,5.5,70.9,7.0,100.0,1.2,9.1,6.0,0.0,3.4,2.4,2.4,25.3,9.4,0.4,0.5,0.7627,0.8839,0.1094,0.4854,0.0705,2.3119,0.4306,0.9794,0.0888,0.654,0.4236,0.6988,2.8446,0.7007,0.5536,0.5536,0.5536,0.7443,0.0,0.5309,0.8275,0.5688,2.6715,0.8178,8.3816,0.7451,0,0,0,0,0,0,1,0,0,0,0,1,0,0,0,0,0,0,0,0,1,2018,837,709,0,14,2754,510,0,14,0,14,0,14,0,14,0,14,30.5,5.6,0.0,1.7,100.0,1.7,0.0,1.7,0.0,1.7,0.0,1.7,0.0,1.7,0.0,1.7
72,Puerto Rico,PR,72067,Hormigueros,72067820300,"Census Tract 8203, Hormigueros Municipio, Puerto Rico",5.835842540438,4414,571,2069,171,1774,172,2168,452,339,180,372,115,476,169,226,147,1077,233,732,205,1026,266,112,62,2380,404,4406,575,172,71,0,14,91,81,230,72,4,3,49.4,8.1,17.5,7.5,21.0,6.2,14.4,4.7,5.1,3.3,24.4,5.0,16.6,4.1,23.3,5.0,6.3,3.4,55.6,6.1,99.8,1.7,8.3,3.4,0.0,2.3,5.1,4.5,13.0,3.9,0.1,0.1,0.2297,0.6302,0.3814,0.2221,0.3384,1.8018,0.1898,0.7226,0.3619,0.5672,0.3673,0.3077,2.3267,0.3807,0.5255,0.5255,0.5255,0.7367,0.0,0.8451,0.4425,0.4334,2.4577,0.7299,7.1117,0.436,0,0,0,0,0,0,0,0,0,0,0,0,0,0,0,0,0,0,0,0,0,4406,886,791,0,14,4406,574,0,14,0,14,0,14,0,14,0,14,20.1,2.6,0.0,1.1,99.8,0.3,0.0,1.1,0.0,1.1,0.0,1.1,0.0,1.1,0.0,1.1
72,Puerto Rico,PR,72067,Hormigueros,72067820400,"Census Tract 8204, Hormigueros Municipio, Puerto Rico",0.715301059444,1580,240,846,99,671,91,1131,214,116,73,113,60,379,109,81,48,546,117,192,76,505,120,56,43,912,180,1580,242,25,27,0,14,4,15,87,35,0,14,71.6,8.1,24.3,12.2,16.8,8.6,30.9,6.5,5.1,3.0,34.6,7.3,12.2,4.4,32.0,6.8,8.3,6.3,59.5,7.6,100.0,2.0,3.0,3.2,0.0,5.5,0.6,2.2,13.0,5.4,0.0,0.9,0.7194,0.8069,0.2091,0.779,0.3384,2.8528,0.6822,0.9751,0.1127,0.91,0.5309,0.3944,2.9231,0.7364,0.5536,0.5536,0.5536,0.5753,0.0,0.2189,0.4425,0.0,1.2367,0.1768,7.5662,0.5575,0,0,0,0,0,0,1,0,1,0,0,2,0,0,0,0,0,0,0,0,2,876,675,312,7,11,1573,240,0,14,0,14,0,14,0,14,0,14,42.7,6.5,0.4,0.7,99.6,0.7,0.0,3.0,0.0,3.0,0.0,3.0,0.0,3.0,0.0,3.0
72,Puerto Rico,PR,72067,Hormigueros,72067820500,"Census Tract 8205, Hormigueros Municipio, Puerto Rico",0.290221676442,2305,362,1081,107,927,107,1527,295,184,89,326,78,294,97,108,54,770,156,354,137,786,180,16,19,1201,246,2296,363,6,16,0,14,24,28,117,49,127,133,66.2,7.5,22.5,9.2,35.2,7.4,16.4,4.9,4.7,2.3,33.4,7.0,15.4,5.4,34.2,6.1,1.7,2.0,53.9,7.3,99.6,1.8,0.6,1.5,0.0,4.3,2.6,3.0,12.6,5.1,5.5,5.7,0.584,0.7755,0.8982,0.2969,0.2809,2.8355,0.6768,0.9642,0.2795,0.9534,0.0455,0.2644,2.507,0.4902,0.4594,0.4594,0.4594,0.3944,0.0,0.5666,0.423,0.9675,2.3515,0.6855,8.1534,0.692,0,0,0,0,0,0,1,0,1,0,0,2,0,0,0,0,0,0,1,1,3,1798,446,490,0,14,2296,362,0,14,0,14,0,14,0,14,0,14,20.5,3.2,0.0,2.0,99.6,0.6,0.0,2.0,0.0,2.0,0.0,2.0,0.0,2.0,0.0,2.0
72,Puerto Rico,PR,72069,Humacao,72069180100,"Census Tract 1801, Humacao Municipio, Puerto Rico",2.648303733956,3911,615,2032,220,1336,187,2311,560,210,132,384,131,734,308,322,155,819,279,572,245,637,239,99,68,2256,474,3888,617,0,19,12,18,46,43,152,75,23,15,59.6,10.9,14.3,8.2,28.7,8.9,23.9,8.3,8.3,4.0,20.9,6.3,14.6,5.8,16.4,5.8,7.4,5.0,60.6,8.5,99.4,2.1,0.0,0.9,0.6,0.9,3.4,3.2,11.4,5.4,0.6,0.4,0.4312,0.513,0.7356,0.5623,0.7093,2.9514,0.7289,0.4962,0.2189,0.2148,0.4475,0.4247,1.8021,0.1388,0.3694,0.3694,0.3694,0.0,0.8048,0.6663,0.3579,0.6522,2.4812,0.7419,7.6041,0.5672,0,0,0,0,0,0,0,0,0,0,0,0,0,0,0,0,0,0,0,0,0,2526,901,878,0,14,3888,617,0,14,0,14,0,14,0,14,0,14,23.2,3.7,0.0,1.2,99.4,0.9,0.0,1.2,0.0,1.2,0.0,1.2,0.0,1.2,0.0,1.2
72,Puerto Rico,PR,72069,Humacao,72069180201,"Census Tract 1802.01, Humacao Municipio, Puerto Rico",9.32169147416,3004,612,1296,144,1077,145,1842,589,77,71,272,115,472,195,267,140,749,252,612,271,210,126,35,41,2033,460,3004,612,0,19,0,14,63,60,131,84,0,14,61.3,15.1,8.0,6.6,25.3,10.1,21.1,7.7,8.9,4.1,24.9,8.5,20.4,8.0,7.0,3.9,3.2,3.8,68.7,6.1,100.0,0.0,0.0,1.5,0.0,3.6,5.8,5.5,12.2,7.5,0.0,0.5,0.4648,0.2148,0.5894,0.4648,0.7484,2.4822,0.5152,0.7421,0.6771,0.013,0.117,0.6392,2.1884,0.3167,0.5536,0.5536,0.5536,0.0,0.0,0.896,0.3959,0.0,1.2919,0.1876,6.5161,0.3015,0,0,0,0,0,0,0,0,0,0,0,0,0,0,0,0,0,0,0,0,0,7188,653,856,0,14,3004,612,0,14,0,14,0,14,0,14,0,14,21.7,4.4,0.0,1.6,100.0,1.6,0.0,1.6,0.0,1.6,0.0,1.6,0.0,1.6,0.0,1.6
72,Puerto Rico,PR,72069,Humacao,72069180202,"Census Tract 1802.02, Humacao Municipio, Puerto Rico",4.613593416014,5483,1099,2396,298,1674,270,4372,1070,116,111,245,139,1210,454,85,99,1087,344,1348,462,588,278,158,125,4139,896,5483,1100,0,28,0,20,153,120,267,168,213,85,82.3,10.8,8.2,7.9,14.6,8.0,32.8,10.7,1.6,1.9,19.8,6.3,24.6,6.8,11.1,5.0,9.4,7.3,80.3,7.2,100.0,0.9,0.0,1.2,0.0,2.0,9.1,7.0,15.9,9.8,3.9,1.3,0.9231,0.2202,0.1354,0.8245,0.026,2.1292,0.3362,0.4193,0.8949,0.0694,0.6002,0.9209,2.9047,0.7267,0.5536,0.5536,0.5536,0.0,0.0,0.9805,0.6052,0.9502,2.5359,0.7636,8.1234,0.6779,1,0,0,0,0,1,0,0,0,0,1,1,0,0,0,0,1,0,1,2,4,2963,1107,1554,0,20,5483,1099,0,20,0,20,0,20,0,20,0,20,21.0,4.4,0.0,0.9,100.0,0.9,0.0,0.9,0.0,0.9,0.0,0.9,0.0,0.9,0.0,0.9
72,Puerto Rico,PR,72069,Humacao,72069180301,"Census Tract 1803.01, Humacao Municipio, Puerto Rico",1.946357170488,2853,538,1246,165,985,143,1811,523,29,47,234,120,389,208,267,258,748,267,379,180,144,127,66,69,1944,474,2853,539,0,19,17,27,32,39,132,80,0,14,63.5,13.9,2.7,4.4,23.8,11.7,17.9,8.5,9.4,8.8,26.2,8.6,13.3,5.8,5.0,4.1,6.7,6.9,70.8,10.9,100.0,1.2,0.0,1.5,1.4,2.1,3.2,3.9,13.4,8.1,0.0,0.5,0.5168,0.0369,0.5168,0.3456,0.7852,2.2013,0.3764,0.7898,0.1517,0.0054,0.3933,0.6966,2.0368,0.2408,0.5536,0.5536,0.5536,0.0,0.9393,0.6403,0.4653,0.0,2.0449,0.5358,6.8366,0.3698,0,0,0,0,0,0,0,0,0,0,0,0,0,0,0,1,0,0,0,1,1,1471,766,760,0,14,2853,538,0,14,0,14,0,14,0,14,0,14,26.8,5.1,0.0,1.6,100.0,1.6,0.0,1.6,0.0,1.6,0.0,1.6,0.0,1.6,0.0,1.6
72,Puerto Rico,PR,72069,Humacao,72069180302,"Census Tract 1803.02, Humacao Municipio, Puerto Rico",4.169293875452,4273,606,1985,174,1522,168,2620,565,120,84,176,86,745,219,182,115,959,218,703,228,271,126,77,50,2832,495,4273,606,195,73,0,14,39,48,164,78,24,12,61.3,10.0,9.4,6.1,11.6,5.5,23.6,6.4,4.3,2.6,22.4,5.4,16.5,4.8,6.4,2.8,5.1,3.2,68.8,7.1,100.0,0.0,9.8,3.6,0.0,2.4,2.6,3.1,10.8,5.0,0.6,0.3,0.4648,0.2885,0.0672,0.5536,0.2321,1.6062,0.1193,0.5991,0.3564,0.0119,0.2633,0.6436,1.8743,0.1627,0.5536,0.5536,0.5536,0.7551,0.0,0.5666,0.3254,0.6522,2.2993,0.6594,6.3334,0.2646,0,0,0,0,0,0,0,0,0,0,0,0,0,0,0,0,0,0,0,0,0,5500,1205,879,0,14,4273,606,0,14,0,14,0,14,0,14,0,14,28.4,4.0,0.0,1.1,100.0,1.1,0.0,1.1,0.0,1.1,0.0,1.1,0.0,1.1,0.0,1.1
72,Puerto Rico,PR,72069,Humacao,72069180400,"Census Tract 1804, Humacao Municipio, Puerto Rico",1.863426321908,4455,688,2070,182,1712,204,2361,530,119,91,263,108,865,291,234,153,1227,265,525,214,571,225,105,76,2815,531,4455,688,81,59,0,14,12,23,201,99,0,14,53.0,8.6,7.4,5.3,15.4,6.0,23.5,7.3,5.3,3.3,27.5,5.6,11.8,4.4,12.8,4.7,6.1,4.4,64.5,7.3,100.0,0.0,3.9,2.8,0.0,2.3,0.7,1.3,11.7,5.6,0.0,0.3,0.2914,0.1833,0.156,0.546,0.359,1.5357,0.0965,0.8397,0.1029,0.1009,0.3489,0.5016,1.894,0.1735,0.5536,0.5536,0.5536,0.6165,0.0,0.2264,0.3709,0.0,1.2138,0.1649,5.1971,0.0944,0,0,0,0,0,0,0,0,0,0,0,0,0,0,0,0,0,0,0,0,0,2105,1086,925,0,14,4455,688,0,14,0,14,0,14,0,14,0,14,24.4,3.8,0.0,1.1,100.0,1.1,0.0,1.1,0.0,1.1,0.0,1.1,0.0,1.1,0.0,1.1
72,Puerto Rico,PR,72069,Humacao,72069180500,"Census Tract 1805, Humacao Municipio, Puerto Rico",4.018346140246,6716,1386,2418,318,1916,298,2979,878,320,251,391,177,499,309,318,203,1386,448,976,364,479,285,187,116,4054,860,6658,1389,17,35,0,20,147,128,167,116,5,4,44.4,9.3,13.2,9.7,20.4,8.7,10.1,6.2,4.7,2.8,20.6,6.4,14.5,4.5,7.1,4.2,9.8,5.9,60.4,2.9,99.1,3.1,0.7,1.4,0.0,1.9,7.7,6.6,8.7,5.9,0.1,0.1,0.1647,0.4599,0.3424,0.1051,0.2809,1.353,0.0586,0.4745,0.2102,0.0152,0.6327,0.4139,1.7465,0.1247,0.2914,0.2914,0.2914,0.4009,0.0,0.9653,0.2028,0.4334,2.0024,0.5087,5.3933,0.1139,0,0,0,0,0,0,0,0,0,0,0,0,0,0,0,0,1,0,0,1,1,6646,1033,1963,0,20,6658,1389,0,20,0,20,0,20,0,20,0,20,15.4,3.2,0.0,0.7,99.1,1.1,0.0,0.7,0.0,0.7,0.0,0.7,0.0,0.7,0.0,0.7
72,Puerto Rico,PR,72069,Humacao,72069180600,"Census Tract 1806, Humacao Municipio, Puerto Rico",0.91918723987,4741,717,2746,326,2191,280,3588,684,62,72,524,183,697,247,215,120,1406,339,942,400,776,301,234,135,2871,624,4680,744,638,194,18,28,37,59,753,180,80,36,76.7,8.8,6.5,7.8,23.9,7.8,20.6,6.9,4.6,2.7,29.7,7.4,19.9,7.9,16.6,6.2,10.7,6.0,66.4,10.3,98.7,4.8,23.2,6.5,0.7,1.0,1.7,2.7,34.4,7.5,1.7,0.7,0.8342,0.1508,0.5222,0.441,0.2722,2.2204,0.3883,0.8927,0.6371,0.2202,0.6945,0.5655,3.01,0.7798,0.2221,0.2221,0.2221,0.8808,0.8275,0.4139,0.9284,0.8613,3.9119,0.9935,9.3644,0.885,0,0,0,0,0,0,0,0,0,0,0,0,0,0,0,0,0,1,0,1,1,7512,1292,975,0,14,4625,739,55,88,0,14,0,14,0,14,0,14,27.7,4.2,0.0,1.0,97.6,2.5,1.2,1.9,0.0,1.0,0.0,1.0,0.0,1.0,0.0,1.0
72,Puerto Rico,PR,72069,Humacao,72069180700,"Census Tract 1807, Humacao Municipio, Puerto Rico",0.924021623012,4016,693,2013,195,1458,182,2564,466,278,146,265,101,596,192,104,76,847,225,854,273,516,147,200,86,2464,525,4016,693,78,57,10,15,39,40,251,91,0,14,63.8,3.7,19.3,7.7,18.2,6.5,22.3,6.7,2.6,1.9,21.1,5.9,21.3,5.7,12.8,4.2,13.7,5.6,65.2,7.5,100.0,0.0,3.9,2.8,0.5,0.8,2.7,2.7,17.2,6.0,0.0,0.3,0.5222,0.6866,0.2438,0.506,0.0705,2.0291,0.2885,0.506,0.7302,0.1009,0.8418,0.5276,2.7065,0.615,0.5536,0.5536,0.5536,0.6165,0.7928,0.5872,0.654,0.0,2.6505,0.8091,7.9397,0.641,0,0,0,0,0,0,0,0,0,0,0,0,0,0,0,0,0,0,0,0,0,8984,1146,961,0,14,4016,693,0,14,0,14,0,14,0,14,0,14,28.5,4.9,0.0,1.2,100.0,1.2,0.0,1.2,0.0,1.2,0.0,1.2,0.0,1.2,0.0,1.2
72,Puerto Rico,PR,72069,Humacao,72069180800,"Census Tract 1808, Humacao Municipio, Puerto Rico",4.972020396858,5257,1113,2290,261,1782,264,3317,1000,171,200,322,172,952,366,128,90,1016,305,768,320,333,202,89,77,3816,862,5257,1126,0,28,0,20,93,90,141,104,13,19,63.1,13.5,9.7,10.5,18.1,9.3,23.8,7.1,2.4,1.8,19.3,6.4,14.6,5.2,6.3,3.8,5.0,4.3,74.2,5.6,100.0,3.2,0.0,1.2,0.0,2.1,5.2,5.0,7.9,5.6,0.2,0.4,0.5081,0.3134,0.2394,0.5569,0.0575,1.6753,0.1453,0.3803,0.2189,0.0108,0.2535,0.7985,1.662,0.1074,0.5536,0.5536,0.5536,0.0,0.0,0.8527,0.1659,0.4735,1.4921,0.2766,5.383,0.1117,0,0,0,0,0,0,0,0,0,0,0,0,0,0,0,0,0,0,0,0,0,5600,1821,1525,0,20,5139,1110,118,188,0,20,0,20,0,20,0,20,34.7,7.4,0.0,0.9,97.8,3.5,2.2,3.5,0.0,0.9,0.0,0.9,0.0,0.9,0.0,0.9
72,Puerto Rico,PR,72069,Humacao,72069180901,"Census Tract 1809.01, Humacao Municipio, Puerto Rico",4.49247630743,2272,580,1365,157,723,139,1613,557,83,62,102,66,339,221,64,73,400,204,549,232,132,92,30,31,1344,409,2239,585,171,73,0,14,70,60,44,41,0,14,71.0,16.5,12.3,8.4,14.1,8.7,22.5,12.1,2.8,3.3,17.6,8.4,24.2,8.1,5.8,3.7,4.1,4.2,66.0,10.3,98.5,5.5,12.5,5.2,0.0,3.4,9.7,8.1,6.1,5.7,0.0,0.6,0.7031,0.4197,0.1213,0.5157,0.0835,1.8433,0.205,0.2763,0.883,0.0087,0.1788,0.5569,1.9037,0.1779,0.1874,0.1874,0.1874,0.7876,0.0,0.9848,0.0954,0.0,1.8678,0.4393,5.8022,0.179,0,0,0,0,0,0,0,0,0,0,0,0,0,0,0,0,1,0,0,1,1,2067,437,809,0,14,2239,584,0,14,0,14,0,14,0,14,0,14,19.2,4.9,0.0,2.1,98.5,1.8,0.0,2.1,0.0,2.1,0.0,2.1,0.0,2.1,0.0,2.1
72,Puerto Rico,PR,72069,Humacao,72069180903,"Census Tract 1809.03, Humacao Municipio, Puerto Rico",2.621195898638,2523,624,3597,255,785,151,934,449,12,20,227,111,151,162,57,53,612,199,548,247,192,109,111,73,704,289,2300,649,1445,203,0,14,0,19,12,18,0,14,37.0,15.3,1.4,2.3,28.9,13.0,8.7,9.1,2.3,1.9,24.3,8.1,21.7,8.2,7.6,4.1,14.1,8.9,28.9,9.7,91.2,12.4,40.2,4.9,0.0,1.3,0.0,2.4,1.5,2.3,0.0,0.6,0.0899,0.0163,0.7432,0.0802,0.0521,0.9817,0.0239,0.7216,0.7551,0.0239,0.8483,0.0531,2.402,0.4176,0.0141,0.0141,0.0141,0.9437,0.0,0.0,0.0141,0.0,0.9578,0.0889,4.3556,0.0282,0,0,0,0,0,0,0,0,0,0,0,0,0,0,1,0,0,0,0,1,1,3096,351,873,0,14,2300,649,0,14,0,14,0,14,0,14,0,14,13.9,3.5,0.0,1.9,91.2,6.9,0.0,1.9,0.0,1.9,0.0,1.9,0.0,1.9,0.0,1.9
72,Puerto Rico,PR,72069,Humacao,72069180904,"Census Tract 1809.04, Humacao Municipio, Puerto Rico",2.207687220372,2082,585,996,170,655,168,880,427,0,14,166,104,118,102,10,16,169,115,681,247,78,66,99,79,1198,364,2040,589,0,19,21,34,19,33,12,18,0,14,42.3,16.7,0.0,5.3,25.3,14.5,9.7,7.5,0.5,0.8,8.1,5.0,32.7,7.5,3.8,3.0,15.1,11.4,59.5,6.2,98.0,6.5,0.0,1.9,2.1,3.4,2.9,5.0,1.8,2.9,0.0,0.7,0.1365,0.0,0.5894,0.0975,0.0087,0.8321,0.0087,0.0184,0.9892,0.0033,0.87,0.3944,2.2753,0.3557,0.1343,0.1343,0.1343,0.0,0.9794,0.6067,0.0184,0.0,1.6045,0.3308,4.8462,0.0672,0,0,0,0,0,0,0,1,0,0,0,1,0,0,0,1,0,0,0,1,2,810,165,819,0,14,2040,589,0,14,0,14,0,14,0,14,0,14,7.9,2.3,0.0,2.3,98.0,2.6,0.0,2.3,0.0,2.3,0.0,2.3,0.0,2.3,0.0,2.3
72,Puerto Rico,PR,72071,Isabela,72071410100,"Census Tract 4101, Isabela Municipio, Puerto Rico",7.883461910262,5314,802,2568,257,2007,268,3382,703,133,110,279,163,1444,361,353,221,1498,343,618,291,1675,445,134,106,3713,638,5282,810,21,39,0,20,13,27,337,158,95,58,64.4,9.2,8.4,6.4,13.9,7.9,33.9,7.0,6.7,4.3,28.2,6.2,11.6,5.2,31.9,7.1,6.7,5.2,72.3,6.3,99.4,2.7,0.8,1.5,0.0,1.8,0.6,1.3,16.8,7.4,1.8,1.1,0.5406,0.2289,0.1148,0.8494,0.5434,2.2771,0.4143,0.8646,0.0932,0.9078,0.3933,0.7378,2.9967,0.7701,0.3694,0.3694,0.3694,0.4171,0.0,0.2189,0.6464,0.8689,2.1513,0.5879,7.7945,0.6074,0,0,0,0,0,0,0,0,1,0,0,1,0,0,0,0,0,0,0,0,1,3473,3074,1018,0,20,5282,809,0,20,0,20,0,20,0,20,0,20,58.9,8.9,0.0,0.9,99.4,1.0,0.0,0.9,0.0,0.9,0.0,0.9,0.0,0.9,0.0,0.9
72,Puerto Rico,PR,72071,Isabela,72071410200,"Census Tract 4102, Isabela Municipio, Puerto Rico",0.870052285452,2924,557,1552,169,1067,158,2234,520,105,80,233,102,631,206,65,54,651,190,388,196,856,244,65,50,1868,409,2924,545,108,73,11,20,9,19,169,69,0,14,76.4,10.2,10.6,7.8,21.8,9.0,26.9,8.8,2.2,1.9,22.3,5.8,13.3,6.2,29.3,7.2,6.1,4.6,65.7,7.3,100.0,26.7,7.0,4.6,0.7,1.3,0.8,1.8,15.8,6.1,0.0,0.5,0.8277,0.3492,0.4225,0.6555,0.0466,2.3015,0.4273,0.597,0.1517,0.8482,0.3489,0.5439,2.4897,0.4837,0.5536,0.5536,0.5536,0.7118,0.8275,0.2405,0.602,0.0,2.3818,0.6952,7.7266,0.5868,0,0,0,0,0,0,0,0,0,0,0,0,0,0,0,0,0,0,0,0,0,2201,1560,706,12,18,2861,542,0,14,19,31,0,14,0,14,32,48,53.4,10.2,0.4,0.6,97.8,2.0,0.0,1.6,0.6,1.0,0.0,1.6,0.0,1.6,1.1,1.6
72,Puerto Rico,PR,72071,Isabela,72071410300,"Census Tract 4103, Isabela Municipio, Puerto Rico",1.015534360746,2603,496,1628,190,1079,161,1598,416,127,80,357,114,614,181,147,92,691,202,383,225,720,190,20,26,1615,435,2514,488,113,51,0,14,0,19,280,112,10,6,61.4,10.9,12.0,7.1,33.1,9.3,29.6,7.7,5.6,3.5,26.5,7.4,14.7,8.2,27.7,6.6,1.9,2.4,63.5,12.1,96.6,3.6,6.9,3.0,0.0,2.9,0.0,1.8,25.9,9.3,0.4,0.2,0.467,0.4035,0.8592,0.7378,0.4002,2.8677,0.6855,0.8007,0.2286,0.782,0.0531,0.48,2.3444,0.3861,0.0693,0.0693,0.0693,0.7075,0.0,0.0,0.8406,0.5688,2.1169,0.5683,7.3983,0.5087,0,0,0,0,0,0,0,0,0,0,0,0,0,0,0,0,0,0,0,0,0,2363,1331,651,1,3,2513,487,0,14,0,14,0,14,0,14,0,14,51.3,9.8,0.0,0.1,96.5,3.4,0.0,1.8,0.0,1.8,0.0,1.8,0.0,1.8,0.0,1.8
72,Puerto Rico,PR,72071,Isabela,72071410401,"Census Tract 4104.01, Isabela Municipio, Puerto Rico",3.936255063516,3816,697,2067,183,1313,164,2840,669,90,83,190,81,852,240,233,129,824,212,827,398,1145,298,90,69,2318,524,3728,675,163,67,13,22,62,55,140,72,18,31,74.8,11.2,9.2,8.3,14.5,5.9,33.4,7.2,6.1,3.4,21.6,5.9,21.7,9.6,30.1,6.9,6.9,5.2,64.4,9.3,97.7,25.1,7.9,3.2,0.6,1.1,4.7,4.1,10.7,5.2,0.5,0.8,0.7909,0.2722,0.1322,0.8386,0.4642,2.4981,0.5184,0.5493,0.7551,0.8731,0.4117,0.4984,3.0876,0.8167,0.1181,0.1181,0.1181,0.7281,0.8048,0.805,0.32,0.6165,3.2744,0.9523,8.9782,0.8395,0,0,0,0,0,0,0,0,0,0,0,0,0,0,0,0,0,0,0,0,0,2182,2530,803,26,29,3702,674,0,14,0,14,0,14,0,14,0,14,66.6,12.1,0.7,0.8,97.0,1.9,0.0,1.2,0.0,1.2,0.0,1.2,0.0,1.2,0.0,1.2
72,Puerto Rico,PR,72071,Isabela,72071410403,"Census Tract 4104.03, Isabela Municipio, Puerto Rico",4.514523117732,5328,961,2361,275,1777,288,3905,918,202,126,485,187,805,275,352,234,881,316,1183,381,956,257,243,135,2900,698,5305,958,0,28,0,20,0,28,130,87,44,29,74.5,11.1,12.5,8.0,27.3,9.5,22.5,6.2,6.7,4.3,16.5,5.6,22.2,5.9,18.1,4.8,13.7,7.3,56.2,9.1,99.6,0.8,0.0,1.2,0.0,2.0,0.0,1.6,7.3,5.0,0.8,0.5,0.7855,0.4262,0.675,0.5157,0.5434,2.9458,0.7245,0.2059,0.7898,0.2842,0.8418,0.3207,2.4424,0.4512,0.4594,0.4594,0.4594,0.0,0.0,0.0,0.1323,0.7226,0.8549,0.0662,6.7025,0.3406,0,0,0,0,0,0,0,0,0,0,0,0,0,0,0,0,0,0,0,0,0,4042,3205,1161,0,20,5305,957,0,20,0,20,0,20,0,20,0,20,60.7,11.0,0.0,0.9,99.6,0.7,0.0,0.9,0.0,0.9,0.0,0.9,0.0,0.9,0.0,0.9
72,Puerto Rico,PR,72071,Isabela,72071410404,"Census Tract 4104.04, Isabela Municipio, Puerto Rico",1.188347438314,2565,657,1119,201,918,206,1719,607,120,104,88,87,783,284,201,146,559,265,286,169,699,351,66,78,1907,573,2565,632,22,40,0,14,0,19,62,60,0,14,67.0,16.3,12.9,10.0,9.6,9.2,37.8,10.7,7.8,5.6,21.8,9.8,11.2,5.9,27.3,13.1,7.2,8.3,77.4,12.2,100.0,35.5,2.0,3.6,0.0,4.2,0.0,2.1,6.8,6.6,0.0,0.5,0.6002,0.4414,0.0336,0.9155,0.6703,2.661,0.602,0.5666,0.0856,0.7711,0.4334,0.8711,2.7278,0.6302,0.5536,0.5536,0.5536,0.5406,0.0,0.0,0.1139,0.0,0.6545,0.0336,6.5969,0.3221,0,0,0,1,0,1,0,0,0,0,0,0,0,0,0,0,0,0,0,0,1,5582,1510,841,0,14,2429,619,0,14,0,14,0,14,97,111,39,65,58.9,15.1,0.0,1.8,94.7,4.5,0.0,1.8,0.0,1.8,0.0,1.8,3.8,4.1,1.5,2.5
72,Puerto Rico,PR,72071,Isabela,72071410500,"Census Tract 4105, Isabela Municipio, Puerto Rico",2.639563542982,5912,941,2645,309,2216,327,3160,706,149,125,633,212,740,282,262,189,865,259,1393,443,1047,329,242,156,2485,525,5833,904,53,63,28,45,0,28,171,123,117,105,54.5,8.3,8.0,6.5,28.6,8.6,19.0,6.7,4.5,3.2,14.6,4.6,23.6,6.5,18.1,5.9,10.9,6.9,45.1,6.5,98.7,21.9,2.0,2.4,1.1,1.7,0.0,1.3,7.7,5.5,2.0,1.7,0.3294,0.2148,0.7281,0.3814,0.2592,1.9129,0.2343,0.1138,0.8592,0.2842,0.7031,0.1517,2.112,0.2842,0.2221,0.2221,0.2221,0.5406,0.898,0.0,0.1562,0.8873,2.4821,0.744,6.7291,0.3438,0,0,0,0,0,0,0,0,0,0,0,0,0,0,0,0,0,0,0,0,0,7435,2155,1330,0,20,5833,903,0,20,0,20,0,20,0,20,0,20,37.2,6.1,0.0,0.8,98.7,1.4,0.0,0.8,0.0,0.8,0.0,0.8,0.0,0.8,0.0,0.8
72,Puerto Rico,PR,72071,Isabela,72071410600,"Census Tract 4106, Isabela Municipio, Puerto Rico",18.642411129586,4258,825,2436,290,1694,255,3311,843,119,87,140,108,1052,296,443,332,743,222,728,282,999,282,72,86,2710,641,4258,823,0,19,28,47,29,49,368,167,0,14,77.8,12.8,8.2,6.2,8.3,6.3,33.0,8.3,10.4,7.4,17.4,5.4,17.1,5.7,23.5,6.5,4.3,5.0,65.2,9.1,100.0,27.4,0.0,0.8,1.1,1.9,1.7,2.9,21.7,8.9,0.0,0.3,0.8581,0.2202,0.0163,0.8299,0.8362,2.7607,0.6508,0.2622,0.3976,0.577,0.195,0.5276,1.9594,0.2007,0.5536,0.5536,0.5536,0.0,0.898,0.4139,0.7766,0.0,2.0885,0.5586,7.3622,0.4967,0,0,0,0,0,0,0,0,0,0,0,0,0,0,0,0,0,0,0,0,0,2578,2266,1175,27,42,4176,817,0,14,0,14,0,14,55,90,0,14,53.2,10.3,0.6,1.0,98.1,2.3,0.0,1.1,0.0,1.1,0.0,1.1,1.3,2.1,0.0,1.1
72,Puerto Rico,PR,72071,Isabela,72071410701,"Census Tract 4107.01, Isabela Municipio, Puerto Rico",1.838342047172,2407,488,1204,161,976,154,1798,444,182,133,267,107,524,236,154,110,591,156,330,153,672,212,72,57,1540,371,2368,492,0,19,0,14,16,30,135,79,53,71,76.1,10.5,35.5,17.1,27.4,10.1,28.7,10.3,6.6,4.6,24.6,5.8,13.7,5.7,28.6,6.6,7.4,5.7,64.5,8.3,98.4,4.5,0.0,1.6,0.0,3.9,1.6,3.1,13.8,7.5,2.2,2.9,0.8202,0.9436,0.6804,0.7118,0.5315,3.6875,0.9284,0.7313,0.1723,0.8221,0.4475,0.5016,2.6748,0.5933,0.1788,0.1788,0.1788,0.0,0.0,0.3922,0.4881,0.8992,1.7795,0.4046,8.3206,0.7321,0,1,0,0,0,1,0,0,0,0,0,0,0,0,0,0,0,0,0,0,1,1466,1504,563,0,14,2352,491,0,14,0,14,0,14,0,14,16,26,63.9,13.0,0.0,2.0,97.7,2.3,0.0,2.0,0.0,2.0,0.0,2.0,0.0,2.0,0.7,1.1
72,Puerto Rico,PR,72071,Isabela,72071410703,"Census Tract 4107.03, Isabela Municipio, Puerto Rico",10.264958351362,3170,648,1452,224,1148,199,2190,622,35,55,231,126,625,280,136,115,492,211,468,223,406,178,55,63,1975,466,3170,648,22,38,0,14,61,71,152,101,13,34,69.1,13.6,3.7,5.9,20.1,10.4,27.7,11.5,4.3,3.5,15.5,6.9,14.8,6.4,12.8,6.1,4.8,5.4,63.9,7.9,100.0,0.0,1.5,2.6,0.0,3.2,5.3,6.1,13.2,9.0,0.4,1.1,0.6479,0.0618,0.3294,0.6826,0.2321,1.9538,0.2451,0.1571,0.2362,0.1009,0.234,0.4897,1.2179,0.0325,0.5536,0.5536,0.5536,0.5016,0.0,0.8613,0.4544,0.5688,2.3861,0.6974,6.1114,0.2245,0,0,0,0,0,0,0,0,0,0,0,0,0,0,0,0,0,0,0,0,0,1547,1805,856,0,14,3170,648,0,14,0,14,0,14,0,14,0,14,57.2,11.7,0.0,1.5,100.0,1.5,0.0,1.5,0.0,1.5,0.0,1.5,0.0,1.5,0.0,1.5
72,Puerto Rico,PR,72071,Isabela,72071410704,"Census Tract 4107.04, Isabela Municipio, Puerto Rico",2.51791786076,2787,757,1325,219,964,227,2432,719,88,83,218,129,597,243,113,105,418,200,841,354,708,318,98,91,2254,619,2787,745,0,19,0,14,31,50,85,70,26,29,88.1,9.6,14.1,11.3,22.6,12.3,32.5,10.3,4.1,3.8,15.0,7.5,30.2,9.7,25.6,11.2,10.2,9.1,83.8,2.0,100.0,38.1,0.0,1.4,0.0,3.5,3.2,5.1,8.8,7.4,0.9,1.0,0.9686,0.4989,0.455,0.818,0.2082,2.9487,0.7267,0.1322,0.9762,0.6887,0.6598,0.9621,3.419,0.9328,0.5536,0.5536,0.5536,0.0,0.0,0.6403,0.2082,0.7389,1.5874,0.3254,8.5087,0.7646,1,0,0,0,0,1,0,1,0,0,1,2,0,0,0,0,0,0,0,0,3,4412,1427,975,45,73,2742,741,0,14,0,14,0,14,0,14,0,14,51.7,14.2,1.6,2.6,98.4,2.6,0.0,1.7,0.0,1.7,0.0,1.7,0.0,1.7,0.0,1.7
72,Puerto Rico,PR,72073,Jayuya,72073956200,"Census Tract 9562, Jayuya Municipio, Puerto Rico",24.236326017844,5639,657,2561,221,2098,240,4458,684,314,197,473,160,1153,289,516,236,1109,188,977,341,1413,341,142,104,4122,700,5519,648,0,28,0,20,36,45,303,152,21,14,79.4,7.9,21.0,11.7,22.5,7.2,27.4,6.5,9.2,4.1,19.7,3.5,17.3,5.7,25.2,5.5,6.8,4.9,77.8,9.7,97.9,1.4,0.0,1.1,0.0,1.8,1.7,2.1,14.4,6.9,0.4,0.2,0.883,0.7462,0.4496,0.6696,0.7711,3.5195,0.8959,0.4106,0.4128,0.6638,0.4052,0.8797,2.7721,0.6616,0.1278,0.1278,0.1278,0.0,0.0,0.4139,0.5184,0.5688,1.5011,0.2798,7.9205,0.6345,0,0,0,0,0,0,0,0,0,0,0,0,0,0,0,0,0,0,0,0,0,4501,2679,1009,0,20,5519,647,0,20,0,20,0,20,0,20,0,20,47.7,5.6,0.0,0.8,97.9,1.7,0.0,0.8,0.0,0.8,0.0,0.8,0.0,0.8,0.0,0.8
72,Puerto Rico,PR,72073,Jayuya,72073956304,"Census Tract 9563.04, Jayuya Municipio, Puerto Rico",18.769269188808,4923,787,1984,231,1583,237,3565,829,73,70,320,145,651,218,273,215,686,168,1120,399,770,316,109,125,3662,687,4923,787,0,19,0,14,34,39,273,155,18,21,72.7,12.2,5.2,4.8,20.2,8.6,20.6,6.9,5.6,4.2,13.9,4.0,22.8,7.2,15.7,6.2,6.9,7.8,77.5,8.0,100.0,0.0,0.0,1.0,0.0,2.4,2.1,2.4,17.2,9.4,0.4,0.4,0.7411,0.1063,0.3348,0.441,0.4002,2.0234,0.2852,0.0921,0.818,0.1952,0.4117,0.8754,2.3924,0.4121,0.5536,0.5536,0.5536,0.0,0.0,0.4908,0.654,0.5688,1.7136,0.3742,6.683,0.3373,0,0,0,0,0,0,0,0,0,0,0,0,0,0,0,0,0,0,0,0,0,3496,1508,1106,0,14,4923,787,0,14,0,14,0,14,0,14,0,14,30.7,4.9,0.0,1.0,100.0,1.0,0.0,1.0,0.0,1.0,0.0,1.0,0.0,1.0,0.0,1.0
72,Puerto Rico,PR,72073,Jayuya,72073956305,"Census Tract 9563.05, Jayuya Municipio, Puerto Rico",1.527618740632,3677,746,1659,212,1336,216,2927,647,174,99,215,90,387,149,199,208,626,147,938,321,823,285,233,114,2658,527,3677,746,119,44,18,20,5,17,242,71,0,14,79.6,7.0,17.8,10.3,16.1,6.2,15.9,5.8,5.4,5.5,17.0,4.5,25.5,7.0,22.4,6.5,17.4,8.1,75.1,21.4,100.0,0.0,7.2,2.5,1.1,1.2,0.4,1.3,18.1,5.7,0.0,0.4,0.8841,0.6388,0.1928,0.2774,0.372,2.3651,0.4512,0.2394,0.9144,0.5217,0.9166,0.8212,3.4133,0.9317,0.5536,0.5536,0.5536,0.7151,0.898,0.2113,0.692,0.0,2.5164,0.7527,8.8484,0.8221,0,0,0,0,0,0,0,1,0,1,0,2,0,0,0,0,0,0,0,0,2,5958,1386,990,0,14,3677,746,0,14,0,14,0,14,0,14,0,14,37.7,7.7,0.0,1.3,100.0,1.3,0.0,1.3,0.0,1.3,0.0,1.3,0.0,1.3,0.0,1.3
72,Puerto Rico,PR,72075,Juana Díaz,72075710102,"Census Tract 7101.02, Juana Díaz Municipio, Puerto Rico",17.38510741848,4940,835,1768,189,1499,186,3657,803,447,176,233,101,923,271,286,162,825,280,952,301,1135,346,60,58,3673,684,4940,835,0,19,0,14,62,55,169,96,15,34,74.0,10.4,20.5,7.0,15.5,6.5,25.9,6.1,5.8,3.4,16.7,4.8,19.3,5.1,23.0,5.7,4.0,3.8,78.1,6.6,100.0,0.0,0.0,1.1,0.0,2.6,4.1,3.6,11.3,6.3,0.3,0.7,0.7768,0.7245,0.1614,0.6295,0.4273,2.7195,0.6312,0.2232,0.5883,0.551,0.1733,0.883,2.4188,0.4328,0.5536,0.5536,0.5536,0.0,0.0,0.753,0.3503,0.5255,1.6288,0.3384,7.3207,0.4805,0,0,0,0,0,0,0,0,0,0,0,0,0,0,0,0,0,0,0,0,0,4211,856,1194,0,14,4940,835,0,14,0,14,0,14,0,14,0,14,17.4,3.0,0.0,1.0,100.0,1.0,0.0,1.0,0.0,1.0,0.0,1.0,0.0,1.0,0.0,1.0
72,Puerto Rico,PR,72075,Juana Díaz,72075710200,"Census Tract 7102, Juana Díaz Municipio, Puerto Rico",5.857682013966,5025,632,1906,163,1530,178,3963,587,617,188,408,133,1001,316,317,165,917,220,1114,245,1310,260,123,79,4061,558,4999,637,0,28,0,20,104,66,224,92,34,19,79.0,6.1,35.6,8.8,26.7,8.1,29.1,7.2,6.3,3.1,18.2,4.0,22.2,4.0,26.1,4.1,8.0,5.1,86.9,4.7,99.5,2.0,0.0,1.5,0.0,2.5,6.8,4.2,14.6,6.0,0.7,0.4,0.8754,0.9447,0.6533,0.7226,0.4892,3.6852,0.9273,0.3164,0.7898,0.7104,0.5016,0.9902,3.3084,0.897,0.4193,0.4193,0.4193,0.0,0.0,0.9393,0.5293,0.6956,2.1642,0.5954,9.5771,0.9067,0,1,0,0,0,1,0,0,0,0,1,1,0,0,0,0,1,0,0,1,3,2550,806,884,0,20,4999,636,0,20,0,20,0,20,0,20,0,20,16.1,2.0,0.0,0.9,99.5,0.8,0.0,0.9,0.0,0.9,0.0,0.9,0.0,0.9,0.0,0.9
72,Puerto Rico,PR,72075,Juana Díaz,72075710301,"Census Tract 7103.01, Juana Díaz Municipio, Puerto Rico",2.306551340186,3597,632,1573,186,1290,179,1937,537,178,96,288,109,324,133,208,115,559,176,715,286,689,215,118,74,2025,474,3597,632,19,34,0,14,10,20,115,67,0,14,53.9,11.5,13.3,6.9,22.3,7.9,13.3,4.8,5.8,3.2,15.5,4.8,19.9,7.1,19.2,5.6,9.1,5.6,59.4,10.1,100.0,0.0,1.2,2.2,0.0,3.0,0.8,1.5,8.9,5.1,0.0,0.4,0.3131,0.4631,0.442,0.1907,0.4273,1.8362,0.2017,0.1571,0.6371,0.3319,0.5764,0.39,2.0925,0.2722,0.5536,0.5536,0.5536,0.4713,0.0,0.2405,0.2158,0.0,0.9276,0.0857,5.4099,0.1161,0,0,0,0,0,0,0,0,0,0,0,0,0,0,0,0,0,0,0,0,0,2259,725,863,0,14,3597,632,0,14,0,14,0,14,0,14,0,14,20.2,3.6,0.0,1.3,100.0,1.3,0.0,1.3,0.0,1.3,0.0,1.3,0.0,1.3,0.0,1.3
72,Puerto Rico,PR,72075,Juana Díaz,72075710302,"Census Tract 7103.02, Juana Díaz Municipio, Puerto Rico",4.356839447034,4491,686,1581,176,1426,169,1886,462,455,180,278,103,447,139,177,143,741,170,877,255,1006,239,77,59,2451,451,4491,690,100,39,0,14,79,59,119,58,13,17,42.0,8.0,22.7,7.6,19.5,6.8,15.0,4.3,3.9,3.1,16.5,3.6,19.5,4.8,22.4,4.5,5.4,4.1,57.8,6.4,100.0,1.7,6.3,2.4,0.0,3.0,5.5,4.1,8.3,4.0,0.3,0.4,0.1322,0.7787,0.3001,0.2438,0.1844,1.6392,0.1269,0.2059,0.6056,0.5217,0.286,0.3597,1.9789,0.2104,0.5536,0.5536,0.5536,0.6956,0.0,0.8722,0.1811,0.5255,2.2744,0.6464,6.4461,0.2874,0,0,0,0,0,0,0,0,0,0,0,0,0,0,0,0,0,0,0,0,0,2654,682,965,0,14,4482,690,0,14,9,13,0,14,0,14,0,14,15.2,2.3,0.0,1.1,99.8,0.3,0.0,1.1,0.2,0.3,0.0,1.1,0.0,1.1,0.0,1.1
72,Puerto Rico,PR,72075,Juana Díaz,72075710400,"Census Tract 7104, Juana Díaz Municipio, Puerto Rico",0.439650872482,1677,353,846,115,633,119,1315,347,205,106,88,51,273,119,105,63,301,107,393,130,377,118,65,44,1345,277,1677,354,64,42,0,14,29,30,121,50,0,14,78.4,12.5,34.6,12.1,13.9,7.6,23.5,8.0,6.3,3.6,17.9,6.5,23.4,6.0,22.5,5.9,10.3,6.7,86.7,26.0,100.0,1.6,7.6,4.9,0.0,5.5,4.6,4.7,19.1,7.6,0.0,0.8,0.8657,0.9371,0.1148,0.546,0.4892,2.9528,0.731,0.2979,0.8516,0.5315,0.6663,0.9881,3.3354,0.9067,0.5536,0.5536,0.5536,0.7226,0.0,0.7952,0.7234,0.0,2.2412,0.6247,9.083,0.8471,0,1,0,0,0,1,0,0,0,0,1,1,0,0,0,0,0,0,0,0,2,2407,342,488,0,14,1677,353,0,14,0,14,0,14,0,14,0,14,20.4,4.3,0.0,2.8,100.0,2.8,0.0,2.8,0.0,2.8,0.0,2.8,0.0,2.8,0.0,2.8
72,Puerto Rico,PR,72075,Juana Díaz,72075710500,"Census Tract 7105, Juana Díaz Municipio, Puerto Rico",0.2617192407,1577,292,678,100,604,103,1011,174,83,53,87,53,256,106,72,56,290,104,416,107,403,131,156,65,1206,260,1577,294,152,53,5,8,0,19,164,63,0,14,64.1,16.2,19.6,12.6,14.4,8.4,24.4,9.1,4.6,3.3,18.4,6.1,26.4,4.7,25.6,8.1,25.8,9.8,82.0,7.1,100.0,2.2,22.4,7.1,0.7,1.2,0.0,3.1,27.2,9.9,0.0,0.9,0.532,0.6996,0.13,0.5796,0.2722,2.2134,0.3796,0.3239,0.935,0.6887,0.9783,0.9437,3.8696,0.9902,0.5536,0.5536,0.5536,0.8678,0.8275,0.0,0.8601,0.0,2.5554,0.7755,9.192,0.8612,0,0,0,0,0,0,0,1,0,1,1,3,0,0,0,0,0,0,0,0,3,2079,396,432,0,14,1577,292,0,14,0,14,0,14,0,14,0,14,25.1,4.7,0.0,3.0,100.0,3.0,0.0,3.0,0.0,3.0,0.0,3.0,0.0,3.0,0.0,3.0
72,Puerto Rico,PR,72075,Juana Díaz,72075710600,"Census Tract 7106, Juana Díaz Municipio, Puerto Rico",0.667619006852,1736,353,1033,121,788,106,1137,305,151,91,90,52,418,132,131,70,675,124,216,120,441,107,38,29,1108,261,1736,354,68,36,0,14,13,24,205,62,0,14,65.5,11.5,28.2,11.1,11.4,6.4,30.5,7.8,7.5,3.5,38.9,8.0,12.4,6.4,25.4,5.8,4.8,3.6,65.1,8.1,100.0,1.5,6.6,3.4,0.0,4.5,1.6,3.0,26.0,7.9,0.0,0.8,0.571,0.8861,0.0596,0.7616,0.6323,2.9106,0.7028,0.9967,0.1192,0.6735,0.234,0.5211,2.5445,0.5098,0.5536,0.5536,0.5536,0.7021,0.0,0.3922,0.8416,0.0,1.9359,0.4772,7.9446,0.6432,0,0,0,0,0,0,1,0,0,0,0,1,0,0,0,0,0,0,0,0,1,1748,474,500,0,14,1736,353,0,14,0,14,0,14,0,14,0,14,27.3,5.6,0.0,2.7,100.0,2.7,0.0,2.7,0.0,2.7,0.0,2.7,0.0,2.7,0.0,2.7
72,Puerto Rico,PR,72075,Juana Díaz,72075710700,"Census Tract 7107, Juana Díaz Municipio, Puerto Rico",10.208124136962,1787,291,720,96,591,89,1224,268,140,59,92,53,301,95,70,61,425,111,292,127,564,154,27,34,1209,257,1787,293,0,19,0,14,9,20,90,44,7,8,68.8,10.1,19.6,7.9,15.6,8.7,21.3,6.6,3.9,3.3,23.8,7.1,16.3,6.6,31.7,8.1,4.6,5.7,69.1,9.2,100.0,1.9,0.0,2.6,0.0,6.4,1.5,3.4,15.2,7.1,0.4,0.4,0.6403,0.6996,0.1679,0.4735,0.1844,2.1657,0.359,0.6923,0.3315,0.9046,0.2232,0.6533,2.8049,0.6855,0.5536,0.5536,0.5536,0.0,0.0,0.3759,0.5694,0.5688,1.5141,0.2863,7.0383,0.4154,0,0,0,0,0,0,0,0,1,0,0,1,0,0,0,0,0,0,0,0,1,823,440,404,0,14,1787,291,0,14,0,14,0,14,0,14,0,14,24.7,4.0,0.0,2.6,100.0,2.6,0.0,2.6,0.0,2.6,0.0,2.6,0.0,2.6,0.0,2.6
72,Puerto Rico,PR,72075,Juana Díaz,72075710800,"Census Tract 7108, Juana Díaz Municipio, Puerto Rico",5.369251787008,5443,1044,2487,285,1994,300,3453,792,326,188,350,174,952,314,478,247,1110,295,996,416,1337,444,236,141,3897,853,5411,1044,0,28,0,20,19,36,225,105,24,17,63.4,8.0,17.7,9.6,17.6,8.3,24.1,6.6,8.8,4.3,20.4,5.8,18.3,6.8,24.7,6.8,11.8,6.8,74.0,7.8,99.4,2.1,0.0,1.1,0.0,1.9,1.0,1.8,11.3,5.5,0.4,0.3,0.5125,0.6345,0.2243,0.5677,0.7419,2.6809,0.6085,0.4594,0.5038,0.6334,0.7508,0.7931,3.1405,0.8373,0.3694,0.3694,0.3694,0.0,0.0,0.2839,0.3503,0.5688,1.203,0.1616,7.3938,0.5054,0,0,0,0,0,0,0,0,0,0,0,0,0,0,0,0,0,0,0,0,0,4711,1530,1453,0,20,5411,1043,0,20,0,20,0,20,0,20,0,20,28.2,5.4,0.0,0.9,99.4,1.0,0.0,0.9,0.0,0.9,0.0,0.9,0.0,0.9,0.0,0.9
72,Puerto Rico,PR,72075,Juana Díaz,72075710901,"Census Tract 7109.01, Juana Díaz Municipio, Puerto Rico",2.549338455418,4923,774,2015,189,1683,205,3643,622,218,104,417,149,824,214,322,125,733,149,1089,322,1125,280,160,82,3183,531,4923,774,0,19,0,14,55,53,133,69,0,14,74.0,4.9,11.1,5.1,24.8,8.3,24.6,5.3,6.5,2.6,14.9,3.4,22.1,5.5,22.9,4.7,9.5,4.7,67.1,3.9,100.0,0.0,0.0,0.9,0.0,2.3,3.3,3.1,7.9,4.2,0.0,0.3,0.7768,0.3698,0.5655,0.5905,0.5184,2.821,0.6714,0.1289,0.7801,0.5488,0.6056,0.5937,2.6571,0.5835,0.5536,0.5536,0.5536,0.0,0.0,0.6544,0.1659,0.0,0.8203,0.0597,6.852,0.3764,0,0,0,0,0,0,0,0,0,0,0,0,0,0,0,0,0,0,0,0,0,3845,848,1115,0,14,4923,774,0,14,0,14,0,14,0,14,0,14,17.2,2.7,0.0,1.0,100.0,1.0,0.0,1.0,0.0,1.0,0.0,1.0,0.0,1.0,0.0,1.0
72,Puerto Rico,PR,72075,Juana Díaz,72075710902,"Census Tract 7109.02, Juana Díaz Municipio, Puerto Rico",7.663633578256,6735,876,2526,274,2269,266,3014,688,573,246,636,212,494,220,118,100,955,322,1713,394,1112,286,225,147,3555,699,6723,876,0,28,0,20,0,28,121,94,423,186,47.8,8.8,20.8,7.8,28.0,8.7,11.4,4.7,1.8,1.5,14.2,4.0,25.4,4.8,17.0,3.7,9.9,6.4,54.8,8.2,99.8,0.8,0.0,1.1,0.0,1.9,0.0,1.2,5.3,4.2,6.3,2.6,0.2102,0.7364,0.7053,0.1322,0.0315,1.8156,0.1931,0.0986,0.9122,0.2343,0.6414,0.2893,2.1758,0.3102,0.5255,0.5255,0.5255,0.0,0.0,0.0,0.0727,0.9729,1.0456,0.1161,5.5625,0.1421,0,0,0,0,0,0,0,1,0,0,0,1,0,0,0,0,0,0,1,1,2,9061,661,1180,3,5,6720,875,0,20,0,20,0,20,0,20,0,20,10.5,1.4,0.0,0.1,99.8,0.3,0.0,0.7,0.0,0.7,0.0,0.7,0.0,0.7,0.0,0.7
72,Puerto Rico,PR,72075,Juana Díaz,72075711002,"Census Tract 7110.02, Juana Díaz Municipio, Puerto Rico",3.212458987868,3483,550,1586,179,1172,163,2716,573,360,158,105,70,769,241,119,82,562,179,761,235,724,216,72,61,2453,432,3483,551,0,19,0,14,18,31,217,86,9,6,78.2,10.9,24.2,8.5,9.0,5.8,32.2,8.2,3.4,2.3,16.1,5.6,21.8,5.8,20.8,6.2,6.1,5.1,74.4,4.3,100.0,1.0,0.0,1.2,0.0,2.9,1.5,2.6,18.5,7.1,0.3,0.2,0.8635,0.8015,0.026,0.8115,0.1345,2.637,0.5846,0.1842,0.766,0.4262,0.3489,0.8007,2.526,0.5033,0.5536,0.5536,0.5536,0.0,0.0,0.3759,0.7061,0.5255,1.6075,0.3319,7.3241,0.4837,0,0,0,0,0,0,0,0,0,0,0,0,0,0,0,0,0,0,0,0,0,1967,1112,737,0,14,3483,550,0,14,0,14,0,14,0,14,0,14,32.0,5.1,0.0,1.4,100.0,1.4,0.0,1.4,0.0,1.4,0.0,1.4,0.0,1.4,0.0,1.4
72,Puerto Rico,PR,72077,Juncos,72077500100,"Census Tract 5001, Juncos Municipio, Puerto Rico",8.926376694338,7448,896,2759,251,2169,264,4708,917,1217,357,319,157,1389,383,1283,675,921,207,1491,430,1434,341,288,181,4013,747,7438,897,0,28,64,72,53,67,324,145,179,92,63.8,9.7,35.6,9.8,14.7,7.0,27.1,7.4,17.4,8.8,12.4,3.1,20.0,5.2,19.4,4.9,13.3,8.2,54.5,7.8,99.9,0.8,0.0,1.0,2.3,2.5,2.4,3.1,14.9,6.5,2.4,1.2,0.5222,0.9447,0.1376,0.6631,0.9707,3.2383,0.8406,0.0574,0.6414,0.3471,0.8212,0.2806,2.1477,0.2983,0.546,0.546,0.546,0.0,0.9848,0.5309,0.5499,0.9079,2.9735,0.8905,8.9055,0.8341,0,1,0,0,1,2,0,0,0,0,0,0,0,0,0,1,0,0,1,2,4,4126,1636,1382,0,20,7438,896,0,20,0,20,0,20,0,20,0,20,22.5,2.8,0.0,0.6,99.9,0.3,0.0,0.6,0.0,0.6,0.0,0.6,0.0,0.6,0.0,0.6
72,Puerto Rico,PR,72077,Juncos,72077500200,"Census Tract 5002, Juncos Municipio, Puerto Rico",2.032443244612,5809,924,2886,314,2274,310,3118,807,393,219,705,266,998,414,506,272,1094,312,1233,376,1418,444,330,174,3148,710,5775,932,84,68,0,20,44,46,347,155,5,8,53.7,11.0,18.8,8.8,31.0,10.9,23.4,8.3,8.7,4.6,18.8,5.3,21.2,5.5,24.4,6.8,14.5,7.4,57.6,9.1,99.4,2.7,2.9,2.3,0.0,1.6,1.9,2.0,15.3,6.2,0.1,0.1,0.3055,0.6703,0.8137,0.5406,0.7321,3.0622,0.7733,0.3521,0.7281,0.6215,0.857,0.3554,2.9141,0.7289,0.3694,0.3694,0.3694,0.572,0.0,0.4561,0.577,0.4334,2.0385,0.5315,8.3842,0.7462,0,0,0,0,0,0,0,0,0,0,0,0,0,0,0,0,0,0,0,0,0,4525,1188,1331,0,20,5775,931,0,20,0,20,0,20,0,20,0,20,20.5,3.3,0.0,0.8,99.4,1.0,0.0,0.8,0.0,0.8,0.0,0.8,0.0,0.8,0.0,0.8
72,Puerto Rico,PR,72077,Juncos,72077500302,"Census Tract 5003.02, Juncos Municipio, Puerto Rico",3.708736737976,6376,937,2778,292,2322,285,4209,924,140,118,742,240,1270,418,181,157,1137,356,1646,439,1225,482,352,167,3573,729,6376,938,71,86,0,20,87,78,184,127,0,20,66.0,10.8,6.8,5.3,32.0,9.6,29.1,8.1,2.8,2.4,17.8,5.7,25.8,5.7,19.2,7.0,15.2,6.9,60.5,8.4,100.0,0.7,2.6,3.1,0.0,1.7,3.7,3.3,7.9,5.4,0.0,0.3,0.5785,0.1649,0.8407,0.7226,0.0835,2.3902,0.4653,0.2882,0.9209,0.3319,0.8732,0.4215,2.8357,0.6963,0.5536,0.5536,0.5536,0.5612,0.0,0.7064,0.1659,0.0,1.4335,0.2484,7.213,0.4577,0,0,0,0,0,0,0,1,0,0,0,1,0,0,0,0,0,0,0,0,1,3948,1271,1383,0,20,6376,937,0,20,0,20,0,20,0,20,0,20,19.9,2.9,0.0,0.7,100.0,0.7,0.0,0.7,0.0,0.7,0.0,0.7,0.0,0.7,0.0,0.7
72,Puerto Rico,PR,72077,Juncos,72077500303,"Census Tract 5003.03, Juncos Municipio, Puerto Rico",3.676963632192,4022,893,1501,258,1262,253,2414,744,261,233,447,168,960,383,148,186,613,225,887,304,615,228,145,112,2345,702,3960,879,37,61,0,14,31,52,88,83,23,15,60.0,12.8,16.0,12.3,35.4,11.3,37.2,10.8,3.7,4.7,15.2,5.9,22.1,5.7,15.3,6.1,11.5,8.6,63.4,11.9,98.5,30.9,2.5,4.0,0.0,3.1,2.5,4.1,7.0,6.4,0.6,0.3,0.4377,0.5748,0.8992,0.9068,0.1649,2.9834,0.7419,0.1408,0.7801,0.179,0.7378,0.4756,2.3133,0.3709,0.1874,0.1874,0.1874,0.558,0.0,0.5558,0.1226,0.6522,1.8886,0.4512,7.3727,0.5011,0,0,0,1,0,1,0,0,0,0,0,0,0,0,0,0,0,0,0,0,1,11690,686,1287,0,14,3960,879,0,14,0,14,0,14,0,14,0,14,17.2,3.9,0.0,1.2,98.5,2.5,0.0,1.2,0.0,1.2,0.0,1.2,0.0,1.2,0.0,1.2
72,Puerto Rico,PR,72077,Juncos,72077500304,"Census Tract 5003.04, Juncos Municipio, Puerto Rico",1.065300978036,3751,969,1589,282,1311,277,2121,668,352,224,415,197,476,231,471,309,654,200,466,279,865,315,75,91,1732,459,3751,969,0,19,51,84,0,19,92,74,0,14,56.5,10.2,19.0,9.8,31.7,13.5,16.7,7.8,12.6,7.1,17.4,6.1,12.4,6.7,23.1,8.0,5.7,6.8,47.1,2.1,100.0,0.0,0.0,1.2,3.2,5.2,0.0,1.4,7.0,5.5,0.0,0.4,0.3673,0.6746,0.8321,0.3088,0.91,3.0928,0.7798,0.2622,0.1192,0.5564,0.3131,0.1766,1.4275,0.0607,0.5536,0.5536,0.5536,0.0,0.9935,0.0,0.1226,0.0,1.1161,0.1312,6.19,0.2354,0,0,0,0,1,1,0,0,0,0,0,0,0,0,0,1,0,0,0,1,2,3900,544,1342,0,14,3751,969,0,14,0,14,0,14,0,14,0,14,14.5,3.8,0.0,1.3,100.0,1.3,0.0,1.3,0.0,1.3,0.0,1.3,0.0,1.3,0.0,1.3
72,Puerto Rico,PR,72077,Juncos,72077500401,"Census Tract 5004.01, Juncos Municipio, Puerto Rico",2.341489710166,5878,706,2162,198,1963,191,3913,695,467,201,537,156,805,212,511,222,773,269,1594,321,1329,353,329,126,2989,549,5844,693,235,102,10,18,71,57,266,104,13,17,66.6,8.7,19.5,7.4,27.4,7.5,22.3,5.4,8.7,3.6,13.2,4.2,27.1,4.4,22.6,5.1,16.8,6.2,53.6,7.3,99.4,16.8,10.9,4.6,0.5,0.8,3.6,2.9,13.6,5.2,0.2,0.3,0.5926,0.6931,0.6804,0.506,0.7321,3.2042,0.8265,0.0758,0.9491,0.5347,0.9047,0.26,2.7243,0.6258,0.3694,0.3694,0.3694,0.7616,0.7928,0.688,0.4805,0.4735,3.1964,0.9436,9.4943,0.9002,0,0,0,0,0,0,0,1,0,1,0,2,0,0,0,0,0,0,0,0,2,3020,955,956,0,20,5826,691,0,20,0,20,0,20,0,20,18,29,16.3,2.0,0.0,0.8,99.1,1.0,0.0,0.8,0.0,0.8,0.0,0.8,0.0,0.8,0.3,0.5
72,Puerto Rico,PR,72077,Juncos,72077500402,"Census Tract 5004.02, Juncos Municipio, Puerto Rico",4.7388035919,5187,799,2102,210,1724,218,2988,714,279,146,261,120,904,300,652,273,1011,238,633,236,1033,240,113,68,3363,639,5187,805,0,28,0,20,67,56,42,46,0,20,57.6,10.5,12.5,5.5,15.1,6.7,23.1,6.1,12.6,4.6,19.5,4.2,12.2,4.1,19.9,4.3,6.6,3.9,66.3,7.7,100.0,1.9,0.0,1.3,0.0,2.2,3.9,3.2,2.4,2.7,0.0,0.4,0.3889,0.4262,0.1484,0.5298,0.91,2.4033,0.4751,0.3987,0.1127,0.3688,0.3824,0.5645,1.8271,0.1464,0.5536,0.5536,0.5536,0.0,0.0,0.7281,0.0217,0.0,0.7498,0.0445,5.5338,0.1312,0,0,0,0,1,1,0,0,0,0,0,0,0,0,0,0,0,0,0,0,1,2887,725,1137,0,20,5124,798,0,20,0,20,0,20,0,20,63,98,14.0,2.2,0.0,0.9,98.8,1.9,0.0,0.9,0.0,0.9,0.0,0.9,0.0,0.9,1.2,1.9
72,Puerto Rico,PR,72079,Lajas,72079850101,"Census Tract 8501.01, Lajas Municipio, Puerto Rico",22.51607674229,1970,415,1246,95,725,89,1560,365,235,109,107,56,405,130,118,86,546,128,310,159,415,128,24,30,1323,305,1916,383,10,21,10,15,0,19,73,39,0,14,79.2,8.1,37.9,12.0,14.8,7.5,28.6,7.3,6.0,3.8,27.7,7.3,15.7,7.4,21.1,6.6,3.3,4.1,69.6,7.2,97.3,28.3,0.8,1.7,0.8,1.2,0.0,2.6,10.1,5.2,0.0,0.7,0.8808,0.9642,0.1398,0.7064,0.4566,3.1478,0.8037,0.8483,0.2936,0.4425,0.1257,0.6696,2.3797,0.4024,0.0953,0.0953,0.0953,0.4171,0.8427,0.0,0.2842,0.0,1.544,0.3015,7.1668,0.4469,0,1,0,0,0,1,0,0,0,0,0,0,0,0,0,0,0,0,0,0,1,2270,1233,498,0,14,1879,378,0,14,0,14,0,14,0,14,37,58,62.6,13.2,0.0,2.4,95.4,3.2,0.0,2.4,0.0,2.4,0.0,2.4,0.0,2.4,1.9,2.8
72,Puerto Rico,PR,72079,Lajas,72079850102,"Census Tract 8501.02, Lajas Municipio, Puerto Rico",9.06723674259,5280,789,2806,251,1846,254,3697,805,334,204,285,134,1330,323,135,135,1289,258,811,335,1062,294,77,89,3614,637,5183,778,0,28,0,20,0,28,193,117,16,26,70.2,11.1,16.9,9.9,15.4,6.9,35.3,6.3,2.6,2.6,24.4,5.0,15.4,5.9,20.2,5.6,4.2,4.8,71.7,7.0,98.2,1.3,0.0,1.0,0.0,1.7,0.0,1.5,10.5,6.3,0.3,0.5,0.6782,0.615,0.156,0.8808,0.0705,2.4005,0.474,0.7226,0.2795,0.385,0.1874,0.7161,2.2906,0.3633,0.1593,0.1593,0.1593,0.0,0.0,0.0,0.3059,0.5255,0.8314,0.0629,5.6818,0.1562,0,0,0,0,0,0,0,0,0,0,0,0,0,0,0,0,0,0,0,0,0,3574,3470,977,0,20,5183,777,0,20,0,20,0,20,0,20,0,20,65.9,9.9,0.0,0.9,98.2,1.7,0.0,0.9,0.0,0.9,0.0,0.9,0.0,0.9,0.0,0.9
72,Puerto Rico,PR,72079,Lajas,72079850200,"Census Tract 8502, Lajas Municipio, Puerto Rico",1.713684383248,4906,818,2252,229,1630,211,3605,802,254,125,378,132,658,174,266,157,1117,189,1043,336,1066,255,179,98,2397,489,4897,817,27,30,0,14,36,44,303,119,18,34,73.8,10.7,18.4,8.8,23.2,7.5,20.6,4.4,5.4,3.1,22.8,4.1,21.3,5.9,21.8,5.3,11.0,5.8,51.6,6.8,99.8,0.7,1.2,1.3,0.0,2.1,2.2,2.7,18.6,6.8,0.4,0.7,0.7714,0.6605,0.4778,0.441,0.372,2.7227,0.6323,0.6316,0.7302,0.4924,0.7107,0.2362,2.8011,0.6822,0.5255,0.5255,0.5255,0.4713,0.0,0.5049,0.7082,0.5688,2.2532,0.6312,8.3025,0.7278,0,0,0,0,0,0,0,0,0,0,0,0,0,0,0,0,0,0,0,0,0,5409,2443,1017,0,14,4897,817,0,14,0,14,0,14,0,14,0,14,50.0,8.4,0.0,1.0,99.8,0.3,0.0,1.0,0.0,1.0,0.0,1.0,0.0,1.0,0.0,1.0
72,Puerto Rico,PR,72079,Lajas,72079850300,"Census Tract 8503, Lajas Municipio, Puerto Rico",4.836133342366,5138,912,2492,222,1852,251,4450,890,353,151,165,91,1615,383,255,164,1348,273,759,320,1526,424,81,76,3861,702,5138,917,0,28,0,20,15,31,249,107,0,20,86.6,8.0,25.6,10.2,8.9,4.8,41.5,7.8,5.0,3.1,26.2,5.7,14.8,5.6,29.7,7.7,4.4,4.1,76.7,4.2,100.0,1.9,0.0,1.1,0.0,1.9,0.8,1.7,13.4,5.6,0.0,0.4,0.9577,0.8351,0.0238,0.9642,0.3275,3.1083,0.7918,0.7898,0.2362,0.8579,0.2059,0.857,2.9468,0.7505,0.5536,0.5536,0.5536,0.0,0.0,0.2405,0.4653,0.0,0.7058,0.0369,7.3145,0.4772,1,0,0,1,0,2,0,0,0,0,0,0,0,0,0,0,0,0,0,0,2,3706,4107,1019,0,20,5008,910,0,20,0,20,0,20,0,20,130,110,79.9,14.2,0.0,0.9,97.5,2.2,0.0,0.9,0.0,0.9,0.0,0.9,0.0,0.9,2.5,2.2
72,Puerto Rico,PR,72079,Lajas,72079850400,"Census Tract 8504, Lajas Municipio, Puerto Rico",21.823810528166,5097,904,3392,252,1880,283,3821,790,169,141,255,133,1411,379,289,212,1148,243,975,361,891,282,119,109,3362,715,5020,896,57,65,304,120,69,82,315,142,12,14,75.1,8.1,10.9,8.2,13.6,6.8,37.6,6.5,5.7,4.2,22.5,5.2,19.1,6.2,17.5,5.0,6.3,5.7,67.8,8.2,98.5,2.0,1.7,1.9,9.0,3.4,3.7,4.3,16.8,7.5,0.2,0.3,0.7963,0.3644,0.1073,0.9122,0.4165,2.5967,0.5716,0.6067,0.572,0.2516,0.3673,0.6111,2.4087,0.4252,0.1874,0.1874,0.1874,0.5222,0.9978,0.7064,0.6464,0.4735,3.3463,0.9653,8.5391,0.769,0,0,0,1,0,1,0,0,0,0,0,0,0,0,0,1,0,0,0,1,2,5421,3327,1128,0,20,5020,895,0,20,0,20,0,20,0,20,0,20,65.4,11.6,0.0,0.9,98.5,1.8,0.0,0.9,0.0,0.9,0.0,0.9,0.0,0.9,0.0,0.9
72,Puerto Rico,PR,72081,Lares,72081957700,"Census Tract 9577, Lares Municipio, Puerto Rico",10.262553708106,4401,591,2005,210,1767,206,3118,589,304,128,480,146,1135,241,238,134,859,154,942,248,815,194,174,113,3387,490,4401,581,0,19,0,14,0,19,315,133,9,11,70.8,9.4,24.2,8.7,27.2,7.6,37.0,7.8,5.4,3.0,19.5,4.3,21.4,4.8,18.5,3.7,9.8,6.3,78.7,4.9,100.0,18.8,0.0,0.9,0.0,2.3,0.0,1.1,17.8,6.8,0.2,0.2,0.6966,0.8015,0.6728,0.9014,0.372,3.4443,0.8818,0.3987,0.74,0.3026,0.6327,0.8982,2.9722,0.756,0.5536,0.5536,0.5536,0.0,0.0,0.0,0.6822,0.4735,1.1557,0.1443,8.1258,0.6811,0,0,0,1,0,1,0,0,0,0,0,0,0,0,0,0,0,0,0,0,1,3530,1638,789,0,14,4323,575,0,14,0,14,0,14,0,14,78,79,37.3,5.0,0.0,1.1,98.2,1.8,0.0,1.1,0.0,1.1,0.0,1.1,0.0,1.1,1.8,1.8
72,Puerto Rico,PR,72081,Lares,72081957800,"Census Tract 9578, Lares Municipio, Puerto Rico",9.551598612774,5471,757,2567,229,2158,258,3999,757,157,119,323,145,1235,292,315,220,1061,238,990,351,1029,253,59,68,4006,718,5471,758,0,28,22,35,0,28,168,117,91,129,73.9,9.5,8.5,6.2,15.0,6.5,30.9,7.1,5.8,4.0,19.4,4.7,18.1,5.9,19.0,4.7,2.7,3.1,75.6,8.8,100.0,0.7,0.0,1.1,0.9,1.4,0.0,1.3,7.8,5.4,1.7,2.3,0.7746,0.2332,0.1463,0.779,0.4273,2.3604,0.4501,0.3889,0.4865,0.32,0.0899,0.8321,2.1174,0.2852,0.5536,0.5536,0.5536,0.0,0.8633,0.0,0.1605,0.8613,1.8851,0.449,6.9165,0.3861,0,0,0,0,0,0,0,0,0,0,0,0,0,0,0,0,0,0,0,0,0,3807,1942,1052,0,20,5471,757,0,20,0,20,0,20,0,20,0,20,36.1,5.1,0.0,0.9,100.0,0.9,0.0,0.9,0.0,0.9,0.0,0.9,0.0,0.9,0.0,0.9
72,Puerto Rico,PR,72081,Lares,72081957900,"Census Tract 9579, Lares Municipio, Puerto Rico",5.039879367766,3661,571,1754,151,1442,170,2943,569,217,118,367,139,882,217,206,130,717,193,694,235,650,214,101,67,2813,441,3659,573,0,19,0,14,36,44,186,74,15,19,80.7,9.2,18.5,8.6,25.5,9.2,32.9,6.9,5.7,3.6,19.6,5.4,19.0,5.7,17.8,5.7,7.0,4.6,81.8,2.8,99.9,1.5,0.0,1.1,0.0,2.7,2.5,3.0,12.9,5.3,0.4,0.5,0.9068,0.6638,0.6046,0.8288,0.4165,3.4205,0.8774,0.4041,0.5634,0.2701,0.4182,0.9415,2.5973,0.5477,0.546,0.546,0.546,0.0,0.0,0.5558,0.4371,0.5688,1.5617,0.3113,8.1255,0.68,1,0,0,0,0,1,0,0,0,0,1,1,0,0,0,0,0,0,0,0,2,3021,1093,796,0,14,3659,572,0,14,0,14,0,14,0,14,0,14,30.0,4.7,0.0,1.3,99.9,0.1,0.0,1.3,0.0,1.3,0.0,1.3,0.0,1.3,0.0,1.3
72,Puerto Rico,PR,72081,Lares,72081958001,"Census Tract 9580.01, Lares Municipio, Puerto Rico",1.447966670236,2947,400,1642,162,1345,149,2179,412,195,82,331,106,558,227,170,84,637,128,467,174,588,172,113,70,2034,368,2930,402,29,33,18,28,0,19,260,107,0,14,73.9,9.7,18.6,7.6,24.6,7.4,24.9,8.9,5.8,2.9,21.6,4.8,15.8,5.5,20.0,5.1,8.4,5.1,72.1,9.2,99.4,2.0,1.8,2.0,1.1,1.7,0.0,1.4,19.3,7.4,0.0,0.5,0.7746,0.6681,0.5525,0.598,0.4273,3.0205,0.7614,0.5493,0.2979,0.372,0.5395,0.7302,2.4889,0.4826,0.3694,0.3694,0.3694,0.5287,0.898,0.0,0.7299,0.0,2.1566,0.5911,8.0354,0.6605,0,0,0,0,0,0,0,0,0,0,0,0,0,0,0,0,0,0,0,0,0,4222,1075,545,0,14,2930,401,0,14,0,14,0,14,0,14,0,14,36.5,5.0,0.0,1.6,99.4,0.9,0.0,1.6,0.0,1.6,0.0,1.6,0.0,1.6,0.0,1.6
72,Puerto Rico,PR,72081,Lares,72081958100,"Census Tract 9581, Lares Municipio, Puerto Rico",0.688778554758,1421,246,1009,103,643,90,849,223,34,36,132,69,239,91,42,49,486,124,224,106,339,106,36,36,960,196,1412,251,38,37,0,14,0,19,155,58,56,64,61.7,12.1,10.1,10.3,20.5,10.3,21.4,7.2,3.1,3.5,34.2,8.6,15.8,6.9,24.6,7.0,5.6,5.5,68.7,7.3,99.4,4.0,3.8,3.6,0.0,4.6,0.0,3.0,24.1,8.4,3.9,4.5,0.4756,0.3341,0.351,0.481,0.1085,1.7502,0.1692,0.9697,0.2979,0.6291,0.3044,0.6392,2.8403,0.6974,0.3694,0.3694,0.3694,0.6111,0.0,0.0,0.8134,0.9502,2.3747,0.6931,7.3346,0.4881,0,0,0,0,0,0,1,0,0,0,0,1,0,0,0,0,0,0,1,1,2,3634,531,334,0,14,1412,249,0,14,0,14,0,14,0,14,0,14,38.9,6.9,0.0,3.3,99.4,0.8,0.0,3.3,0.0,3.3,0.0,3.3,0.0,3.3,0.0,3.3
72,Puerto Rico,PR,72081,Lares,72081958200,"Census Tract 9582, Lares Municipio, Puerto Rico",7.114967578278,2970,396,1371,153,1149,163,1888,417,85,67,233,113,831,226,325,157,632,161,468,145,478,172,35,41,1940,336,2970,397,0,19,20,31,26,33,143,77,73,112,65.2,11.2,8.6,7.0,20.3,9.4,38.4,8.7,11.2,5.3,21.3,5.2,15.8,4.4,16.5,5.6,3.0,3.5,68.3,7.7,100.0,0.9,0.0,1.4,1.5,2.3,2.3,2.9,12.4,6.3,2.5,3.8,0.5623,0.243,0.3369,0.9209,0.8742,2.9373,0.718,0.5276,0.2979,0.2169,0.1029,0.6295,1.7748,0.1302,0.5536,0.5536,0.5536,0.0,0.9501,0.5179,0.4121,0.9122,2.7923,0.8406,8.058,0.6649,0,0,0,1,0,1,0,0,0,0,0,0,0,0,0,1,0,0,1,2,3,1967,1062,557,0,14,2970,396,0,14,0,14,0,14,0,14,0,14,36.7,5.1,0.0,1.6,100.0,1.6,0.0,1.6,0.0,1.6,0.0,1.6,0.0,1.6,0.0,1.6
72,Puerto Rico,PR,72081,Lares,72081958300,"Census Tract 9583, Lares Municipio, Puerto Rico",16.00083715349,2457,470,1059,168,898,150,2046,465,39,45,155,87,771,220,80,65,315,140,560,222,246,110,94,74,1848,403,2440,463,0,19,0,14,111,81,55,49,0,14,84.8,10.1,5.5,6.4,17.3,9.2,46.9,10.2,3.3,2.6,12.8,6.1,22.8,7.9,10.0,4.7,10.5,8.1,84.2,8.1,99.3,26.8,0.0,1.8,0.0,4.4,12.4,8.8,6.1,5.4,0.0,0.6,0.9458,0.115,0.2199,0.9892,0.1204,2.3903,0.4664,0.0715,0.818,0.0531,0.675,0.9653,2.5829,0.5336,0.3402,0.3402,0.3402,0.0,0.0,1.0,0.0954,0.0,1.0954,0.128,6.4088,0.2755,1,0,0,1,0,2,0,0,0,0,1,1,0,0,0,0,1,0,0,1,4,1381,1076,676,0,14,2440,462,0,14,0,14,0,14,0,14,0,14,43.8,8.4,0.0,1.9,99.3,1.1,0.0,1.9,0.0,1.9,0.0,1.9,0.0,1.9,0.0,1.9
72,Puerto Rico,PR,72081,Lares,72081958400,"Census Tract 9584, Lares Municipio, Puerto Rico",11.343615369782,1617,275,913,107,717,103,1306,286,57,44,180,80,569,123,94,64,456,110,267,146,197,73,22,29,1449,212,1617,277,85,42,0,14,26,26,174,59,0,14,80.8,11.1,13.1,10.1,25.1,10.6,46.6,8.1,5.8,4.2,28.2,7.8,16.5,8.6,12.2,4.5,3.1,4.0,90.2,20.2,100.0,2.1,9.3,4.5,0.0,5.1,3.6,3.6,24.3,8.4,0.0,0.9,0.909,0.4544,0.5785,0.987,0.4273,3.3562,0.8677,0.8646,0.3564,0.0889,0.1083,0.9946,2.4128,0.4295,0.5536,0.5536,0.5536,0.7476,0.0,0.688,0.8178,0.0,2.2534,0.6323,8.576,0.7777,1,0,0,1,0,2,0,0,0,0,1,1,0,0,0,0,0,0,0,0,3,1920,958,399,0,14,1617,275,0,14,0,14,0,14,0,14,0,14,59.2,10.1,0.0,2.9,100.0,2.9,0.0,2.9,0.0,2.9,0.0,2.9,0.0,2.9,0.0,2.9
72,Puerto Rico,PR,72083,Las Marías,72083959700,"Census Tract 9597, Las Marías Municipio, Puerto Rico",21.836468110032,2392,403,1034,115,773,107,1856,403,95,101,151,65,654,153,52,40,365,93,614,194,204,96,38,29,1962,393,2358,404,0,19,0,14,56,45,78,42,0,14,77.6,10.6,15.5,14.0,19.5,8.0,41.5,6.8,2.2,1.7,15.3,4.2,25.7,6.9,8.5,4.0,4.9,3.7,85.8,8.6,98.6,3.1,0.0,1.8,0.0,4.5,7.2,5.7,10.1,5.1,0.0,0.6,0.8527,0.551,0.3001,0.9642,0.0466,2.7146,0.6291,0.1495,0.9166,0.0315,0.2427,0.9816,2.3219,0.3764,0.2048,0.2048,0.2048,0.0,0.0,0.9523,0.2842,0.0,1.2365,0.1757,6.4778,0.295,0,0,0,1,0,1,0,1,0,0,1,2,0,0,0,0,1,0,0,1,4,1538,1514,535,0,14,2340,402,0,14,0,14,0,14,0,14,18,31,63.3,10.7,0.0,2.0,97.8,2.1,0.0,2.0,0.0,2.0,0.0,2.0,0.0,2.0,0.8,1.3
72,Puerto Rico,PR,72083,Las Marías,72083959800,"Census Tract 9598, Las Marías Municipio, Puerto Rico",3.491330037714,1120,256,751,93,496,83,680,198,0,14,55,42,242,70,36,33,287,95,233,126,31,22,38,36,921,215,1120,258,0,19,4,6,13,26,93,41,13,9,60.7,11.0,0.0,13.5,11.1,8.3,29.4,7.5,3.2,3.0,25.6,8.8,20.8,10.2,2.8,2.0,7.7,7.1,85.6,5.1,100.0,2.9,0.0,2.5,0.5,0.8,2.6,5.2,18.8,7.9,1.2,0.8,0.4561,0.0,0.0509,0.7346,0.1128,1.3544,0.0607,0.779,0.7042,0.0011,0.4778,0.9772,2.9393,0.7473,0.5536,0.5536,0.5536,0.0,0.7928,0.5666,0.7137,0.7952,2.8683,0.8666,7.7156,0.5846,0,0,0,0,0,0,0,0,0,0,1,1,0,0,0,0,0,0,0,0,1,970,575,343,0,14,1120,256,0,14,0,14,0,14,0,14,0,14,51.9,12.0,0.0,4.1,100.0,4.1,0.0,4.1,0.0,4.1,0.0,4.1,0.0,4.1,0.0,4.1
72,Puerto Rico,PR,72083,Las Marías,72083959900,"Census Tract 9599, Las Marías Municipio, Puerto Rico",21.032173242302,4619,437,2135,173,1456,221,2637,555,46,51,303,126,1163,280,150,86,1034,137,781,206,423,167,80,80,3722,491,4619,438,15,29,0,14,58,56,207,99,92,80,58.3,10.9,3.3,3.7,20.8,8.1,35.1,8.4,3.3,2.0,22.4,3.2,16.9,4.2,9.3,3.7,5.5,5.4,81.8,7.6,100.0,0.6,0.7,1.4,0.0,2.2,4.0,3.8,14.2,6.3,2.0,1.7,0.4041,0.0499,0.3684,0.8776,0.1204,1.8204,0.1963,0.5991,0.3857,0.0423,0.2969,0.9415,2.2655,0.3514,0.5536,0.5536,0.5536,0.4009,0.0,0.74,0.5076,0.8873,2.5358,0.7625,7.1753,0.449,0,0,0,0,0,0,0,0,0,0,1,1,0,0,0,0,0,0,0,0,1,4595,2184,690,0,14,4619,437,0,14,0,14,0,14,0,14,0,14,48.2,4.7,0.0,1.0,100.0,1.0,0.0,1.0,0.0,1.0,0.0,1.0,0.0,1.0,0.0,1.0
72,Puerto Rico,PR,72085,Las Piedras,72085190101,"Census Tract 1901.01, Las Piedras Municipio, Puerto Rico",13.28985091814,7325,933,3007,305,2442,306,3735,885,312,192,480,207,1169,329,204,238,1253,355,1410,410,531,255,145,127,5240,853,7325,934,0,28,0,20,87,88,240,137,36,23,51.2,10.2,12.1,6.7,19.7,8.1,23.3,5.6,2.8,3.2,17.1,4.8,19.2,5.0,7.3,3.3,5.9,5.1,73.6,7.6,100.0,0.6,0.0,0.9,0.0,1.6,3.6,3.6,9.8,5.7,0.5,0.3,0.2633,0.41,0.3142,0.5385,0.0835,1.6095,0.1204,0.2438,0.5818,0.0195,0.3326,0.7855,1.9632,0.2017,0.5536,0.5536,0.5536,0.0,0.0,0.688,0.2668,0.6165,1.5713,0.3167,5.6976,0.1605,0,0,0,0,0,0,0,0,0,0,0,0,0,0,0,0,0,0,0,0,0,4446,1010,1325,0,20,7325,933,0,20,0,20,0,20,0,20,0,20,13.9,1.8,0.0,0.6,100.0,0.6,0.0,0.6,0.0,0.6,0.0,0.6,0.0,0.6,0.0,0.6
72,Puerto Rico,PR,72085,Las Piedras,72085190103,"Census Tract 1901.03, Las Piedras Municipio, Puerto Rico",2.28153077228,3541,982,1440,267,1199,260,2104,766,182,132,326,182,369,192,400,346,781,283,759,356,494,268,247,129,2549,658,3541,981,125,98,0,14,88,104,100,90,0,14,59.4,14.0,15.0,11.6,27.2,14.0,14.8,7.4,11.3,8.5,22.1,7.1,21.4,8.1,14.0,7.6,20.6,9.8,74.7,28.0,100.0,39.2,8.7,6.6,0.0,3.2,7.3,8.5,8.3,7.3,0.0,0.4,0.4269,0.5369,0.6728,0.2362,0.8785,2.7513,0.6453,0.585,0.74,0.1377,0.9534,0.8115,3.2276,0.8633,0.5536,0.5536,0.5536,0.7411,0.0,0.9556,0.1811,0.0,1.8778,0.4458,8.4103,0.7505,0,0,0,0,0,0,0,0,0,1,0,1,0,0,0,0,1,0,0,1,2,2316,513,1415,20,32,3504,980,17,27,0,14,0,14,0,14,0,14,14.5,4.0,0.6,0.9,99.0,1.3,0.5,0.8,0.0,1.3,0.0,1.3,0.0,1.3,0.0,1.3
72,Puerto Rico,PR,72085,Las Piedras,72085190104,"Census Tract 1901.04, Las Piedras Municipio, Puerto Rico",2.292115372508,5189,853,2164,267,1848,240,2270,727,105,103,571,199,471,177,323,278,942,265,845,401,379,192,139,112,2528,578,5189,854,0,28,0,20,0,28,186,120,0,20,43.7,12.0,5.4,5.5,30.9,10.0,12.2,4.5,6.2,5.2,18.2,5.2,16.3,7.2,7.3,3.7,7.5,6.0,49.7,8.1,100.0,0.8,0.0,1.3,0.0,2.2,0.0,1.5,10.1,6.3,0.0,0.4,0.1582,0.1085,0.8061,0.1528,0.4783,1.7039,0.1518,0.3164,0.3315,0.0195,0.4605,0.2091,1.337,0.0434,0.5536,0.5536,0.5536,0.0,0.0,0.0,0.2842,0.0,0.2842,0.0054,3.8787,0.0174,0,0,0,0,0,0,0,0,0,0,0,0,0,0,0,0,0,0,0,0,0,11081,681,1189,0,20,5189,853,0,20,0,20,0,20,0,20,0,20,13.1,2.2,0.0,0.9,100.0,0.9,0.0,0.9,0.0,0.9,0.0,0.9,0.0,0.9,0.0,0.9
72,Puerto Rico,PR,72085,Las Piedras,72085190201,"Census Tract 1902.01, Las Piedras Municipio, Puerto Rico",1.227620189346,3629,565,1791,186,1229,180,2539,571,268,150,290,127,676,228,266,211,748,235,726,230,694,251,201,103,2019,396,3596,566,55,54,0,14,85,56,139,78,0,14,70.0,11.3,24.2,11.9,23.6,9.7,26.0,7.4,7.3,5.7,20.6,6.0,20.0,5.5,19.1,6.5,16.4,8.0,59.6,7.7,99.1,2.3,3.1,3.0,0.0,2.6,6.9,4.4,11.3,5.7,0.0,0.4,0.675,0.8015,0.5027,0.6327,0.6106,3.2225,0.8341,0.4745,0.6414,0.3275,0.8982,0.3965,2.7381,0.6399,0.2914,0.2914,0.2914,0.5796,0.0,0.9415,0.3503,0.0,1.8714,0.4447,8.1234,0.6779,0,0,0,0,0,0,0,0,0,0,0,0,0,0,0,0,1,0,0,1,1,2576,1207,778,0,14,3596,565,0,14,0,14,0,14,0,14,0,14,33.3,5.2,0.0,1.3,99.1,1.1,0.0,1.3,0.0,1.3,0.0,1.3,0.0,1.3,0.0,1.3
72,Puerto Rico,PR,72085,Las Piedras,72085190202,"Census Tract 1902.02, Las Piedras Municipio, Puerto Rico",0.955164996434,3518,670,1274,172,1095,159,1893,469,87,72,300,109,456,234,221,134,721,226,596,203,460,154,69,59,2183,475,3518,670,18,32,0,14,60,53,183,92,22,26,53.8,8.5,8.2,7.0,27.4,9.1,18.0,8.1,6.3,3.6,20.5,6.1,16.9,4.8,13.1,4.0,6.3,5.3,66.1,6.8,100.0,0.0,1.4,2.5,0.0,3.7,5.5,4.8,16.7,8.2,0.6,0.7,0.3088,0.2202,0.6804,0.3489,0.4892,2.0475,0.2983,0.468,0.3857,0.1095,0.3673,0.5601,1.8906,0.1714,0.5536,0.5536,0.5536,0.4919,0.0,0.8722,0.6399,0.6522,2.6562,0.8134,7.1479,0.4458,0,0,0,0,0,0,0,0,0,0,0,0,0,0,0,0,0,0,0,0,0,2883,240,959,0,14,3518,670,0,14,0,14,0,14,0,14,0,14,6.9,1.3,0.0,1.3,100.0,1.3,0.0,1.3,0.0,1.3,0.0,1.3,0.0,1.3,0.0,1.3
72,Puerto Rico,PR,72085,Las Piedras,72085190302,"Census Tract 1903.02, Las Piedras Municipio, Puerto Rico",7.417978497368,5702,907,2026,183,1594,172,3713,793,376,210,151,84,1426,373,400,263,1137,267,1011,325,531,220,46,49,4746,732,5702,911,0,28,0,20,130,89,154,100,0,20,65.4,9.3,20.2,9.5,9.5,5.2,32.1,6.9,7.0,4.3,19.9,4.7,17.7,5.0,9.3,3.7,2.9,3.1,86.3,19.0,100.0,1.5,0.0,1.4,0.0,2.3,8.2,5.5,9.7,6.1,0.0,0.4,0.5699,0.718,0.0325,0.8061,0.5781,2.7046,0.6215,0.4269,0.455,0.0423,0.1008,0.987,2.012,0.2256,0.5536,0.5536,0.5536,0.0,0.0,0.9718,0.2636,0.0,1.2354,0.1746,6.5056,0.2993,0,0,0,0,0,0,0,0,0,0,1,1,0,0,0,0,1,0,0,1,2,2985,1806,1212,0,20,5684,910,0,20,0,20,0,20,18,28,0,20,31.7,5.0,0.0,0.8,99.7,0.5,0.0,0.8,0.0,0.8,0.0,0.8,0.3,0.5,0.0,0.8
72,Puerto Rico,PR,72085,Las Piedras,72085190303,"Census Tract 1903.03, Las Piedras Municipio, Puerto Rico",4.00849551992,4578,916,2152,273,1637,250,3096,835,85,86,244,154,602,273,214,204,751,240,953,449,712,276,213,150,3350,687,4578,916,43,70,28,45,43,70,233,132,0,14,67.6,12.2,6.1,6.0,14.9,9.1,18.2,8.5,4.7,4.3,16.4,5.6,20.8,8.9,15.6,6.1,13.0,8.9,75.5,4.7,100.0,0.0,2.0,3.2,1.3,2.1,2.6,4.3,14.2,8.2,0.0,0.3,0.6143,0.1399,0.143,0.3586,0.2809,1.5367,0.0976,0.1993,0.7042,0.1876,0.8137,0.8288,2.7336,0.6356,0.5536,0.5536,0.5536,0.5406,0.9306,0.5666,0.5076,0.0,2.5454,0.7657,7.3693,0.4989,0,0,0,0,0,0,0,0,0,0,0,0,0,0,0,1,0,0,0,1,1,4878,888,1327,0,14,4578,916,0,14,0,14,0,14,0,14,0,14,19.4,3.9,0.0,1.0,100.0,1.0,0.0,1.0,0.0,1.0,0.0,1.0,0.0,1.0,0.0,1.0
72,Puerto Rico,PR,72085,Las Piedras,72085190304,"Census Tract 1903.04, Las Piedras Municipio, Puerto Rico",2.40708342064,3751,861,1280,257,1099,253,2399,781,237,144,295,163,471,228,552,433,436,196,960,382,202,146,95,90,2408,650,3751,861,0,19,0,14,54,63,95,91,0,14,64.0,14.8,15.7,9.0,26.8,13.5,20.2,8.4,14.7,10.2,11.6,4.9,25.6,8.3,5.4,4.1,8.6,7.9,67.8,9.9,100.0,0.0,0.0,1.5,0.0,3.6,4.9,5.6,8.6,8.3,0.0,0.4,0.5255,0.5586,0.6609,0.416,0.9436,3.1046,0.7874,0.0455,0.9155,0.0065,0.5525,0.6111,2.1311,0.2896,0.5536,0.5536,0.5536,0.0,0.0,0.8299,0.1952,0.0,1.0251,0.1063,6.8144,0.3655,0,0,0,0,1,1,0,1,0,0,0,1,0,0,0,0,0,0,0,0,2,1338,174,1214,0,14,3751,861,0,14,0,14,0,14,0,14,0,14,4.6,1.1,0.0,1.3,100.0,1.3,0.0,1.3,0.0,1.3,0.0,1.3,0.0,1.3,0.0,1.3
72,Puerto Rico,PR,72087,Loíza,72087110101,"Census Tract 1101.01, Loíza Municipio, Puerto Rico",0.250963597286,2110,509,1055,151,752,136,2012,505,221,137,106,66,580,220,137,86,416,127,480,251,383,135,99,72,1620,435,2110,510,0,19,0,14,43,48,303,100,27,14,95.4,6.6,32.8,16.3,14.1,8.4,40.1,10.8,6.5,4.0,19.7,6.0,22.7,10.6,18.2,6.1,13.2,9.3,80.2,9.6,100.0,1.5,0.0,1.8,0.0,4.4,5.7,6.3,40.3,11.4,1.3,0.6,0.9859,0.9219,0.1213,0.9437,0.5184,3.4912,0.8926,0.4106,0.8147,0.2863,0.818,0.9198,3.2494,0.8764,0.5536,0.5536,0.5536,0.0,0.0,0.8852,0.961,0.805,2.6512,0.8102,9.9454,0.9403,1,1,0,1,0,3,0,0,0,0,1,1,0,0,0,0,0,1,0,1,5,782,472,719,0,14,2110,509,0,14,0,14,0,14,0,14,0,14,22.7,5.5,0.0,2.2,100.0,2.2,0.0,2.2,0.0,2.2,0.0,2.2,0.0,2.2,0.0,2.2
72,Puerto Rico,PR,72087,Loíza,72087110102,"Census Tract 1101.02, Loíza Municipio, Puerto Rico",0.972369315452,2243,386,943,103,781,103,1397,319,206,107,150,61,382,160,104,81,373,119,450,164,319,129,79,54,1577,330,2243,387,0,19,0,14,46,44,127,59,0,14,62.3,9.3,22.9,10.2,19.2,7.4,25.0,8.4,4.6,3.6,16.6,5.2,20.1,6.4,14.2,5.1,10.1,6.8,74.0,8.9,100.0,1.2,0.0,2.0,0.0,4.9,5.9,5.6,16.3,7.5,0.0,0.6,0.4897,0.7809,0.2828,0.6024,0.2722,2.428,0.4892,0.2134,0.6511,0.1432,0.6555,0.7931,2.4563,0.4631,0.5536,0.5536,0.5536,0.0,0.0,0.9014,0.6291,0.0,1.5305,0.2918,6.9684,0.3948,0,0,0,0,0,0,0,0,0,0,0,0,0,0,0,0,1,0,0,1,1,1115,456,532,0,14,2243,386,0,14,0,14,0,14,0,14,0,14,20.3,3.5,0.0,2.1,100.0,2.1,0.0,2.1,0.0,2.1,0.0,2.1,0.0,2.1,0.0,2.1
72,Puerto Rico,PR,72087,Loíza,72087110200,"Census Tract 1102, Loíza Municipio, Puerto Rico",0.403852267246,1849,383,1368,144,723,120,1428,328,199,76,154,74,452,138,281,152,379,123,337,140,341,129,48,38,1437,310,1849,386,63,40,7,11,37,30,173,68,0,14,77.2,7.7,27.0,9.2,21.3,9.6,33.2,7.7,15.2,7.3,20.5,5.9,18.2,6.6,18.4,6.1,6.6,5.1,80.6,4.1,100.0,2.6,4.6,2.9,0.5,0.8,5.1,4.1,23.9,8.7,0.0,0.8,0.8451,0.8623,0.3976,0.831,0.9534,3.8894,0.9544,0.468,0.4951,0.2972,0.3824,0.9252,2.5679,0.526,0.5536,0.5536,0.5536,0.6381,0.7928,0.8451,0.8048,0.0,3.0808,0.9176,10.0917,0.9479,0,0,0,0,1,1,0,0,0,0,1,1,0,0,0,0,0,0,0,0,2,2282,529,506,13,21,1836,385,0,14,0,14,0,14,0,14,0,14,28.6,5.9,0.7,1.2,99.3,1.2,0.0,2.5,0.0,2.5,0.0,2.5,0.0,2.5,0.0,2.5
72,Puerto Rico,PR,72087,Loíza,72087110301,"Census Tract 1103.01, Loíza Municipio, Puerto Rico",0.71147594693,3601,583,1828,193,1124,159,2716,556,431,177,299,123,706,253,345,172,729,199,878,272,838,264,153,84,2681,502,3601,584,317,112,0,14,71,58,385,133,21,32,75.4,9.5,39.0,11.4,26.6,10.3,30.9,8.2,9.6,4.6,20.2,4.7,24.4,6.4,23.3,6.0,13.6,7.2,79.8,6.9,100.0,0.9,17.3,5.8,0.0,2.6,6.3,5.1,34.3,10.6,0.6,0.9,0.8039,0.9675,0.6501,0.779,0.7961,3.9966,0.9685,0.4475,0.8895,0.5672,0.8342,0.909,3.6474,0.9761,0.5536,0.5536,0.5536,0.8299,0.0,0.9252,0.9273,0.6522,3.3346,0.9631,11.5322,0.9978,0,1,0,0,0,1,0,0,0,0,1,1,0,0,0,0,1,1,0,2,4,1511,723,833,0,14,3601,583,0,14,0,14,0,14,0,14,0,14,20.2,3.3,0.0,1.3,100.0,1.3,0.0,1.3,0.0,1.3,0.0,1.3,0.0,1.3,0.0,1.3
72,Puerto Rico,PR,72087,Loíza,72087110302,"Census Tract 1103.02, Loíza Municipio, Puerto Rico",4.428842450708,3459,480,1522,156,1262,145,2224,450,428,151,190,97,622,184,310,133,579,171,565,204,687,199,135,72,2897,518,3459,481,0,19,0,14,89,71,224,108,0,14,64.3,9.5,27.7,8.4,15.1,7.5,24.0,6.6,9.0,3.6,16.7,5.3,16.3,5.4,19.9,5.3,10.7,5.6,85.6,9.5,100.0,0.9,0.0,1.2,0.0,3.1,7.1,5.6,17.7,8.2,0.0,0.4,0.5385,0.872,0.1484,0.5645,0.757,2.8804,0.6887,0.2232,0.3315,0.3688,0.6945,0.9772,2.5952,0.5445,0.5536,0.5536,0.5536,0.0,0.0,0.948,0.6779,0.0,1.6259,0.3373,7.6551,0.5738,0,0,0,0,0,0,0,0,0,0,1,1,0,0,0,0,1,0,0,1,2,2664,529,723,0,14,3459,480,0,14,0,14,0,14,0,14,0,14,15.3,2.1,0.0,1.4,100.0,1.4,0.0,1.4,0.0,1.4,0.0,1.4,0.0,1.4,0.0,1.4
72,Puerto Rico,PR,72087,Loíza,72087110303,"Census Tract 1103.03, Loíza Municipio, Puerto Rico",1.402789261318,2695,445,1014,115,882,110,1299,315,242,90,337,97,289,92,368,140,447,110,484,151,419,150,91,42,1394,273,2689,443,0,19,0,14,38,35,44,30,15,17,48.5,8.6,18.4,7.1,38.2,9.9,15.1,4.2,13.7,4.5,16.6,3.8,18.0,4.7,15.6,4.9,10.3,4.6,53.5,6.0,99.8,23.3,0.0,1.9,0.0,4.6,4.3,3.9,5.0,3.4,0.6,0.6,0.2189,0.6605,0.9317,0.247,0.9317,2.9898,0.744,0.2134,0.4778,0.1876,0.6663,0.2589,1.804,0.1399,0.5255,0.5255,0.5255,0.0,0.0,0.7757,0.0618,0.6522,1.4897,0.2733,6.809,0.3623,0,0,1,0,1,2,0,0,0,0,0,0,0,0,0,0,0,0,0,0,2,1077,292,619,0,14,2689,442,0,14,0,14,0,14,0,14,0,14,10.9,1.8,0.0,1.7,99.8,0.4,0.0,1.7,0.0,1.7,0.0,1.7,0.0,1.7,0.0,1.7
72,Puerto Rico,PR,72087,Loíza,72087110304,"Census Tract 1103.04, Loíza Municipio, Puerto Rico",0.303181190072,3550,521,1470,147,1219,156,1772,504,100,70,405,123,315,127,435,160,592,165,658,238,650,205,135,76,1958,368,3550,526,0,19,0,14,60,50,126,74,20,37,50.1,12.2,6.4,4.3,33.2,9.2,11.9,4.5,12.3,4.2,16.7,4.7,18.5,6.1,18.4,6.0,11.1,6.1,56.0,6.8,100.0,2.0,0.0,1.3,0.0,3.2,4.9,4.1,10.3,6.1,0.6,1.0,0.2394,0.1497,0.8613,0.1452,0.9046,2.3002,0.4252,0.2232,0.5244,0.2972,0.714,0.3153,2.0741,0.2614,0.5536,0.5536,0.5536,0.0,0.0,0.8299,0.2983,0.6522,1.7804,0.4067,6.7083,0.3416,0,0,0,0,1,1,0,0,0,0,0,0,0,0,0,0,0,0,0,0,1,1842,476,753,13,20,3493,521,44,69,0,14,0,14,0,14,0,14,13.5,2.0,0.4,0.6,98.4,2.0,1.2,2.0,0.0,1.3,0.0,1.3,0.0,1.3,0.0,1.3
72,Puerto Rico,PR,72087,Loíza,72087110400,"Census Tract 1104, Loíza Municipio, Puerto Rico",0.223621011952,2402,395,1054,137,941,132,1857,350,346,123,202,76,353,117,104,59,411,121,708,208,600,138,216,82,1691,316,2402,396,241,70,0,14,22,29,343,105,0,14,77.3,7.1,40.0,11.8,21.5,7.5,23.3,6.6,4.3,2.6,17.1,5.3,29.5,7.2,25.0,5.2,23.0,8.1,74.8,6.5,100.0,1.2,22.9,5.9,0.0,4.4,2.3,3.1,36.5,10.1,0.0,0.6,0.8462,0.9696,0.4106,0.5385,0.2321,2.997,0.7473,0.2438,0.9697,0.6464,0.9686,0.8147,3.6432,0.974,0.5536,0.5536,0.5536,0.8743,0.0,0.5179,0.9425,0.0,2.3347,0.6746,9.5285,0.9024,0,1,0,0,0,1,0,1,0,1,0,2,0,0,0,0,0,1,0,1,4,1901,819,536,0,14,2402,395,0,14,0,14,0,14,0,14,0,14,34.1,5.6,0.0,2.0,100.0,2.0,0.0,2.0,0.0,2.0,0.0,2.0,0.0,2.0,0.0,2.0
72,Puerto Rico,PR,72087,Loíza,72087110500,"Census Tract 1105, Loíza Municipio, Puerto Rico",0.319595544398,884,224,417,73,310,67,527,192,64,53,29,37,165,87,23,24,262,79,122,81,210,78,19,26,635,193,884,226,0,19,0,14,10,20,73,42,0,14,59.6,15.6,21.8,15.1,9.4,11.8,22.8,11.8,2.6,2.7,29.6,7.5,13.8,8.5,23.8,7.2,6.1,8.3,71.8,12.1,100.0,3.4,0.0,4.6,0.0,10.8,3.2,6.4,23.5,11.9,0.0,1.6,0.4312,0.7603,0.0293,0.5211,0.0705,1.8124,0.192,0.8873,0.1755,0.5933,0.3489,0.7205,2.7255,0.628,0.5536,0.5536,0.5536,0.0,0.0,0.6403,0.7993,0.0,1.4396,0.2538,6.5311,0.3048,0,0,0,0,0,0,0,0,0,0,0,0,0,0,0,0,0,0,0,0,0,1777,232,309,0,14,884,224,0,14,0,14,0,14,0,14,0,14,26.2,6.6,0.0,5.2,100.0,5.2,0.0,5.2,0.0,5.2,0.0,5.2,0.0,5.2,0.0,5.2
72,Puerto Rico,PR,72087,Loíza,72087110600,"Census Tract 1106, Loíza Municipio, Puerto Rico",10.357684993784,2371,401,911,105,740,98,1894,381,333,107,75,51,469,140,253,134,382,114,375,138,379,134,24,30,1939,376,2371,403,8,18,0,14,36,34,182,67,0,14,79.9,8.7,32.4,8.9,10.1,6.8,26.8,7.0,10.7,5.4,16.1,4.3,15.8,5.2,16.0,5.3,3.2,4.0,85.8,8.3,100.0,1.7,0.9,2.0,0.0,5.1,4.9,4.5,24.6,8.8,0.0,0.6,0.8938,0.9197,0.0401,0.6501,0.8449,3.3486,0.8644,0.1842,0.2979,0.1996,0.117,0.9816,1.7803,0.1334,0.5536,0.5536,0.5536,0.441,0.0,0.8299,0.8232,0.0,2.0941,0.5618,7.7766,0.5998,0,1,0,0,0,1,0,0,0,0,1,1,0,0,0,0,0,0,0,0,2,2085,479,551,8,13,2363,402,0,14,0,14,0,14,0,14,0,14,20.2,3.4,0.3,0.6,99.7,0.6,0.0,2.0,0.0,2.0,0.0,2.0,0.0,2.0,0.0,2.0
72,Puerto Rico,PR,72089,Luquillo,72089140101,"Census Tract 1401.01, Luquillo Municipio, Puerto Rico",6.176395701396,3841,517,1596,184,1286,174,1544,331,228,130,439,135,404,169,523,269,612,177,950,194,703,250,81,61,2161,405,3798,513,0,19,0,14,34,44,128,70,2,12,40.4,6.8,13.0,7.0,34.1,9.4,15.2,5.6,13.6,6.9,15.9,4.2,24.7,3.8,18.3,5.9,6.3,4.7,57.6,7.4,98.9,1.1,0.0,1.2,0.0,2.9,2.6,3.4,10.0,5.3,0.1,0.3,0.1159,0.4469,0.8754,0.2535,0.9306,2.6223,0.5781,0.1798,0.9003,0.2928,0.3673,0.3554,2.0956,0.2744,0.2579,0.2579,0.2579,0.0,0.0,0.5666,0.2798,0.4334,1.2798,0.1855,6.2556,0.2462,0,0,0,0,1,1,0,1,0,0,0,1,0,0,0,0,0,0,0,0,2,2130,792,705,0,14,3798,512,0,14,0,14,0,14,0,14,0,14,20.6,2.8,0.0,1.2,98.9,1.3,0.0,1.2,0.0,1.2,0.0,1.2,0.0,1.2,0.0,1.2
72,Puerto Rico,PR,72089,Luquillo,72089140102,"Census Tract 1401.02, Luquillo Municipio, Puerto Rico",10.801443219342,2941,541,1507,177,1071,174,2041,433,292,128,219,98,565,162,139,89,747,191,381,180,1044,253,54,50,1939,430,2941,538,0,19,0,14,37,33,98,64,13,17,69.4,7.3,27.2,9.9,20.4,8.5,24.9,6.9,4.7,3.0,25.4,6.3,13.0,5.6,35.5,8.0,5.0,4.6,68.0,8.1,100.0,25.9,0.0,1.3,0.0,3.1,3.5,3.0,9.2,6.0,0.4,0.6,0.6544,0.8655,0.3424,0.598,0.2809,2.7412,0.6399,0.7692,0.1398,0.9664,0.2535,0.6154,2.7443,0.6432,0.5536,0.5536,0.5536,0.0,0.0,0.6793,0.2386,0.5688,1.4867,0.269,7.5258,0.5477,0,0,0,0,0,0,0,0,1,0,0,1,0,0,0,0,0,0,0,0,1,2142,784,767,10,16,2931,537,0,14,0,14,0,14,0,14,0,14,26.8,4.9,0.3,0.5,99.7,0.5,0.0,1.6,0.0,1.6,0.0,1.6,0.0,1.6,0.0,1.6
72,Puerto Rico,PR,72089,Luquillo,72089140201,"Census Tract 1402.01, Luquillo Municipio, Puerto Rico",0.70488904681,2566,456,2932,210,993,191,2126,443,435,183,407,145,298,117,97,91,563,186,702,243,387,168,156,99,1608,344,2514,454,1567,227,0,14,52,50,271,102,0,14,82.9,9.0,43.9,14.9,41.0,12.3,19.7,6.4,3.8,3.6,21.9,6.5,27.4,8.1,15.1,6.1,15.7,9.5,72.7,8.8,98.0,3.1,53.4,6.7,0.0,1.6,5.2,4.9,27.3,10.2,0.0,0.5,0.9307,0.9794,0.9675,0.403,0.1746,3.4552,0.8861,0.5742,0.9534,0.1703,0.8884,0.7606,3.3469,0.91,0.1343,0.1343,0.1343,0.9632,0.0,0.8527,0.8612,0.0,2.6771,0.821,9.6135,0.91,1,1,1,0,0,3,0,1,0,0,0,1,0,0,1,0,0,0,0,1,5,3186,466,681,0,14,2514,453,0,14,0,14,0,14,0,14,0,14,18.2,3.2,0.0,1.8,98.0,2.0,0.0,1.8,0.0,1.8,0.0,1.8,0.0,1.8,0.0,1.8
72,Puerto Rico,PR,72089,Luquillo,72089140202,"Census Tract 1402.02, Luquillo Municipio, Puerto Rico",0.787503677852,4297,622,2093,170,1659,209,2368,518,525,200,474,142,512,137,467,239,931,170,684,215,981,204,151,98,2690,462,4287,622,0,19,0,14,66,54,137,63,0,14,55.5,9.2,25.8,7.2,28.6,7.8,16.9,4.2,10.9,5.1,21.7,4.0,15.9,4.4,22.8,4.7,9.1,5.8,63.4,6.3,99.8,0.9,0.0,0.9,0.0,2.2,4.0,3.2,8.3,3.8,0.0,0.3,0.351,0.8384,0.7281,0.3153,0.859,3.0918,0.7787,0.559,0.3066,0.5434,0.5764,0.4756,2.461,0.4696,0.5255,0.5255,0.5255,0.0,0.0,0.74,0.1811,0.0,0.9211,0.0835,6.9994,0.4046,0,0,0,0,0,0,0,0,0,0,0,0,0,0,0,0,0,0,0,0,0,3566,745,883,0,14,4287,622,0,14,0,14,0,14,0,14,0,14,17.3,2.5,0.0,1.1,99.8,0.4,0.0,1.1,0.0,1.1,0.0,1.1,0.0,1.1,0.0,1.1
72,Puerto Rico,PR,72089,Luquillo,72089140300,"Census Tract 1403, Luquillo Municipio, Puerto Rico",7.341226052992,4279,623,2253,190,1651,179,2687,586,466,184,303,122,958,271,336,170,1026,211,632,236,1247,270,53,51,2857,510,4248,626,12,23,0,14,23,38,206,103,18,22,62.8,10.2,26.4,8.7,18.4,7.1,28.8,6.8,7.9,4.0,24.0,5.1,14.8,5.1,29.1,5.7,3.2,3.1,68.1,7.4,99.3,2.2,0.5,1.0,0.0,2.1,1.4,2.3,12.5,6.3,0.4,0.5,0.5005,0.8525,0.2589,0.7161,0.6746,3.0026,0.7505,0.7129,0.2362,0.8395,0.117,0.6197,2.5253,0.5022,0.3402,0.3402,0.3402,0.3857,0.0,0.3597,0.4208,0.5688,1.735,0.3796,7.6031,0.5662,0,0,0,0,0,0,0,0,0,0,0,0,0,0,0,0,0,0,0,0,0,2883,1189,888,0,14,4248,626,0,14,0,14,0,14,0,14,0,14,27.9,4.1,0.0,1.1,99.3,0.9,0.0,1.1,0.0,1.1,0.0,1.1,0.0,1.1,0.0,1.1
72,Puerto Rico,PR,72091,Manatí,72091570100,"Census Tract 5701, Manatí Municipio, Puerto Rico",6.604090925448,5652,878,2730,261,2154,297,3291,793,438,225,362,162,1088,400,323,201,1470,374,955,322,1156,336,173,133,3326,614,5525,871,52,85,0,20,109,89,439,179,46,100,58.7,10.8,20.7,9.5,16.8,7.2,25.5,7.5,5.8,3.5,26.0,6.1,16.9,5.1,20.6,5.5,8.0,6.1,60.4,6.1,97.8,2.6,1.9,3.1,0.0,1.7,5.1,4.1,20.4,7.8,0.8,1.8,0.4117,0.7332,0.2091,0.6176,0.4273,2.3989,0.4729,0.7822,0.3857,0.4121,0.5016,0.4139,2.4955,0.4848,0.1224,0.1224,0.1224,0.5352,0.0,0.8451,0.7505,0.7226,2.8534,0.8612,7.8702,0.6247,0,0,0,0,0,0,0,0,0,0,0,0,0,0,0,0,0,0,0,0,0,13094,2362,1152,0,20,5509,870,16,26,0,20,0,20,0,20,0,20,42.1,6.6,0.0,0.8,97.5,1.8,0.3,0.5,0.0,0.8,0.0,0.8,0.0,0.8,0.0,0.8
72,Puerto Rico,PR,72091,Manatí,72091570201,"Census Tract 5702.01, Manatí Municipio, Puerto Rico",2.292846649696,4935,525,2270,188,1830,162,2533,511,275,132,522,152,845,236,323,173,828,165,946,256,1000,279,160,89,2892,404,4787,512,0,19,0,14,121,71,240,100,0,14,51.3,8.8,14.6,6.3,28.5,7.9,23.4,5.5,6.5,3.4,16.8,3.7,19.2,4.8,20.3,5.5,8.7,4.8,61.0,5.7,97.0,1.1,0.0,0.8,0.0,2.1,6.6,3.8,13.1,5.3,0.0,0.3,0.2654,0.5217,0.7237,0.5406,0.5184,2.5698,0.5542,0.2286,0.5818,0.3905,0.5612,0.4345,2.1966,0.32,0.0834,0.0834,0.0834,0.0,0.0,0.9317,0.4479,0.0,1.3796,0.218,6.2294,0.2408,0,0,0,0,0,0,0,0,0,0,0,0,0,0,0,0,1,0,0,1,1,2892,2055,756,0,14,4787,511,0,14,0,14,0,14,0,14,0,14,41.6,4.4,0.0,1.0,97.0,1.6,0.0,1.0,0.0,1.0,0.0,1.0,0.0,1.0,0.0,1.0
72,Puerto Rico,PR,72091,Manatí,72091570202,"Census Tract 5702.02, Manatí Municipio, Puerto Rico",8.115580641132,3596,581,1724,174,1292,171,2007,503,143,90,353,128,599,195,135,86,803,191,703,238,602,195,28,32,2207,393,3507,572,0,19,10,16,72,53,187,94,17,27,55.8,10.7,10.8,5.6,27.3,9.2,22.8,6.5,3.8,2.4,22.3,5.4,19.5,5.8,16.7,5.4,2.2,2.5,64.8,5.1,97.5,2.2,0.0,1.1,0.6,0.9,5.6,4.0,14.5,6.9,0.5,0.7,0.3575,0.3579,0.675,0.5211,0.1746,2.0861,0.3156,0.597,0.6056,0.2223,0.0639,0.507,1.9958,0.2148,0.1051,0.1051,0.1051,0.0,0.8048,0.8808,0.5228,0.6165,2.8249,0.8536,7.0119,0.4078,0,0,0,0,0,0,0,0,0,0,0,0,0,0,0,0,0,0,0,0,0,7448,1677,774,0,14,3442,568,0,14,0,14,0,14,34,55,31,36,46.9,7.6,0.0,1.3,95.7,2.8,0.0,1.3,0.0,1.3,0.0,1.3,0.9,1.5,0.9,1.0
72,Puerto Rico,PR,72091,Manatí,72091570300,"Census Tract 5703, Manatí Municipio, Puerto Rico",0.34672924855,3035,496,2007,181,1380,180,2434,475,182,135,346,112,627,183,383,226,670,161,575,210,843,226,175,88,1939,394,3001,491,138,66,25,41,98,75,530,139,21,25,80.8,8.4,20.5,12.7,25.1,7.4,30.6,7.3,12.7,6.9,22.1,5.9,18.9,6.2,28.0,6.6,12.7,6.2,67.4,9.2,98.9,0.7,6.9,3.2,1.2,2.1,7.1,5.4,38.4,8.6,0.7,0.8,0.909,0.7245,0.5785,0.766,0.9154,3.8934,0.9555,0.585,0.5569,0.7939,0.7996,0.6024,3.3378,0.9078,0.2579,0.2579,0.2579,0.7075,0.9132,0.948,0.949,0.6956,4.2133,1.0,11.7024,0.9989,1,0,0,0,1,2,0,0,0,0,0,0,0,0,0,1,1,1,0,3,5,5030,1978,593,0,14,2977,489,0,14,0,14,0,14,0,14,24,38,65.6,10.8,0.0,1.6,98.1,1.8,0.0,1.6,0.0,1.6,0.0,1.6,0.0,1.6,0.8,1.2
72,Puerto Rico,PR,72091,Manatí,72091570400,"Census Tract 5704, Manatí Municipio, Puerto Rico",0.399064988548,2957,418,1616,157,1386,161,2155,365,230,111,269,98,577,164,145,167,684,160,638,203,737,179,184,82,1914,342,2957,411,92,53,0,14,40,46,460,120,24,12,72.9,6.8,33.0,13.5,19.4,6.7,27.0,6.6,4.9,5.5,23.1,5.4,21.6,6.1,24.9,5.6,13.3,5.7,69.1,7.1,100.0,19.8,5.7,3.2,0.0,2.9,2.9,3.3,33.2,7.9,0.8,0.4,0.7486,0.9262,0.2958,0.6587,0.3156,2.9449,0.7223,0.6511,0.7519,0.6421,0.8212,0.6533,3.5196,0.9544,0.5536,0.5536,0.5536,0.6728,0.0,0.6067,0.9197,0.7226,2.9218,0.8807,9.9399,0.9393,0,1,0,0,0,1,0,0,0,0,0,0,0,0,0,0,0,1,0,1,2,2586,1451,551,0,14,2921,406,0,14,0,14,0,14,0,14,36,57,49.5,7.0,0.0,1.6,98.8,1.9,0.0,1.6,0.0,1.6,0.0,1.6,0.0,1.6,1.2,1.9
72,Puerto Rico,PR,72091,Manatí,72091570500,"Census Tract 5705, Manatí Municipio, Puerto Rico",1.623462770602,4593,571,2077,194,1681,179,2497,509,251,135,467,141,358,128,266,142,751,194,947,263,514,178,228,108,2323,376,4593,580,0,19,0,14,102,66,41,40,40,86,54.8,8.8,14.6,7.1,27.8,7.8,12.5,4.4,5.8,3.0,16.4,4.1,20.6,5.1,11.3,3.4,13.6,6.3,52.6,5.5,100.0,2.2,0.0,0.9,0.0,2.3,6.1,3.9,2.4,2.3,0.9,1.9,0.3326,0.5217,0.6966,0.1614,0.4273,2.1396,0.3416,0.1993,0.6934,0.0727,0.8342,0.2459,2.0455,0.2484,0.5536,0.5536,0.5536,0.0,0.0,0.9112,0.0217,0.7389,1.6718,0.3568,6.4105,0.2777,0,0,0,0,0,0,0,0,0,0,0,0,0,0,0,0,1,0,0,1,1,4591,1541,781,0,14,4573,579,0,14,0,14,0,14,20,31,0,14,33.8,4.2,0.0,1.0,99.6,0.7,0.0,1.0,0.0,1.0,0.0,1.0,0.4,0.7,0.0,1.0
72,Puerto Rico,PR,72091,Manatí,72091570600,"Census Tract 5706, Manatí Municipio, Puerto Rico",0.471592318738,2850,427,1416,141,1093,133,2139,417,350,173,269,108,381,141,237,175,547,152,790,263,490,162,197,82,1809,369,2782,437,202,66,0,14,52,52,258,107,18,40,75.5,9.5,36.6,13.7,24.6,9.4,20.8,7.4,8.4,5.9,19.2,6.0,27.7,8.2,17.3,5.6,18.0,7.2,65.9,9.0,97.6,4.6,14.3,4.4,0.0,3.3,4.8,4.7,23.6,9.0,0.6,1.4,0.8061,0.9512,0.5525,0.454,0.7148,3.4786,0.8894,0.3738,0.9545,0.244,0.9198,0.5525,3.0446,0.7961,0.1116,0.1116,0.1116,0.805,0.0,0.8147,0.8004,0.6522,3.0723,0.9143,9.7071,0.9176,0,1,0,0,0,1,0,1,0,1,0,2,0,0,0,0,0,0,0,0,3,1454,1582,562,25,39,2757,435,0,14,0,14,0,14,0,14,0,14,55.9,8.3,0.9,1.4,96.7,2.5,0.0,1.7,0.0,1.7,0.0,1.7,0.0,1.7,0.0,1.7
72,Puerto Rico,PR,72091,Manatí,72091570700,"Census Tract 5707, Manatí Municipio, Puerto Rico",13.46691536483,4383,631,1909,191,1582,192,3443,595,245,138,440,141,1366,253,233,100,1048,216,731,235,960,212,82,61,3028,528,4316,627,10,22,0,14,149,73,262,108,0,14,78.6,7.5,15.6,7.2,27.8,8.2,44.1,6.5,5.3,2.3,23.9,5.2,16.7,4.8,21.9,4.4,5.2,3.8,72.5,7.5,98.5,1.9,0.5,1.2,0.0,2.5,9.4,4.5,16.6,6.5,0.0,0.3,0.8689,0.5553,0.6966,0.9805,0.359,3.4603,0.8872,0.6988,0.3673,0.4989,0.2719,0.7465,2.5834,0.5347,0.1874,0.1874,0.1874,0.3857,0.0,0.9837,0.6377,0.0,2.0071,0.5152,8.2382,0.7137,0,0,0,1,0,1,0,0,0,0,0,0,0,0,0,0,1,0,0,1,2,2240,2534,825,35,55,4281,624,0,14,0,14,0,14,0,14,0,14,57.8,8.3,0.8,1.2,97.7,1.8,0.0,1.1,0.0,1.1,0.0,1.1,0.0,1.1,0.0,1.1
72,Puerto Rico,PR,72091,Manatí,72091570800,"Census Tract 5708, Manatí Municipio, Puerto Rico",11.82006678219,6061,910,2777,277,2417,293,3479,687,245,140,761,242,1063,240,967,455,1449,261,1065,418,1501,266,141,114,3643,700,5974,909,28,49,0,20,135,108,361,153,45,48,57.5,7.3,13.7,7.7,31.5,9.3,23.1,4.6,16.0,6.7,23.9,4.8,17.6,6.4,24.8,4.7,5.8,4.7,63.0,7.8,98.6,2.4,1.0,1.8,0.0,1.7,5.6,4.4,14.9,5.9,0.7,0.8,0.3846,0.4805,0.8288,0.5298,0.962,3.1857,0.8156,0.6988,0.441,0.6367,0.325,0.4702,2.5717,0.5282,0.2048,0.2048,0.2048,0.4464,0.0,0.8808,0.5499,0.6956,2.5727,0.7798,8.5349,0.7668,0,0,0,0,1,1,0,0,0,0,0,0,0,0,0,0,0,0,0,0,1,4119,3110,1182,0,20,5937,906,0,20,0,20,0,20,0,20,37,60,51.7,7.9,0.0,0.8,98.0,1.6,0.0,0.8,0.0,0.8,0.0,0.8,0.0,0.8,0.6,1.0
72,Puerto Rico,PR,72093,Maricao,72093960100,"Census Tract 9601, Maricao Municipio, Puerto Rico",32.315310367008,3959,407,1744,136,1213,151,3160,469,83,78,168,78,1411,244,112,105,716,145,726,141,302,126,61,50,3406,520,3959,408,0,19,0,14,112,65,76,53,4,6,79.8,8.5,7.8,7.4,13.8,6.2,50.2,6.7,2.8,2.7,18.1,3.2,18.3,3.0,7.6,2.9,5.0,4.1,90.5,10.0,100.0,0.7,0.0,1.1,0.0,2.7,9.2,5.2,6.3,4.3,0.1,0.2,0.8906,0.2082,0.1116,0.9978,0.0835,2.2917,0.4219,0.3099,0.5038,0.0239,0.2535,0.9967,2.0878,0.2701,0.5536,0.5536,0.5536,0.0,0.0,0.9816,0.0998,0.4334,1.5148,0.2874,6.4479,0.2885,0,0,0,1,0,1,0,0,0,0,1,1,0,0,0,0,1,0,0,1,3,4221,2920,552,0,14,3959,407,0,14,0,14,0,14,0,14,0,14,73.8,7.6,0.0,1.2,100.0,1.2,0.0,1.2,0.0,1.2,0.0,1.2,0.0,1.2,0.0,1.2
72,Puerto Rico,PR,72093,Maricao,72093960200,"Census Tract 9602, Maricao Municipio, Puerto Rico",4.30713769488,1941,343,858,101,660,85,1463,289,25,27,74,51,573,178,81,75,486,134,325,114,146,66,48,44,1463,282,1887,335,23,30,0,14,24,26,203,68,11,9,75.4,6.6,5.6,6.4,11.2,7.6,37.9,8.3,4.2,3.8,25.0,6.1,16.7,5.1,7.5,3.2,7.3,6.6,77.3,5.6,97.2,1.7,2.7,3.5,0.0,5.4,3.6,3.9,30.8,9.4,0.6,0.5,0.8039,0.1204,0.0563,0.9166,0.2213,2.1185,0.3308,0.7486,0.3673,0.0228,0.4388,0.87,2.4475,0.4566,0.091,0.091,0.091,0.5645,0.0,0.688,0.9013,0.6522,2.806,0.8438,7.463,0.5293,0,0,0,1,0,1,0,0,0,0,0,0,0,0,0,0,0,1,0,1,2,1251,1067,444,0,14,1887,334,0,14,0,14,0,14,0,14,0,14,55.3,9.8,0.0,2.4,97.2,2.8,0.0,2.4,0.0,2.4,0.0,2.4,0.0,2.4,0.0,2.4
72,Puerto Rico,PR,72095,Maunabo,72095951400,"Census Tract 9514, Maunabo Municipio, Puerto Rico",10.85072489252,6103,573,3119,245,2281,281,3253,673,366,253,344,164,1225,269,475,240,1504,209,888,234,757,208,198,133,4865,671,5980,592,29,50,0,20,93,77,329,165,6,5,53.4,9.8,19.7,12.4,15.1,6.9,26.6,6.0,7.8,4.0,24.6,3.9,14.6,3.6,12.4,3.7,8.7,5.7,82.1,8.6,98.0,3.1,0.9,1.6,0.0,1.5,4.1,3.3,14.4,6.9,0.1,0.1,0.3001,0.7039,0.1484,0.6468,0.6703,2.4695,0.5108,0.7313,0.2189,0.0933,0.5612,0.9447,2.5494,0.5119,0.1343,0.1343,0.1343,0.441,0.0,0.753,0.5184,0.4334,2.1458,0.5846,7.299,0.474,0,0,0,0,0,0,0,0,0,0,1,1,0,0,0,0,0,0,0,0,1,4970,899,863,0,20,5980,590,0,20,0,20,0,20,0,20,0,20,14.7,1.4,0.0,0.8,98.0,3.0,0.0,0.8,0.0,0.8,0.0,0.8,0.0,0.8,0.0,0.8
72,Puerto Rico,PR,72095,Maunabo,72095951500,"Census Tract 9515, Maunabo Municipio, Puerto Rico",9.608096532332,2364,478,1205,153,928,144,1869,459,161,119,103,73,494,191,103,83,348,107,630,228,231,127,50,49,1957,440,2364,479,0,19,0,14,93,77,220,95,0,14,79.1,11.0,24.9,13.3,11.1,7.7,30.3,10.0,4.4,3.3,14.7,5.2,26.6,8.0,9.8,5.5,5.4,5.2,87.9,10.2,100.0,1.3,0.0,1.6,0.0,3.9,10.0,8.2,23.7,9.3,0.0,0.6,0.8787,0.8178,0.0509,0.7595,0.244,2.7509,0.6443,0.1192,0.9393,0.0499,0.286,0.9924,2.3868,0.4078,0.5536,0.5536,0.5536,0.0,0.0,0.9881,0.8015,0.0,1.7896,0.41,7.4809,0.5347,0,0,0,0,0,0,0,1,0,0,1,2,0,0,0,0,1,0,0,1,3,1379,741,698,0,14,2364,478,0,14,0,14,0,14,0,14,0,14,31.3,6.3,0.0,2.0,100.0,2.0,0.0,2.0,0.0,2.0,0.0,2.0,0.0,2.0,0.0,2.0
72,Puerto Rico,PR,72095,Maunabo,72095951600,"Census Tract 9516, Maunabo Municipio, Puerto Rico",0.70602225618,2101,375,838,115,684,112,1455,369,258,136,159,72,336,130,203,107,533,167,429,130,245,115,87,55,1569,305,2068,362,10,20,0,14,78,48,88,52,0,14,69.3,12.5,46.1,15.2,23.2,9.8,22.3,6.6,9.7,4.9,25.4,7.4,20.4,5.0,11.7,5.2,12.7,7.8,77.9,6.2,98.4,24.6,1.2,2.4,0.0,5.5,11.4,6.8,12.9,7.5,0.0,0.7,0.6522,0.9848,0.4778,0.506,0.8037,3.4245,0.8796,0.7692,0.6771,0.0792,0.7996,0.8819,3.207,0.8547,0.1788,0.1788,0.1788,0.4713,0.0,0.9978,0.4371,0.0,1.9062,0.461,8.7165,0.8059,0,1,0,0,0,1,0,0,0,0,0,0,0,0,0,0,1,0,0,1,2,2405,757,524,0,14,2068,361,0,14,0,14,0,14,0,14,0,14,36.0,6.4,0.0,2.2,98.4,2.5,0.0,2.2,0.0,2.2,0.0,2.2,0.0,2.2,0.0,2.2
72,Puerto Rico,PR,72097,Mayagüez,72097080100,"Census Tract 801, Mayagüez Municipio, Puerto Rico",0.315668114854,902,245,712,111,453,98,809,242,65,38,142,66,70,39,122,94,148,62,87,75,135,63,26,32,359,120,902,235,113,48,0,14,11,22,133,52,17,27,89.7,11.2,25.3,12.4,31.3,12.9,14.7,8.0,13.5,10.3,16.4,8.3,9.6,7.9,15.0,7.0,5.7,7.0,40.5,7.8,100.0,37.6,15.9,6.3,0.0,6.4,2.4,4.8,29.4,10.7,1.9,2.9,0.9772,0.8286,0.8223,0.2319,0.9284,3.7884,0.9414,0.1993,0.0379,0.1681,0.3131,0.1062,0.8246,0.0098,0.5536,0.5536,0.5536,0.818,0.0,0.5309,0.8861,0.8797,3.1147,0.9252,8.2813,0.7234,1,0,0,0,1,2,0,0,0,0,0,0,0,0,0,0,0,0,0,0,2,6438,180,345,15,23,887,232,0,14,0,14,0,14,0,14,0,14,20.3,5.6,1.7,2.4,98.3,2.4,0.0,5.1,0.0,5.1,0.0,5.1,0.0,5.1,0.0,5.1
72,Puerto Rico,PR,72097,Mayagüez,72097080200,"Census Tract 802, Mayagüez Municipio, Puerto Rico",0.325519893486,1398,299,860,106,589,103,1092,249,265,157,146,62,93,39,42,43,188,62,259,109,280,93,70,41,588,140,1398,300,250,78,0,14,0,19,129,52,5,11,78.4,5.9,66.8,18.5,24.8,9.6,14.1,6.6,3.0,3.0,13.4,4.9,18.5,6.7,20.0,6.0,11.9,6.6,43.5,4.4,100.0,1.8,29.1,8.3,0.0,5.4,0.0,3.2,21.9,8.5,0.4,0.8,0.8657,0.9989,0.5655,0.2102,0.103,2.7433,0.6421,0.0845,0.5244,0.372,0.7573,0.1343,1.8725,0.1616,0.5536,0.5536,0.5536,0.9068,0.0,0.0,0.7787,0.5688,2.2543,0.6334,7.4237,0.5152,0,1,0,0,0,1,0,0,0,0,0,0,0,0,1,0,0,0,0,1,2,1879,154,418,0,14,1397,299,0,14,0,14,0,14,0,14,1,3,11.1,2.4,0.0,3.3,99.9,0.2,0.0,3.3,0.0,3.3,0.0,3.3,0.0,3.3,0.1,0.2
72,Puerto Rico,PR,72097,Mayagüez,72097080300,"Census Tract 803, Mayagüez Municipio, Puerto Rico",0.143843844508,2096,287,1017,89,870,94,1785,255,297,86,248,75,439,96,75,33,463,100,545,160,469,115,182,64,1301,230,2096,288,265,69,0,14,31,19,317,68,23,16,85.2,3.5,45.5,8.3,28.5,8.1,34.7,6.8,3.6,1.6,22.1,5.1,26.0,6.8,22.4,5.3,20.9,7.0,67.6,8.3,100.0,1.1,26.1,6.4,0.0,4.6,3.6,2.1,36.4,6.7,1.1,0.7,0.9491,0.9826,0.7237,0.8657,0.154,3.6751,0.9262,0.585,0.9274,0.5217,0.9577,0.6056,3.5974,0.9685,0.5536,0.5536,0.5536,0.8917,0.0,0.688,0.9403,0.7746,3.2946,0.9577,11.1207,0.9924,1,1,0,0,0,2,0,1,0,1,0,2,0,0,0,0,0,1,0,1,5,822,487,389,4,7,2092,287,0,14,0,14,0,14,0,14,0,14,23.5,3.2,0.2,0.3,99.8,0.3,0.0,2.2,0.0,2.2,0.0,2.2,0.0,2.2,0.0,2.2
72,Puerto Rico,PR,72097,Mayagüez,72097080600,"Census Tract 806, Mayagüez Municipio, Puerto Rico",0.194494635378,1535,400,1960,231,863,186,1375,407,207,108,217,104,37,28,2,4,65,41,34,39,183,93,19,33,327,173,1535,401,911,159,0,14,15,28,150,86,21,22,90.0,12.5,53.6,18.8,25.1,10.8,11.7,7.5,0.1,0.3,4.2,2.7,2.2,2.5,11.9,5.6,2.2,3.8,21.3,9.8,100.0,1.8,46.5,6.0,0.0,2.4,1.7,3.2,17.4,9.2,1.4,1.4,0.9783,0.9924,0.5785,0.1419,0.0076,2.6987,0.6171,0.0033,0.0043,0.0846,0.0639,0.0314,0.1875,0.0011,0.5536,0.5536,0.5536,0.9545,0.0,0.4139,0.6649,0.8277,2.861,0.8644,6.3008,0.256,1,1,0,0,0,2,0,0,0,0,0,0,0,0,1,0,0,0,0,1,3,1193,118,560,0,14,1535,400,0,14,0,14,0,14,0,14,0,14,7.8,2.1,0.0,3.0,100.0,3.0,0.0,3.0,0.0,3.0,0.0,3.0,0.0,3.0,0.0,3.0
72,Puerto Rico,PR,72097,Mayagüez,72097080800,"Census Tract 808, Mayagüez Municipio, Puerto Rico",0.503657317634,2481,483,1620,203,1081,177,1581,427,152,101,306,110,504,137,120,81,725,157,342,173,707,178,53,50,1621,320,2473,483,97,69,19,21,26,44,346,110,151,77,67.9,11.8,25.4,16.2,28.3,9.1,28.0,7.8,5.2,3.6,29.2,7.4,13.8,6.4,30.3,7.7,4.9,4.6,65.9,1.3,99.7,1.5,6.0,4.2,1.2,1.3,2.4,4.1,32.0,9.8,6.1,2.9,0.6262,0.833,0.7205,0.6891,0.3503,3.2191,0.8319,0.8808,0.1755,0.8796,0.2427,0.5525,2.7311,0.6334,0.4886,0.4886,0.4886,0.6869,0.9132,0.5309,0.91,0.9707,4.0117,0.9967,10.4505,0.9675,0,0,0,0,0,0,0,0,0,0,0,0,0,0,0,1,0,1,1,3,3,1846,763,653,0,14,2473,482,0,14,0,14,0,14,0,14,0,14,32.7,6.8,0.0,1.9,99.7,0.5,0.0,1.9,0.0,1.9,0.0,1.9,0.0,1.9,0.0,1.9
72,Puerto Rico,PR,72097,Mayagüez,72097080900,"Census Tract 809, Mayagüez Municipio, Puerto Rico",0.080239331538,911,211,874,100,529,95,776,191,137,79,120,53,287,85,50,38,261,73,97,84,330,99,23,29,731,196,911,213,0,19,0,14,0,19,192,65,0,14,85.2,7.1,40.9,14.5,22.7,9.2,38.5,8.4,5.5,3.8,28.6,8.9,10.6,8.9,36.2,10.0,4.3,5.4,81.0,10.5,100.0,3.2,0.0,2.2,0.0,5.3,0.0,3.6,36.3,11.0,0.0,1.5,0.9491,0.9729,0.4605,0.922,0.3861,3.6906,0.9295,0.8711,0.0639,0.9696,0.195,0.9307,3.0303,0.7874,0.5536,0.5536,0.5536,0.0,0.0,0.0,0.9382,0.0,0.9382,0.0868,8.2127,0.7082,1,1,0,1,0,3,0,0,1,0,1,2,0,0,0,0,0,1,0,1,6,383,359,283,0,14,911,211,0,14,0,14,0,14,0,14,0,14,39.4,9.1,0.0,5.1,100.0,5.1,0.0,5.1,0.0,5.1,0.0,5.1,0.0,5.1,0.0,5.1
72,Puerto Rico,PR,72097,Mayagüez,72097081200,"Census Tract 812, Mayagüez Municipio, Puerto Rico",0.423474356988,5177,735,2345,283,2063,270,4947,732,661,208,707,224,1217,301,195,143,385,169,2021,524,1147,330,681,205,4148,647,5177,736,1610,275,0,20,45,56,1054,273,5,8,95.6,4.0,48.4,14.0,34.3,9.9,46.9,10.1,3.8,2.9,7.4,3.5,39.0,8.5,22.2,6.5,33.0,8.9,86.2,6.6,100.0,0.7,68.7,8.3,0.0,2.0,2.2,2.7,51.1,11.0,0.1,0.2,0.9881,0.9881,0.8787,0.9892,0.1746,4.0187,0.9696,0.0152,0.9935,0.5141,0.9924,0.9859,3.5011,0.9512,0.5536,0.5536,0.5536,0.9772,0.0,0.5049,0.9826,0.4334,2.8981,0.8742,10.9715,0.9892,1,1,0,1,0,3,0,1,0,1,1,3,0,0,1,0,0,1,0,2,8,3298,2037,1145,0,20,5177,735,0,20,0,20,0,20,0,20,0,20,39.4,5.6,0.0,0.9,100.0,0.9,0.0,0.9,0.0,0.9,0.0,0.9,0.0,0.9,0.0,0.9
72,Puerto Rico,PR,72097,Mayagüez,72097081300,"Census Tract 813, Mayagüez Municipio, Puerto Rico",0.451427369584,1844,324,1109,145,791,127,841,244,87,77,263,89,254,84,71,69,554,159,197,103,480,127,107,69,932,224,1833,326,157,73,0,14,9,19,157,66,24,47,46.2,10.6,14.4,11.9,33.2,9.9,18.3,5.5,3.9,3.9,30.0,9.2,10.7,5.3,26.4,6.4,13.5,8.4,51.2,8.4,99.4,2.7,14.2,6.3,0.0,4.2,1.1,2.4,19.8,8.0,1.3,2.5,0.1896,0.5163,0.8613,0.3608,0.1844,2.1124,0.3286,0.8992,0.0693,0.7299,0.8299,0.2329,2.7612,0.6551,0.3694,0.3694,0.3694,0.8039,0.0,0.3055,0.7408,0.805,2.6552,0.8124,7.8982,0.6302,0,0,0,0,0,0,0,0,0,0,0,0,0,0,0,0,0,0,0,0,0,1020,331,461,0,14,1833,325,0,14,0,14,0,14,0,14,0,14,18.2,3.2,0.0,2.5,99.4,0.9,0.0,2.5,0.0,2.5,0.0,2.5,0.0,2.5,0.0,2.5
72,Puerto Rico,PR,72097,Mayagüez,72097081501,"Census Tract 815.01, Mayagüez Municipio, Puerto Rico",1.74005553595,4208,676,2199,177,1472,174,2933,648,330,130,339,110,487,172,235,117,951,216,371,198,684,220,48,44,1485,434,4179,677,129,56,0,14,71,56,114,79,145,100,73.6,11.8,30.1,8.8,23.0,7.0,21.9,7.7,5.6,2.6,22.6,5.5,8.8,4.5,16.3,4.6,3.3,3.0,35.4,8.6,99.3,2.1,5.9,2.5,0.0,2.1,4.8,3.8,7.7,5.1,3.4,2.3,0.7627,0.9024,0.468,0.4951,0.4002,3.0284,0.7646,0.6132,0.0325,0.2115,0.1257,0.0758,1.0587,0.0184,0.3402,0.3402,0.3402,0.6793,0.0,0.8147,0.1562,0.9415,2.5917,0.7885,7.019,0.41,0,1,0,0,0,1,0,0,0,0,0,0,0,0,0,0,0,0,1,1,2,6248,413,919,0,14,4160,676,0,14,0,14,0,14,0,14,19,22,10.2,1.7,0.0,1.1,98.9,1.0,0.0,1.1,0.0,1.1,0.0,1.1,0.0,1.1,0.5,0.5
72,Puerto Rico,PR,72097,Mayagüez,72097081522,"Census Tract 815.22, Mayagüez Municipio, Puerto Rico",4.07632591928,3530,595,1883,208,1372,201,1253,314,358,166,190,101,398,174,25,26,1030,268,312,140,746,249,36,43,1373,346,3502,592,435,134,0,14,0,19,98,59,15,16,35.5,6.6,26.5,9.0,13.8,7.1,15.9,6.1,0.7,0.7,29.2,6.5,8.8,3.7,21.1,6.2,2.6,3.1,39.3,7.3,99.2,1.3,23.1,6.6,0.0,2.5,0.0,1.4,7.1,4.3,0.4,0.4,0.0823,0.8547,0.1116,0.2774,0.0108,1.3368,0.0575,0.8808,0.0325,0.4425,0.0823,0.1008,1.5389,0.0813,0.3218,0.3218,0.3218,0.8776,0.0,0.0,0.1269,0.5688,1.5733,0.3189,4.7708,0.0553,0,0,0,0,0,0,0,0,0,0,0,0,0,0,0,0,0,0,0,0,0,2233,291,844,0,14,3485,592,0,14,0,14,0,14,9,14,8,12,8.3,1.4,0.0,1.3,98.7,1.2,0.0,1.3,0.0,1.3,0.0,1.3,0.3,0.4,0.2,0.3
72,Puerto Rico,PR,72097,Mayagüez,72097081523,"Census Tract 815.23, Mayagüez Municipio, Puerto Rico",1.490653721254,2770,636,1376,213,1075,206,2019,591,201,137,375,151,429,146,357,232,564,186,659,283,605,230,213,118,1402,417,2770,636,465,175,0,14,0,19,102,86,0,14,72.9,13.2,17.9,11.8,34.9,12.4,25.0,7.2,12.9,7.9,20.4,7.1,23.8,8.6,21.8,7.4,19.8,10.3,55.3,10.6,100.0,0.0,33.8,11.6,0.0,3.4,0.0,1.8,9.5,7.9,0.0,0.5,0.7486,0.6432,0.8906,0.6024,0.9208,3.8056,0.9469,0.4594,0.8646,0.4924,0.9502,0.3001,3.0667,0.8069,0.5536,0.5536,0.5536,0.9252,0.0,0.0,0.2505,0.0,1.1757,0.1529,8.6016,0.7842,0,0,0,0,1,1,0,0,0,1,0,1,0,0,1,0,0,0,0,1,3,1168,577,894,0,14,2756,635,0,14,0,14,0,14,0,14,14,22,20.8,4.8,0.0,1.7,99.5,0.8,0.0,1.7,0.0,1.7,0.0,1.7,0.0,1.7,0.5,0.8
72,Puerto Rico,PR,72097,Mayagüez,72097081524,"Census Tract 815.24, Mayagüez Municipio, Puerto Rico",24.70897780047,2337,603,1412,212,976,218,1638,433,88,90,84,73,799,293,150,143,609,250,245,161,702,227,15,27,1644,503,2337,603,0,19,0,14,0,19,183,121,18,9,70.1,4.0,12.0,13.8,8.6,7.2,41.7,12.8,6.4,6.2,26.1,10.7,10.5,6.3,30.0,9.5,1.5,2.7,70.3,11.6,100.0,0.0,0.0,1.3,0.0,3.3,0.0,1.9,18.8,11.2,0.8,0.3,0.6771,0.4035,0.0206,0.9675,0.5076,2.5763,0.5597,0.7855,0.0628,0.8698,0.0423,0.6826,2.443,0.4523,0.5536,0.5536,0.5536,0.0,0.0,0.0,0.7137,0.7226,1.4363,0.2505,7.0092,0.4067,0,0,0,1,0,1,0,0,0,0,0,0,0,0,0,0,0,0,0,0,1,35659,962,835,0,14,2337,603,0,14,0,14,0,14,0,14,0,14,41.5,10.8,0.0,2.0,100.0,2.0,0.0,2.0,0.0,2.0,0.0,2.0,0.0,2.0,0.0,2.0
72,Puerto Rico,PR,72097,Mayagüez,72097081601,"Census Tract 816.01, Mayagüez Municipio, Puerto Rico",7.623314876906,4361,600,2051,190,1575,164,2128,435,244,118,295,99,607,183,191,133,970,199,768,243,943,193,81,58,1960,342,4331,591,39,39,9,15,59,49,177,90,5,8,48.8,7.4,16.3,7.0,18.7,6.0,20.0,5.4,4.4,2.9,22.2,5.2,17.6,5.0,21.6,4.0,5.1,3.6,45.5,4.9,99.3,19.2,1.9,1.9,0.4,0.7,3.7,3.1,11.2,5.4,0.1,0.2,0.2221,0.5857,0.2654,0.4095,0.244,1.7267,0.1594,0.5915,0.441,0.4729,0.2633,0.1614,1.9301,0.1887,0.3402,0.3402,0.3402,0.5352,0.7874,0.7064,0.3449,0.4334,2.8073,0.8471,6.8043,0.3612,0,0,0,0,0,0,0,0,0,0,0,0,0,0,0,0,0,0,0,0,0,2340,988,822,0,14,4322,591,0,14,0,14,0,14,9,14,0,14,22.7,3.1,0.0,1.1,99.1,0.9,0.0,1.1,0.0,1.1,0.0,1.1,0.2,0.3,0.0,1.1
72,Puerto Rico,PR,72097,Mayagüez,72097081602,"Census Tract 816.02, Mayagüez Municipio, Puerto Rico",5.903570622768,3202,533,1701,175,1249,158,2177,489,292,149,159,80,783,206,132,87,884,182,407,190,967,205,67,51,1953,396,3202,534,0,19,0,14,40,47,147,71,13,31,68.0,10.3,25.0,10.4,12.7,6.2,29.9,7.3,4.1,2.6,27.6,6.4,12.7,5.5,30.2,5.7,5.4,4.0,62.4,7.5,100.0,1.0,0.0,1.1,0.0,2.8,3.2,3.7,11.8,5.8,0.4,1.0,0.6295,0.8221,0.091,0.7486,0.2082,2.4994,0.5206,0.8462,0.13,0.8742,0.286,0.4583,2.5947,0.5423,0.5536,0.5536,0.5536,0.0,0.0,0.6403,0.3774,0.5688,1.5865,0.3243,7.2342,0.4599,0,0,0,0,0,0,0,0,0,0,0,0,0,0,0,0,0,0,0,0,0,1585,753,737,0,14,3199,533,0,14,0,14,3,10,0,14,0,14,23.6,4.0,0.0,1.5,99.9,0.3,0.0,1.5,0.0,1.5,0.1,0.3,0.0,1.5,0.0,1.5
72,Puerto Rico,PR,72097,Mayagüez,72097081700,"Census Tract 817, Mayagüez Municipio, Puerto Rico",1.90201374189,2643,482,1887,187,1230,161,1305,292,168,107,238,111,432,132,167,106,793,178,275,174,649,216,41,49,1239,319,2541,439,146,61,0,14,12,24,132,89,42,28,50.4,6.6,14.5,8.2,19.3,8.7,21.9,6.4,6.5,4.1,30.0,6.8,10.4,6.3,25.1,7.4,3.3,4.0,48.0,9.3,96.1,24.1,7.7,3.1,0.0,2.5,1.0,1.9,10.7,7.3,1.6,1.0,0.2503,0.5184,0.2893,0.4951,0.5184,2.0715,0.3091,0.8992,0.0585,0.654,0.1257,0.1907,1.9281,0.1855,0.0574,0.0574,0.0574,0.7259,0.0,0.2839,0.32,0.8472,2.177,0.6009,6.234,0.2419,0,0,0,0,0,0,0,0,0,0,0,0,0,0,0,0,0,0,0,0,0,3419,521,658,0,14,2541,438,0,14,0,14,0,14,0,14,0,14,20.0,3.7,0.0,1.8,96.1,5.4,0.0,1.8,0.0,1.8,0.0,1.8,0.0,1.8,0.0,1.8
72,Puerto Rico,PR,72097,Mayagüez,72097081800,"Census Tract 818, Mayagüez Municipio, Puerto Rico",6.470161408096,3211,480,1607,157,1230,152,1588,359,186,105,140,80,848,204,85,69,1066,217,352,141,1074,252,46,39,2107,399,3188,473,67,46,0,14,0,19,191,105,280,144,53.8,8.4,18.5,9.8,11.4,6.3,35.4,6.9,2.7,2.2,33.2,6.9,11.0,4.1,34.6,6.6,3.7,3.1,66.9,7.8,99.3,20.9,4.2,2.8,0.0,2.9,0.0,1.5,15.5,8.1,8.7,4.3,0.3088,0.6638,0.0596,0.883,0.0781,1.9933,0.269,0.961,0.078,0.9555,0.1506,0.5829,2.728,0.6312,0.3402,0.3402,0.3402,0.6251,0.0,0.0,0.5911,0.9805,2.1967,0.6085,7.2582,0.4653,0,0,0,0,0,0,1,0,1,0,0,2,0,0,0,0,0,0,1,1,3,2392,1045,662,0,14,3178,472,0,14,0,14,0,14,0,14,10,15,35.7,5.9,0.0,1.5,99.0,1.1,0.0,1.5,0.0,1.5,0.0,1.5,0.0,1.5,0.3,0.5
72,Puerto Rico,PR,72097,Mayagüez,72097081900,"Census Tract 819, Mayagüez Municipio, Puerto Rico",11.326700241162,4008,717,2151,253,1627,257,2784,749,198,173,108,92,972,302,116,113,1362,342,469,203,1306,340,119,99,2804,575,3948,714,0,19,0,14,0,19,174,134,0,14,69.5,14.0,16.7,13.7,6.6,5.6,30.9,8.3,2.9,2.8,34.0,8.7,11.7,4.6,32.6,7.2,7.3,6.0,72.5,8.5,98.5,2.6,0.0,0.9,0.0,2.2,0.0,1.2,10.7,7.8,0.0,0.3,0.6566,0.6009,0.0098,0.779,0.0954,2.1417,0.3427,0.9675,0.0964,0.9208,0.4388,0.7465,3.17,0.8471,0.1874,0.1874,0.1874,0.0,0.0,0.0,0.32,0.0,0.32,0.0098,5.8191,0.1811,0,0,0,0,0,0,1,0,1,0,0,2,0,0,0,0,0,0,0,0,2,2418,1542,1016,0,14,3948,714,0,14,0,14,0,14,0,14,0,14,38.5,6.9,0.0,1.2,98.5,1.8,0.0,1.2,0.0,1.2,0.0,1.2,0.0,1.2,0.0,1.2
72,Puerto Rico,PR,72097,Mayagüez,72097082001,"Census Tract 820.01, Mayagüez Municipio, Puerto Rico",3.150678806848,6302,1018,2698,267,2139,267,2854,607,419,169,434,185,913,268,402,224,1127,277,1496,419,1091,269,323,153,2916,575,6206,1007,118,85,0,20,188,119,181,92,6,5,45.4,6.3,17.2,6.4,20.3,8.3,23.2,5.8,6.4,3.8,17.9,3.9,23.7,5.4,17.3,3.9,15.1,6.9,48.5,5.3,98.5,1.5,4.4,3.1,0.0,1.7,8.8,5.5,8.5,4.3,0.1,0.1,0.1788,0.6236,0.3369,0.5341,0.5076,2.181,0.3677,0.2979,0.8624,0.244,0.87,0.1983,2.4726,0.4751,0.1874,0.1874,0.1874,0.6295,0.0,0.9794,0.192,0.4334,2.2343,0.6204,7.0753,0.4284,0,0,0,0,0,0,0,0,0,0,0,0,0,0,0,0,1,0,0,1,1,3667,1189,1411,13,20,6193,1006,0,20,0,20,0,20,0,20,0,20,18.9,3.1,0.2,0.3,98.3,2.5,0.0,0.7,0.0,0.7,0.0,0.7,0.0,0.7,0.0,0.7
72,Puerto Rico,PR,72097,Mayagüez,72097082012,"Census Tract 820.12, Mayagüez Municipio, Puerto Rico",2.384402630854,3878,671,2303,256,1662,245,3089,680,203,146,196,111,1008,270,431,343,1184,264,533,247,1096,295,59,69,2650,529,3878,671,136,84,0,14,0,19,258,119,46,61,79.7,10.8,15.5,10.1,11.8,6.4,32.0,7.7,11.1,8.3,30.5,7.5,13.7,5.9,28.3,7.0,3.5,4.1,71.6,7.1,100.0,0.0,5.9,3.6,0.0,2.0,0.0,1.1,15.5,7.0,1.2,1.6,0.8873,0.551,0.0726,0.8039,0.8698,3.1846,0.8145,0.9122,0.1723,0.8091,0.1398,0.7129,2.7463,0.6464,0.5536,0.5536,0.5536,0.6793,0.0,0.0,0.5911,0.7952,2.0656,0.5477,8.5501,0.7711,0,0,0,0,0,0,1,0,0,0,0,1,0,0,0,0,0,0,0,0,1,2186,960,949,0,14,3878,671,0,14,0,14,0,14,0,14,0,14,25.1,4.3,0.0,1.2,100.0,1.2,0.0,1.2,0.0,1.2,0.0,1.2,0.0,1.2,0.0,1.2
72,Puerto Rico,PR,72097,Mayagüez,72097082022,"Census Tract 820.22, Mayagüez Municipio, Puerto Rico",2.361783617388,3285,571,1534,169,1177,156,1674,461,198,105,237,89,714,233,129,110,1127,214,316,181,1115,280,20,34,2089,430,3276,571,26,30,0,14,56,55,171,76,0,14,51.0,10.9,21.0,9.2,20.1,7.1,26.0,7.4,3.9,3.3,34.3,6.9,9.6,5.3,33.9,7.2,1.7,2.9,65.2,7.5,99.7,1.3,1.7,1.9,0.0,3.0,4.8,4.6,14.5,6.2,0.0,0.4,0.2622,0.7462,0.3294,0.6327,0.1844,2.1549,0.3503,0.9729,0.0379,0.9447,0.0455,0.5276,2.5286,0.5054,0.4886,0.4886,0.4886,0.5222,0.0,0.8147,0.5228,0.0,1.8597,0.4338,7.0318,0.4132,0,0,0,0,0,0,1,0,1,0,0,2,0,0,0,0,0,0,0,0,2,2050,737,812,0,14,3276,570,0,14,0,14,0,14,0,14,0,14,22.4,3.9,0.0,1.4,99.7,0.4,0.0,1.4,0.0,1.4,0.0,1.4,0.0,1.4,0.0,1.4
72,Puerto Rico,PR,72097,Mayagüez,72097082102,"Census Tract 821.02, Mayagüez Municipio, Puerto Rico",0.798276309754,3173,622,1427,152,1151,142,2424,556,418,179,463,113,544,197,65,58,568,150,697,269,725,196,223,78,1796,421,3173,622,174,84,0,14,0,19,275,106,44,50,77.0,8.7,37.0,11.4,40.2,8.5,28.6,8.1,2.1,1.8,17.9,5.6,22.0,7.3,23.0,5.1,19.4,6.3,60.0,8.1,100.0,0.0,12.2,5.7,0.0,3.3,0.0,1.7,23.9,8.9,1.4,1.6,0.8429,0.9544,0.9523,0.7064,0.0423,3.4983,0.8937,0.2979,0.7736,0.551,0.9447,0.4074,2.9746,0.7592,0.5536,0.5536,0.5536,0.7833,0.0,0.0,0.8048,0.8277,2.4158,0.7072,9.4423,0.8948,0,1,1,0,0,2,0,0,0,1,0,1,0,0,0,0,0,0,0,0,3,1614,519,897,0,14,3173,622,0,14,0,14,0,14,0,14,0,14,16.6,3.3,0.0,1.5,100.0,1.5,0.0,1.5,0.0,1.5,0.0,1.5,0.0,1.5,0.0,1.5
72,Puerto Rico,PR,72097,Mayagüez,72097082103,"Census Tract 821.03, Mayagüez Municipio, Puerto Rico",0.633062105648,3689,475,2039,164,1738,175,2785,416,442,174,672,145,813,184,175,86,833,168,907,250,1108,217,195,100,2259,362,3666,471,822,160,0,14,35,34,616,137,35,47,75.8,5.8,32.0,10.5,38.7,7.4,32.1,6.8,4.8,2.3,22.6,5.3,24.6,6.0,30.2,5.6,11.2,5.6,66.9,6.2,99.4,18.1,40.3,7.1,0.0,2.3,2.0,1.9,35.4,7.3,0.9,1.3,0.8147,0.9154,0.9372,0.8061,0.2972,3.7706,0.9393,0.6132,0.8949,0.8742,0.7172,0.5829,3.6824,0.9794,0.3694,0.3694,0.3694,0.9447,0.0,0.4778,0.9328,0.7389,3.0942,0.9208,10.9166,0.987,0,1,1,0,0,2,0,0,0,0,0,0,0,0,1,0,0,1,0,2,4,2434,861,668,15,25,3651,470,0,14,0,14,0,14,0,14,0,14,23.6,3.0,0.4,0.7,99.0,1.2,0.0,1.3,0.0,1.3,0.0,1.3,0.0,1.3,0.0,1.3
72,Puerto Rico,PR,72097,Mayagüez,72097082104,"Census Tract 821.04, Mayagüez Municipio, Puerto Rico",0.203022470252,2395,421,1255,144,922,138,2004,407,315,161,327,119,316,100,68,47,537,151,552,198,449,128,171,84,1341,325,2394,423,622,136,0,14,17,32,121,57,6,4,83.7,8.5,31.5,13.2,35.5,11.8,20.0,5.6,2.8,2.0,22.4,6.6,23.0,7.2,18.7,6.1,18.5,8.7,59.2,9.9,100.0,1.7,49.6,9.2,0.0,3.7,1.8,3.5,13.1,6.0,0.3,0.2,0.9372,0.9143,0.9036,0.4095,0.0835,3.2481,0.8449,0.5991,0.8321,0.3113,0.9263,0.3868,3.0556,0.8015,0.5536,0.5536,0.5536,0.9588,0.0,0.4345,0.4479,0.5255,2.3667,0.6898,9.224,0.8666,1,1,1,0,0,3,0,0,0,1,0,1,0,0,1,0,0,0,0,1,5,1310,399,608,0,14,2394,422,0,14,0,14,0,14,0,14,0,14,16.7,3.0,0.0,2.0,100.0,0.1,0.0,2.0,0.0,2.0,0.0,2.0,0.0,2.0,0.0,2.0
72,Puerto Rico,PR,72097,Mayagüez,72097082200,"Census Tract 822, Mayagüez Municipio, Puerto Rico",0.180228938682,1709,330,1313,123,864,114,1337,305,188,127,268,88,571,121,87,56,720,131,175,93,605,122,64,41,1187,266,1709,331,180,40,5,9,16,19,411,90,125,87,82.8,9.8,37.0,15.2,31.0,9.3,41.3,7.1,5.4,3.4,42.1,8.0,10.2,5.1,37.5,6.6,7.4,4.6,69.5,7.9,100.0,1.5,13.7,2.8,0.4,0.7,1.9,2.2,47.6,7.7,7.3,4.9,0.9296,0.9544,0.8137,0.9588,0.372,4.0285,0.9718,0.9989,0.052,0.9783,0.4475,0.6663,3.143,0.8416,0.5536,0.5536,0.5536,0.7985,0.7874,0.4561,0.9761,0.9783,3.9964,0.9946,11.7215,1.0,1,1,0,1,0,3,1,0,1,0,0,2,0,0,0,0,0,1,1,2,7,1169,694,408,0,14,1709,330,0,14,0,14,0,14,0,14,0,14,43.8,8.7,0.0,2.7,100.0,2.7,0.0,2.7,0.0,2.7,0.0,2.7,0.0,2.7,0.0,2.7
72,Puerto Rico,PR,72097,Mayagüez,72097082300,"Census Tract 823, Mayagüez Municipio, Puerto Rico",0.282298091198,2291,427,1561,127,844,116,1665,369,194,101,285,81,347,98,154,111,528,128,404,160,537,156,103,50,1196,269,2262,438,433,65,0,14,32,27,305,76,29,64,73.6,8.0,26.0,10.3,33.8,8.4,23.2,5.2,6.8,4.5,23.0,5.2,17.6,6.2,23.7,5.7,12.2,5.7,56.7,7.5,98.7,5.2,27.7,3.5,0.0,3.0,3.8,3.2,36.1,8.0,1.3,2.8,0.7627,0.8438,0.8678,0.5341,0.5597,3.5681,0.9067,0.6468,0.441,0.59,0.7714,0.3304,2.7796,0.667,0.2221,0.2221,0.2221,0.8992,0.0,0.7194,0.936,0.805,3.3596,0.9675,9.9294,0.936,0,0,0,0,0,0,0,0,0,0,0,0,0,0,0,0,0,1,0,1,1,1972,461,601,0,14,2262,437,0,14,0,14,0,14,0,14,0,14,20.4,4.0,0.0,2.0,98.7,2.8,0.0,2.0,0.0,2.0,0.0,2.0,0.0,2.0,0.0,2.0
72,Puerto Rico,PR,72099,Moca,72099420100,"Census Tract 4201, Moca Municipio, Puerto Rico",14.789029385452,6579,889,2928,300,2419,288,4957,828,586,230,511,207,1768,342,471,244,1355,274,1387,412,1221,307,229,134,4648,780,6556,889,0,28,32,51,94,70,237,110,41,42,75.9,7.3,25.9,8.8,21.1,8.2,37.2,5.9,7.2,3.7,20.6,4.4,21.1,5.6,18.6,5.1,9.5,5.4,73.3,7.5,99.7,1.0,0.0,1.0,1.1,1.8,3.9,2.9,9.8,4.5,0.6,0.6,0.8169,0.8406,0.3857,0.9068,0.5965,3.5465,0.9013,0.4745,0.7216,0.3091,0.6056,0.7779,2.8887,0.718,0.4886,0.4886,0.4886,0.0,0.898,0.7281,0.2668,0.6522,2.5451,0.7646,9.4689,0.897,0,0,0,1,0,1,0,0,0,0,0,0,0,0,0,0,0,0,0,0,1,3744,2799,1183,1,2,6555,888,0,20,0,20,0,20,0,20,0,20,42.8,5.8,0.0,0.1,99.6,0.6,0.0,0.7,0.0,0.7,0.0,0.7,0.0,0.7,0.0,0.7
72,Puerto Rico,PR,72099,Moca,72099420200,"Census Tract 4202, Moca Municipio, Puerto Rico",2.98366884234,6720,991,3074,316,2681,326,4166,875,717,297,549,213,926,291,262,167,1150,266,1480,496,1401,333,310,159,3748,699,6701,998,164,125,0,20,61,68,388,171,10,22,62.1,9.3,28.1,9.7,20.5,7.5,20.2,5.6,3.9,2.4,17.1,4.3,22.0,6.6,20.9,4.7,11.6,5.8,58.2,7.1,99.7,2.1,5.3,4.0,0.0,1.5,2.3,2.5,14.5,6.0,0.1,0.3,0.4854,0.8839,0.351,0.416,0.1844,2.3207,0.4349,0.2438,0.7736,0.4317,0.7421,0.3705,2.5617,0.5217,0.4886,0.4886,0.4886,0.6598,0.0,0.5179,0.5228,0.4334,2.1339,0.577,7.5049,0.5412,0,0,0,0,0,0,0,0,0,0,0,0,0,0,0,0,0,0,0,0,0,12716,1482,1388,0,20,6635,995,27,44,0,20,0,20,39,63,0,20,22.1,3.3,0.0,0.7,98.7,1.3,0.4,0.7,0.0,0.7,0.0,0.7,0.6,0.9,0.0,0.7
72,Puerto Rico,PR,72099,Moca,72099420302,"Census Tract 4203.02, Moca Municipio, Puerto Rico",2.435178904874,4035,519,1849,172,1533,185,2280,530,240,129,343,118,700,196,267,176,776,197,746,237,702,184,115,80,2449,430,4007,514,18,33,36,57,21,37,119,70,19,41,56.5,10.9,15.3,7.7,22.4,7.2,24.2,6.3,6.6,4.3,19.2,5.1,18.5,5.4,17.4,4.6,7.5,5.1,65.1,8.3,99.3,18.0,1.0,1.8,1.9,3.0,1.4,2.4,7.8,4.4,0.5,1.0,0.3673,0.5445,0.4431,0.571,0.5315,2.4574,0.5033,0.3738,0.5244,0.2473,0.4605,0.5211,2.1271,0.2874,0.3402,0.3402,0.3402,0.4464,0.9685,0.3597,0.1605,0.6165,2.5516,0.7701,7.4763,0.5315,0,0,0,0,0,0,0,0,0,0,0,0,0,0,0,1,0,0,0,1,1,2332,914,772,0,14,4007,513,0,14,0,14,0,14,0,14,0,14,22.8,2.9,0.0,1.2,99.3,0.7,0.0,1.2,0.0,1.2,0.0,1.2,0.0,1.2,0.0,1.2
72,Puerto Rico,PR,72099,Moca,72099420303,"Census Tract 4203.03, Moca Municipio, Puerto Rico",2.92535585728,2553,652,1251,206,1018,217,2100,647,156,122,166,114,610,231,17,27,509,186,594,296,695,247,51,61,1784,545,2521,658,0,19,0,14,24,39,177,123,0,14,82.3,14.2,27.2,18.5,16.3,10.6,34.1,10.9,0.7,1.1,19.9,8.5,23.3,10.0,27.2,8.5,5.0,5.9,73.6,11.6,98.7,5.4,0.0,1.5,0.0,3.7,2.4,3.8,17.4,10.9,0.0,0.5,0.9231,0.8655,0.1961,0.8559,0.0108,2.8514,0.6811,0.4269,0.8494,0.7657,0.2535,0.7855,3.081,0.8134,0.2221,0.2221,0.2221,0.0,0.0,0.5309,0.6649,0.0,1.1958,0.1605,7.3503,0.4913,1,0,0,0,0,1,0,0,0,0,0,0,0,0,0,0,0,0,0,0,1,1911,722,919,0,14,2521,658,0,14,0,14,0,14,0,14,0,14,28.3,7.2,0.0,1.8,98.7,2.1,0.0,1.8,0.0,1.8,0.0,1.8,0.0,1.8,0.0,1.8
72,Puerto Rico,PR,72099,Moca,72099420304,"Census Tract 4203.04, Moca Municipio, Puerto Rico",2.68176989701,2077,585,1009,191,869,205,1179,431,223,200,190,112,505,177,24,38,306,127,416,254,358,179,100,98,1679,516,2077,586,0,19,0,14,0,19,128,98,43,18,56.8,13.2,27.3,19.9,21.9,11.8,34.9,10.8,1.2,1.8,14.7,7.3,20.0,10.9,17.2,8.3,11.5,10.9,83.4,10.6,100.0,1.6,0.0,1.9,0.0,4.6,0.0,2.2,14.7,10.5,2.1,0.6,0.3781,0.8677,0.4269,0.87,0.0184,2.5611,0.5499,0.1192,0.6414,0.2397,0.7378,0.9577,2.6958,0.6085,0.5536,0.5536,0.5536,0.0,0.0,0.0,0.5358,0.896,1.4318,0.2451,7.2423,0.462,0,0,0,0,0,0,0,0,0,0,1,1,0,0,0,0,0,0,0,0,1,1020,515,820,39,62,2038,582,0,14,0,14,0,14,0,14,0,14,25.3,7.3,1.9,3.0,98.1,3.0,0.0,2.3,0.0,2.3,0.0,2.3,0.0,2.3,0.0,2.3
72,Puerto Rico,PR,72099,Moca,72099420401,"Census Tract 4204.01, Moca Municipio, Puerto Rico",2.350915618292,3335,585,1498,193,1197,169,2012,514,336,186,239,113,348,150,154,101,357,134,689,223,583,209,131,77,2255,441,3335,589,21,35,0,14,11,22,126,76,16,12,60.3,11.2,21.8,9.8,20.0,9.0,14.9,6.4,4.7,3.2,10.7,4.4,20.7,5.6,17.6,5.9,10.9,6.2,72.1,5.9,100.0,2.1,1.4,2.3,0.0,3.1,0.9,1.8,10.5,6.0,0.5,0.3,0.4475,0.7603,0.3229,0.2405,0.2809,2.0521,0.3015,0.039,0.6988,0.2581,0.7031,0.7302,2.4292,0.4425,0.5536,0.5536,0.5536,0.4919,0.0,0.2622,0.3059,0.6165,1.6765,0.359,6.7114,0.3427,0,0,0,0,0,0,0,0,0,0,0,0,0,0,0,0,0,0,0,0,0,1745,1071,783,13,21,3322,588,0,14,0,14,0,14,0,14,0,14,32.3,5.7,0.4,0.6,99.6,0.6,0.0,1.4,0.0,1.4,0.0,1.4,0.0,1.4,0.0,1.4
72,Puerto Rico,PR,72099,Moca,72099420402,"Census Tract 4204.02, Moca Municipio, Puerto Rico",9.054662172654,3485,486,1892,187,1436,186,2230,392,216,122,263,92,803,163,216,99,600,161,523,191,800,192,123,83,2408,419,3485,487,0,19,0,14,17,31,133,78,0,14,64.0,6.8,14.2,7.2,18.3,6.0,31.1,5.8,6.2,2.8,17.2,4.7,15.0,5.1,23.0,5.7,8.6,5.7,70.2,7.2,100.0,0.9,0.0,1.0,0.0,2.5,1.2,2.2,9.3,5.2,0.0,0.4,0.5255,0.5054,0.2503,0.7855,0.4783,2.545,0.5456,0.2514,0.2492,0.551,0.5525,0.6804,2.2845,0.3601,0.5536,0.5536,0.5536,0.0,0.0,0.3174,0.244,0.0,0.5614,0.0195,5.9445,0.1963,0,0,0,0,0,0,0,0,0,0,0,0,0,0,0,0,0,0,0,0,0,2592,743,692,0,14,3485,486,0,14,0,14,0,14,0,14,0,14,21.3,3.0,0.0,1.4,100.0,1.4,0.0,1.4,0.0,1.4,0.0,1.4,0.0,1.4,0.0,1.4
72,Puerto Rico,PR,72099,Moca,72099420500,"Census Tract 4205, Moca Municipio, Puerto Rico",13.120774535728,6763,941,2750,281,2329,282,4547,813,489,249,551,189,1794,405,342,172,1230,320,1202,399,1228,374,228,130,4515,777,6763,933,19,35,0,20,74,73,138,102,58,92,67.8,7.3,23.1,9.8,23.7,7.6,39.2,6.9,5.1,2.6,18.2,4.2,17.8,5.4,18.3,5.4,9.8,5.5,69.3,7.1,100.0,19.6,0.7,1.3,0.0,1.7,3.2,3.1,5.9,4.2,0.9,1.4,0.623,0.7874,0.5103,0.9328,0.3384,3.1919,0.82,0.3164,0.4626,0.2928,0.6327,0.6576,2.3621,0.3926,0.5536,0.5536,0.5536,0.4009,0.0,0.6403,0.0868,0.7389,1.8669,0.436,7.9745,0.6486,0,0,0,1,0,1,0,0,0,0,0,0,0,0,0,0,0,0,0,0,1,4046,1323,1374,0,20,6729,931,0,20,0,20,0,20,0,20,34,53,19.7,2.8,0.0,0.7,99.5,0.8,0.0,0.7,0.0,0.7,0.0,0.7,0.0,0.7,0.5,0.8
72,Puerto Rico,PR,72101,Morovis,72101955201,"Census Tract 9552.01, Morovis Municipio, Puerto Rico",3.021224597778,5582,704,1745,176,1562,176,3999,682,546,192,393,140,649,190,341,221,518,174,1628,320,1142,275,240,104,3955,586,5563,714,142,78,0,20,30,39,79,58,18,27,71.6,8.2,25.9,7.2,25.2,8.5,19.5,4.7,6.1,4.0,9.3,2.9,29.2,4.4,20.5,5.0,15.4,6.4,75.9,5.1,99.7,2.3,8.1,4.4,0.0,2.7,1.9,2.5,5.1,3.6,0.3,0.5,0.7194,0.8406,0.585,0.3944,0.4642,3.0036,0.7516,0.0271,0.9686,0.4024,0.8808,0.8397,3.1186,0.8297,0.4886,0.4886,0.4886,0.7335,0.0,0.4561,0.064,0.5255,1.7791,0.4035,8.3899,0.7484,0,0,0,0,0,0,0,1,0,0,0,1,0,0,0,0,0,0,0,0,1,2324,975,1041,19,30,5544,712,0,20,0,20,0,20,0,20,0,20,17.5,2.2,0.3,0.5,99.3,1.0,0.0,0.8,0.0,0.8,0.0,0.8,0.0,0.8,0.0,0.8
72,Puerto Rico,PR,72101,Morovis,72101955202,"Census Tract 9552.02, Morovis Municipio, Puerto Rico",6.03885535814,4960,753,2148,191,1604,191,2882,552,232,158,372,129,868,210,271,169,864,204,786,249,1283,248,154,97,3170,556,4960,752,11,22,0,14,0,19,209,95,0,14,58.1,6.8,11.7,7.0,23.2,7.6,23.4,5.5,5.5,3.2,17.4,4.3,15.8,4.4,25.9,4.4,9.6,5.9,65.6,5.8,100.0,21.5,0.5,1.0,0.0,2.2,0.0,1.2,13.0,5.6,0.0,0.3,0.3987,0.3872,0.4778,0.5406,0.3861,2.1904,0.3709,0.2622,0.2979,0.7061,0.6197,0.5417,2.4276,0.4382,0.5536,0.5536,0.5536,0.3857,0.0,0.0,0.4425,0.0,0.8282,0.0618,5.9998,0.2082,0,0,0,0,0,0,0,0,0,0,0,0,0,0,0,0,0,0,0,0,0,5252,771,1052,0,14,4943,751,0,14,17,26,0,14,0,14,0,14,15.5,2.4,0.0,1.0,99.7,0.5,0.0,1.0,0.3,0.5,0.0,1.0,0.0,1.0,0.0,1.0
72,Puerto Rico,PR,72101,Morovis,72101955301,"Census Tract 9553.01, Morovis Municipio, Puerto Rico",5.595552732942,4302,673,1868,218,1510,213,2226,592,137,115,313,151,666,247,190,176,806,254,908,342,854,315,183,134,2586,570,4302,673,0,19,0,14,0,19,149,82,33,47,52.1,11.2,9.3,7.0,20.7,9.6,21.6,7.6,4.5,4.0,18.7,5.8,21.1,7.2,20.0,6.8,12.1,8.7,63.8,10.1,100.0,0.0,0.0,1.0,0.0,2.5,0.0,1.3,9.9,5.4,0.8,1.1,0.2795,0.2787,0.364,0.4854,0.2592,1.6668,0.1421,0.3391,0.7216,0.372,0.7692,0.4865,2.6884,0.602,0.5536,0.5536,0.5536,0.0,0.0,0.0,0.2744,0.7226,0.997,0.0965,5.9058,0.1898,0,0,0,0,0,0,0,0,0,0,0,0,0,0,0,0,0,0,0,0,0,4901,836,963,0,14,4302,673,0,14,0,14,0,14,0,14,0,14,19.6,3.1,0.0,1.1,100.0,1.1,0.0,1.1,0.0,1.1,0.0,1.1,0.0,1.1,0.0,1.1
72,Puerto Rico,PR,72101,Morovis,72101955302,"Census Tract 9553.02, Morovis Municipio, Puerto Rico",2.576455557184,3563,827,1253,234,948,222,2440,751,219,192,79,82,878,359,229,210,540,251,719,285,956,413,128,117,2330,659,3535,815,0,19,23,37,38,46,135,92,0,14,68.5,13.8,14.7,11.4,8.3,8.4,37.3,11.4,6.4,5.9,15.2,6.1,20.2,6.5,26.8,9.9,13.5,11.9,67.3,11.1,99.2,32.5,0.0,1.5,1.8,2.9,4.0,4.8,14.2,8.8,0.0,0.4,0.6349,0.5282,0.0163,0.909,0.5076,2.596,0.5705,0.1408,0.6587,0.744,0.8299,0.6002,2.9736,0.757,0.3218,0.3218,0.3218,0.0,0.962,0.74,0.5076,0.0,2.2096,0.6139,8.101,0.6746,0,0,0,1,0,1,0,0,0,0,0,0,0,0,0,1,0,0,0,1,2,1658,443,1161,0,14,3535,815,0,14,0,14,0,14,0,14,0,14,12.4,2.9,0.0,1.3,99.2,1.3,0.0,1.3,0.0,1.3,0.0,1.3,0.0,1.3,0.0,1.3
72,Puerto Rico,PR,72101,Morovis,72101955401,"Census Tract 9554.01, Morovis Municipio, Puerto Rico",17.557949453698,6663,888,2566,254,2050,268,4689,903,332,197,331,161,977,311,506,275,944,230,1288,310,1740,391,215,128,4189,737,6634,888,0,28,0,20,42,68,202,122,0,20,70.4,9.8,15.4,9.1,16.1,7.6,21.3,6.5,7.6,4.0,14.2,3.3,19.3,3.9,26.1,5.2,10.5,6.1,65.1,7.7,99.6,1.2,0.0,1.1,0.0,1.8,2.0,3.3,9.9,6.0,0.0,0.3,0.6858,0.5477,0.1928,0.4735,0.6421,2.5419,0.5412,0.0986,0.5883,0.7104,0.675,0.5211,2.5934,0.5401,0.4594,0.4594,0.4594,0.0,0.0,0.4778,0.2744,0.0,0.7522,0.0456,6.3469,0.2679,0,0,0,0,0,0,0,0,0,0,0,0,0,0,0,0,0,0,0,0,0,4599,1436,1259,0,20,6634,887,0,20,0,20,0,20,0,20,0,20,21.6,2.9,0.0,0.7,99.6,0.7,0.0,0.7,0.0,0.7,0.0,0.7,0.0,0.7,0.0,0.7
72,Puerto Rico,PR,72101,Morovis,72101955402,"Census Tract 9554.02, Morovis Municipio, Puerto Rico",3.431961063684,3530,586,1295,140,1167,139,2274,522,315,197,249,97,1155,366,240,144,709,183,480,174,1014,253,52,40,2918,561,3530,587,17,29,0,14,43,41,189,88,0,14,64.4,10.2,22.0,12.4,21.3,7.9,41.4,8.6,6.8,3.8,20.1,5.3,13.6,4.4,28.7,6.7,4.5,3.4,84.5,7.9,100.0,1.0,1.3,2.2,0.0,3.6,3.7,3.5,16.2,7.5,0.0,0.4,0.5406,0.7657,0.3976,0.9621,0.5597,3.2257,0.8362,0.4388,0.169,0.8243,0.2156,0.9686,2.6163,0.5586,0.5536,0.5536,0.5536,0.4832,0.0,0.7064,0.628,0.0,1.8176,0.4197,8.2132,0.7093,0,0,0,1,0,1,0,0,0,0,1,1,0,0,0,0,0,0,0,0,2,1970,1257,765,0,14,3530,586,0,14,0,14,0,14,0,14,0,14,35.6,5.9,0.0,1.3,100.0,1.3,0.0,1.3,0.0,1.3,0.0,1.3,0.0,1.3,0.0,1.3
72,Puerto Rico,PR,72101,Morovis,72101955500,"Census Tract 9555, Morovis Municipio, Puerto Rico",0.649281092362,2052,339,1019,115,850,111,1548,297,252,122,178,65,541,200,80,60,565,122,401,156,636,149,24,30,1448,250,2033,338,122,42,0,14,39,33,340,84,23,30,76.5,7.7,41.4,15.1,20.9,7.1,36.0,10.0,3.9,2.9,27.5,5.7,19.5,6.9,31.0,6.1,2.8,3.5,75.6,4.0,99.1,1.8,12.0,3.9,0.0,4.6,4.6,3.8,40.0,8.6,1.1,1.5,0.8321,0.9751,0.3716,0.8906,0.1844,3.2538,0.846,0.8397,0.6056,0.8948,0.0953,0.8321,3.2675,0.885,0.2914,0.2914,0.2914,0.7822,0.0,0.7952,0.9566,0.7746,3.3086,0.9599,10.1213,0.9555,0,1,0,0,0,1,0,0,0,0,0,0,0,0,0,0,0,1,0,1,2,4503,759,449,0,14,2033,337,0,14,0,14,0,14,0,14,0,14,37.4,6.2,0.0,2.3,99.1,1.1,0.0,2.3,0.0,2.3,0.0,2.3,0.0,2.3,0.0,2.3
72,Puerto Rico,PR,72103,Naguabo,72103170100,"Census Tract 1701, Naguabo Municipio, Puerto Rico",13.53090404929,6127,1092,2614,313,1817,287,4927,1149,365,263,286,156,927,400,139,154,1299,386,1044,436,281,154,152,106,3381,935,6127,1093,0,28,0,20,120,97,94,88,6,11,81.2,12.3,24.9,15.1,15.7,8.2,20.5,8.0,2.3,2.4,21.2,6.8,17.0,6.4,4.6,2.5,8.4,5.7,58.0,12.5,100.0,0.8,0.0,1.1,0.0,1.8,6.6,5.2,5.2,4.7,0.1,0.2,0.9133,0.8178,0.1712,0.4334,0.0521,2.3878,0.4642,0.5135,0.3933,0.0043,0.5395,0.3651,1.8157,0.1443,0.5536,0.5536,0.5536,0.0,0.0,0.9317,0.0672,0.4334,1.4323,0.2462,6.1894,0.2343,1,0,0,0,0,1,0,0,0,0,0,0,0,0,0,0,1,0,0,1,2,3909,1022,1505,0,20,6127,1092,0,20,0,20,0,20,0,20,0,20,16.7,3.0,0.0,0.8,100.0,0.8,0.0,0.8,0.0,0.8,0.0,0.8,0.0,0.8,0.0,0.8
72,Puerto Rico,PR,72103,Naguabo,72103170200,"Census Tract 1702, Naguabo Municipio, Puerto Rico",21.346870310626,6755,931,2754,274,2214,281,5231,943,302,257,400,171,2085,495,575,309,1711,429,1027,345,988,427,151,83,5524,975,6734,931,0,28,0,20,23,43,388,169,23,42,77.7,9.0,12.2,9.2,18.1,7.4,40.2,8.2,8.5,4.5,25.3,6.6,15.2,4.7,14.7,6.1,6.8,3.6,83.9,9.1,99.7,1.1,0.0,1.0,0.0,1.7,1.0,1.9,17.5,7.4,0.3,0.6,0.8537,0.4165,0.2394,0.9469,0.7223,3.1788,0.8113,0.7638,0.2622,0.1573,0.4052,0.9632,2.5517,0.5152,0.4886,0.4886,0.4886,0.0,0.0,0.2839,0.6735,0.5255,1.4829,0.2679,7.702,0.5824,0,0,0,1,0,1,0,0,0,0,1,1,0,0,0,0,0,0,0,0,2,4839,1644,1343,0,20,6734,930,0,20,0,20,0,20,0,20,0,20,24.4,3.4,0.0,0.7,99.7,0.5,0.0,0.7,0.0,0.7,0.0,0.7,0.0,0.7,0.0,0.7
72,Puerto Rico,PR,72103,Naguabo,72103170300,"Census Tract 1703, Naguabo Municipio, Puerto Rico",11.064623083908,5726,922,3079,296,1939,300,3459,900,313,281,435,176,669,294,536,378,765,286,1097,365,559,291,89,76,3423,898,5631,937,290,133,0,20,120,103,146,111,14,8,60.4,12.3,18.3,14.9,22.4,8.4,17.0,6.4,9.4,6.4,13.4,4.9,19.2,5.6,9.8,5.1,4.6,3.9,61.8,12.6,98.3,4.2,9.4,4.2,0.0,1.5,6.2,5.2,7.5,5.6,0.2,0.1,0.4485,0.6594,0.4431,0.3174,0.7852,2.6536,0.5976,0.0845,0.5818,0.0499,0.2232,0.4507,1.3901,0.0553,0.1679,0.1679,0.1679,0.7497,0.0,0.9187,0.1432,0.4735,2.2851,0.6529,6.4967,0.2961,0,0,0,0,0,0,0,0,0,0,0,0,0,0,0,0,1,0,0,1,1,6342,600,1283,0,20,5631,936,0,20,0,20,0,20,0,20,0,20,10.5,1.7,0.0,0.8,98.3,2.2,0.0,0.8,0.0,0.8,0.0,0.8,0.0,0.8,0.0,0.8
72,Puerto Rico,PR,72103,Naguabo,72103170400,"Census Tract 1704, Naguabo Municipio, Puerto Rico",5.717942433718,7323,999,2874,311,2306,302,4953,973,413,255,593,210,799,336,575,320,917,326,2399,470,516,210,425,170,5011,971,7277,1031,138,85,0,20,131,97,367,191,9,16,67.7,9.6,16.8,9.5,25.7,8.5,18.9,7.4,7.9,4.1,12.5,4.2,32.8,4.6,7.1,2.9,18.4,7.0,72.5,10.1,99.4,3.8,4.8,2.9,0.0,1.6,5.7,4.1,15.9,7.9,0.1,0.2,0.6197,0.6095,0.6121,0.377,0.6746,2.8929,0.6952,0.0596,0.9902,0.0152,0.9231,0.7465,2.7346,0.6377,0.3694,0.3694,0.3694,0.649,0.0,0.8852,0.6052,0.4334,2.5728,0.7809,8.5697,0.7755,0,0,0,0,0,0,0,1,0,1,0,2,0,0,0,0,0,0,0,0,2,4196,1119,1419,59,95,7181,1025,0,20,0,20,0,20,0,20,37,58,15.3,2.1,0.8,1.3,98.1,1.9,0.0,0.6,0.0,0.6,0.0,0.6,0.0,0.6,0.5,0.8
72,Puerto Rico,PR,72105,Naranjito,72105520100,"Census Tract 5201, Naranjito Municipio, Puerto Rico",4.091146058448,4437,652,1752,193,1420,188,3223,644,205,129,250,99,1105,258,392,282,1028,230,641,225,1299,317,35,40,3319,627,4437,652,0,19,0,14,38,48,270,114,21,21,73.0,9.9,15.9,9.1,17.6,6.6,33.8,8.0,8.8,5.9,23.2,5.1,14.4,4.6,29.3,5.9,2.5,2.8,77.2,9.0,100.0,0.0,0.0,1.1,0.0,2.7,2.7,3.4,19.0,7.8,0.5,0.5,0.7508,0.5662,0.2243,0.8462,0.7419,3.1294,0.7961,0.6544,0.2037,0.8482,0.0802,0.8646,2.6511,0.5781,0.5536,0.5536,0.5536,0.0,0.0,0.5872,0.7191,0.6165,1.9228,0.4718,8.2569,0.7169,0,0,0,0,0,0,0,0,0,0,0,0,0,0,0,0,0,0,0,0,0,4028,2140,869,0,14,4437,652,0,14,0,14,0,14,0,14,0,14,48.5,7.2,0.0,1.1,100.0,1.1,0.0,1.1,0.0,1.1,0.0,1.1,0.0,1.1,0.0,1.1
72,Puerto Rico,PR,72105,Naranjito,72105520200,"Census Tract 5202, Naranjito Municipio, Puerto Rico",4.63725297437,4891,833,1989,220,1447,196,3034,685,338,164,282,128,1244,297,166,128,1005,213,906,318,1238,362,63,72,3337,656,4891,833,0,19,0,14,44,62,241,102,0,14,62.0,9.2,24.4,10.4,19.5,8.4,37.3,7.9,3.4,2.6,20.5,5.7,18.5,5.7,25.3,6.4,4.4,4.9,72.1,7.1,100.0,0.0,0.0,1.0,0.0,2.4,3.0,4.3,16.7,7.1,0.0,0.3,0.4832,0.8091,0.3001,0.909,0.1345,2.6359,0.5835,0.468,0.5244,0.6692,0.2059,0.7302,2.5977,0.5488,0.5536,0.5536,0.5536,0.0,0.0,0.6186,0.6399,0.0,1.2585,0.179,7.0457,0.4176,0,0,0,1,0,1,0,0,0,0,0,0,0,0,0,0,0,0,0,0,1,3067,1840,1173,0,14,4891,833,0,14,0,14,0,14,0,14,0,14,37.6,6.4,0.0,1.0,100.0,1.0,0.0,1.0,0.0,1.0,0.0,1.0,0.0,1.0,0.0,1.0
72,Puerto Rico,PR,72105,Naranjito,72105520300,"Census Tract 5203, Naranjito Municipio, Puerto Rico",0.890643877316,2429,520,1018,110,808,112,1933,519,244,166,188,78,541,166,0,14,552,125,577,262,753,198,95,67,1740,400,2428,521,15,27,0,14,45,34,311,86,11,20,79.7,12.9,38.0,17.2,23.3,9.1,32.1,6.6,0.0,1.9,22.7,6.2,23.8,9.5,31.0,5.9,11.8,8.1,78.3,7.6,100.0,1.3,1.5,2.6,0.0,4.6,5.6,4.1,38.5,8.9,0.5,0.8,0.8873,0.9653,0.4865,0.8061,0.0,3.1452,0.8015,0.6208,0.8646,0.8948,0.7508,0.8895,4.0205,0.9957,0.5536,0.5536,0.5536,0.5016,0.0,0.8808,0.9512,0.6165,2.9501,0.885,10.6694,0.9783,0,1,0,0,0,1,0,0,0,0,0,0,0,0,0,0,0,1,0,1,2,3208,1440,611,0,14,2428,520,0,14,0,14,0,14,0,14,0,14,59.6,12.8,0.0,1.9,100.0,0.1,0.0,1.9,0.0,1.9,0.0,1.9,0.0,1.9,0.0,1.9
72,Puerto Rico,PR,72105,Naranjito,72105520400,"Census Tract 5204, Naranjito Municipio, Puerto Rico",8.592647500128,6293,1093,2584,320,2129,318,3716,1042,342,261,453,202,1406,454,280,255,1148,245,1413,473,1797,490,122,111,4642,1004,6293,1094,0,28,0,20,34,59,315,138,17,23,59.2,13.0,15.2,11.3,21.3,8.9,31.1,7.7,4.5,3.9,18.2,4.2,22.5,6.4,28.6,7.1,5.7,5.1,76.2,10.0,100.0,0.7,0.0,1.1,0.0,1.8,1.6,2.8,14.8,6.1,0.3,0.4,0.4215,0.5423,0.3976,0.7855,0.2592,2.4061,0.4783,0.3164,0.805,0.8221,0.3131,0.8483,3.1049,0.8232,0.5536,0.5536,0.5536,0.0,0.0,0.3922,0.5445,0.5255,1.4622,0.2614,7.5268,0.5488,0,0,0,0,0,0,0,0,0,0,0,0,0,0,0,0,0,0,0,0,0,7713,2451,1568,0,20,6293,1093,0,20,0,20,0,20,0,20,0,20,39.1,6.8,0.0,0.8,100.0,0.8,0.0,0.8,0.0,0.8,0.0,0.8,0.0,0.8,0.0,0.8
72,Puerto Rico,PR,72105,Naranjito,72105520500,"Census Tract 5205, Naranjito Municipio, Puerto Rico",9.189649223384,9669,1287,2979,284,2649,305,6096,1233,475,244,474,215,1254,395,496,221,1649,312,1863,520,2596,502,188,137,6808,1114,9669,1287,0,28,24,39,96,81,354,168,29,28,63.2,9.6,14.6,6.9,17.9,7.9,18.2,5.1,5.1,2.3,17.1,3.5,19.3,4.7,26.9,4.5,7.1,5.1,73.8,7.4,100.0,0.0,0.0,0.9,0.8,1.3,3.6,3.0,13.4,6.1,0.3,0.3,0.5092,0.5217,0.234,0.3586,0.3384,1.9619,0.2484,0.2438,0.5883,0.7484,0.4236,0.792,2.7961,0.6811,0.5536,0.5536,0.5536,0.0,0.8427,0.688,0.4653,0.5255,2.5215,0.757,7.8331,0.6171,0,0,0,0,0,0,0,0,0,0,0,0,0,0,0,0,0,0,0,0,0,8374,4686,1741,0,20,9669,1287,0,20,0,20,0,20,0,20,0,20,48.6,6.5,0.0,0.5,100.0,0.5,0.0,0.5,0.0,0.5,0.0,0.5,0.0,0.5,0.0,0.5
72,Puerto Rico,PR,72107,Orocovis,72107954801,"Census Tract 9548.01, Orocovis Municipio, Puerto Rico",9.003471611187999,3891,555,1778,155,1314,157,2798,529,405,194,275,118,718,192,195,141,676,123,739,272,1144,264,58,54,2731,468,3873,557,0,19,0,14,54,51,163,77,0,14,71.9,8.9,36.6,14.2,20.9,8.6,26.4,6.6,5.0,3.6,17.4,4.2,19.0,6.4,29.4,6.8,4.4,4.1,73.0,7.3,99.5,1.9,0.0,1.1,0.0,2.6,4.1,3.9,12.4,6.0,0.0,0.4,0.7237,0.9512,0.3716,0.6414,0.3275,3.0154,0.756,0.2622,0.5634,0.8514,0.2059,0.7703,2.6532,0.5792,0.4193,0.4193,0.4193,0.0,0.0,0.753,0.4121,0.0,1.1651,0.1486,7.253,0.4631,0,1,0,0,0,1,0,0,0,0,0,0,0,0,0,0,0,0,0,0,1,3296,1361,828,29,45,3844,555,0,14,0,14,0,14,0,14,0,14,35.0,5.0,0.7,1.2,98.8,1.4,0.0,1.2,0.0,1.2,0.0,1.2,0.0,1.2,0.0,1.2
72,Puerto Rico,PR,72107,Orocovis,72107954802,"Census Tract 9548.02, Orocovis Municipio, Puerto Rico",5.051341191738,1700,341,714,83,596,88,1461,340,133,72,68,49,350,108,123,90,302,91,340,163,385,117,40,39,1354,270,1700,342,0,19,0,14,17,21,107,50,0,14,86.6,10.1,26.0,13.2,11.4,8.0,27.8,7.4,7.2,5.4,17.8,6.0,20.0,8.7,22.6,7.1,6.7,6.5,84.2,7.0,100.0,1.5,0.0,2.7,0.0,6.4,2.9,3.5,18.0,8.0,0.0,0.8,0.9577,0.8438,0.0596,0.6869,0.5965,3.1445,0.8004,0.2882,0.6414,0.5347,0.3933,0.9653,2.8229,0.6931,0.5536,0.5536,0.5536,0.0,0.0,0.6067,0.6898,0.0,1.2965,0.1909,7.8175,0.6139,1,0,0,0,0,1,0,0,0,0,1,1,0,0,0,0,0,0,0,0,2,1226,636,445,0,14,1700,341,0,14,0,14,0,14,0,14,0,14,37.4,7.5,0.0,2.8,100.0,2.8,0.0,2.8,0.0,2.8,0.0,2.8,0.0,2.8,0.0,2.8
72,Puerto Rico,PR,72107,Orocovis,72107954901,"Census Tract 9549.01, Orocovis Municipio, Puerto Rico",24.969640666098,3194,660,1585,151,1133,152,2537,586,337,170,113,62,953,214,150,116,708,163,496,231,872,218,49,63,2305,428,3194,660,0,19,0,14,65,62,166,79,93,80,80.9,8.8,40.0,12.6,10.0,5.3,39.0,8.8,4.8,3.7,22.2,6.7,15.5,6.5,27.8,7.4,4.3,5.5,74.6,20.2,100.0,0.0,0.0,1.2,0.0,2.9,5.7,5.4,14.7,6.9,2.9,2.4,0.9112,0.9696,0.0379,0.9317,0.2972,3.1476,0.8026,0.5915,0.2849,0.7863,0.195,0.8061,2.6638,0.5889,0.5536,0.5536,0.5536,0.0,0.0,0.8852,0.5358,0.9263,2.3473,0.6833,8.7123,0.8048,1,1,0,1,0,3,0,0,0,0,0,0,0,0,0,0,0,0,1,1,4,5321,1637,846,0,14,3194,660,0,14,0,14,0,14,0,14,0,14,52.8,10.8,0.0,1.5,100.0,1.5,0.0,1.5,0.0,1.5,0.0,1.5,0.0,1.5,0.0,1.5
72,Puerto Rico,PR,72107,Orocovis,72107954902,"Census Tract 9549.02, Orocovis Municipio, Puerto Rico",9.415655959594,1955,366,839,86,644,87,1270,293,153,83,148,64,423,115,31,34,291,88,388,133,537,132,47,39,1586,285,1955,367,9,19,0,14,21,23,86,40,0,14,65.0,8.7,24.6,12.0,23.0,9.4,32.0,8.1,1.6,1.7,14.9,5.7,19.8,5.7,27.5,6.6,7.3,6.0,83.3,21.4,100.0,1.4,1.1,2.3,0.0,5.5,3.3,3.5,13.4,6.2,0.0,0.7,0.5547,0.8145,0.468,0.8039,0.026,2.6671,0.6041,0.1289,0.6295,0.7755,0.4388,0.9567,2.9294,0.7419,0.5536,0.5536,0.5536,0.454,0.0,0.6544,0.4653,0.0,1.5737,0.321,7.7238,0.5857,0,0,0,0,0,0,0,0,0,0,1,1,0,0,0,0,0,0,0,0,1,1309,384,521,0,14,1955,366,0,14,0,14,0,14,0,14,0,14,19.6,3.7,0.0,2.4,100.0,2.4,0.0,2.4,0.0,2.4,0.0,2.4,0.0,2.4,0.0,2.4
72,Puerto Rico,PR,72107,Orocovis,72107955001,"Census Tract 9550.01, Orocovis Municipio, Puerto Rico",8.322724364132,5009,765,1951,209,1611,243,3732,688,302,129,442,140,959,291,219,158,730,160,1188,280,963,293,153,94,3487,594,5009,766,0,28,0,20,22,32,158,81,45,24,75.2,7.6,17.4,6.9,27.4,7.6,29.9,7.3,4.4,3.2,14.6,3.2,23.7,4.3,19.4,5.5,9.5,5.7,76.5,5.7,100.0,0.8,0.0,1.4,0.0,2.4,1.4,2.0,9.8,5.0,0.9,0.5,0.7996,0.6291,0.6804,0.7486,0.244,3.1017,0.7863,0.1138,0.8624,0.3471,0.6056,0.8516,2.7805,0.6692,0.5536,0.5536,0.5536,0.0,0.0,0.3597,0.2668,0.7389,1.3654,0.2104,7.8012,0.6095,0,0,0,0,0,0,0,0,0,0,0,0,0,0,0,0,0,0,0,0,0,2874,1176,1064,0,20,5009,765,0,20,0,20,0,20,0,20,0,20,23.7,3.7,0.0,0.9,100.0,0.9,0.0,0.9,0.0,0.9,0.0,0.9,0.0,0.9,0.0,0.9
72,Puerto Rico,PR,72107,Orocovis,72107955002,"Census Tract 9550.02, Orocovis Municipio, Puerto Rico",4.85809945735,1949,342,884,100,667,105,1423,315,87,51,77,50,390,116,64,48,317,94,500,159,439,129,28,37,1614,301,1949,343,0,19,7,13,37,40,160,64,0,14,73.0,9.9,14.0,7.5,11.5,7.3,30.1,8.2,3.3,2.4,16.3,5.2,25.7,6.8,22.5,6.3,4.2,5.5,85.9,5.6,100.0,1.3,0.0,2.1,0.8,1.4,5.5,5.9,24.0,8.9,0.0,0.7,0.7508,0.4924,0.065,0.7541,0.1204,2.1827,0.3688,0.1939,0.9166,0.5315,0.1874,0.9848,2.8142,0.6887,0.5536,0.5536,0.5536,0.0,0.8427,0.8722,0.8091,0.0,2.524,0.7592,8.0745,0.6714,0,0,0,0,0,0,0,1,0,0,1,2,0,0,0,0,0,0,0,0,2,3660,444,485,0,14,1949,342,0,14,0,14,0,14,0,14,0,14,22.8,4.0,0.0,2.4,100.0,2.4,0.0,2.4,0.0,2.4,0.0,2.4,0.0,2.4,0.0,2.4
72,Puerto Rico,PR,72107,Orocovis,72107955100,"Census Tract 9551, Orocovis Municipio, Puerto Rico",2.004181350416,2910,504,1169,129,959,122,2019,510,197,102,57,44,677,215,49,48,500,138,569,249,614,201,41,47,1960,434,2892,505,13,25,0,14,35,34,316,99,8,10,69.4,12.8,21.9,10.5,5.9,4.5,32.8,8.8,1.7,1.7,17.2,4.8,19.6,7.9,21.1,6.8,4.3,4.9,69.4,10.4,99.4,2.2,1.1,2.1,0.0,4.0,3.6,3.5,33.0,10.2,0.3,0.3,0.6544,0.7625,0.0087,0.8245,0.0293,2.2794,0.4154,0.2514,0.6186,0.4425,0.195,0.662,2.1695,0.3048,0.3694,0.3694,0.3694,0.454,0.0,0.688,0.9187,0.5255,2.5862,0.7863,7.4045,0.5098,0,0,0,0,0,0,0,0,0,0,0,0,0,0,0,0,0,1,0,1,1,2214,1231,648,0,14,2892,504,0,14,0,14,0,14,0,14,0,14,42.4,7.4,0.0,1.6,99.4,1.0,0.0,1.6,0.0,1.6,0.0,1.6,0.0,1.6,0.0,1.6
72,Puerto Rico,PR,72109,Patillas,72109290100,"Census Tract 2901, Patillas Municipio, Puerto Rico",24.472236656456,3737,604,1933,192,1442,197,2983,523,249,137,184,85,818,239,240,135,789,222,694,287,492,174,118,83,2865,457,3737,604,0,19,0,14,52,49,212,95,0,14,79.8,5.4,22.9,11.1,12.8,5.6,28.5,7.2,6.4,3.6,21.1,5.9,18.6,7.1,13.2,4.5,8.2,5.6,79.9,2.0,100.0,0.0,0.0,1.0,0.0,2.4,3.6,3.4,14.7,6.5,0.0,0.4,0.8906,0.7809,0.0953,0.7042,0.5076,2.9786,0.7408,0.506,0.5385,0.1117,0.5255,0.9133,2.595,0.5434,0.5536,0.5536,0.5536,0.0,0.0,0.688,0.5358,0.0,1.2238,0.1692,7.351,0.4935,0,0,0,0,0,0,0,0,0,0,1,1,0,0,0,0,0,0,0,0,1,3073,1308,833,0,14,3737,604,0,14,0,14,0,14,0,14,0,14,35.0,5.7,0.0,1.3,100.0,1.3,0.0,1.3,0.0,1.3,0.0,1.3,0.0,1.3,0.0,1.3
72,Puerto Rico,PR,72109,Patillas,72109290200,"Census Tract 2902, Patillas Municipio, Puerto Rico",6.25139292608,3849,632,2469,266,1657,257,2366,579,103,96,491,161,619,257,206,156,1173,245,540,265,674,241,95,84,3170,557,3849,632,239,90,0,14,0,19,351,146,0,14,61.5,11.1,9.6,8.8,29.6,8.6,20.9,7.7,5.4,3.9,30.5,6.7,14.0,6.5,17.5,6.1,5.7,5.0,84.1,5.8,100.0,0.0,9.7,3.5,0.0,1.9,0.0,1.1,21.2,8.5,0.0,0.4,0.4702,0.308,0.7671,0.4583,0.372,2.3756,0.4588,0.9122,0.1842,0.2516,0.3131,0.9642,2.6253,0.5672,0.5536,0.5536,0.5536,0.753,0.0,0.0,0.7668,0.0,1.5198,0.2896,7.0743,0.4273,0,0,0,0,0,0,1,0,0,0,1,2,0,0,0,0,0,0,0,0,2,4864,881,899,0,14,3849,632,0,14,0,14,0,14,0,14,0,14,22.9,3.8,0.0,1.2,100.0,1.2,0.0,1.2,0.0,1.2,0.0,1.2,0.0,1.2,0.0,1.2
72,Puerto Rico,PR,72109,Patillas,72109290300,"Census Tract 2903, Patillas Municipio, Puerto Rico",4.217778248,4489,690,2151,206,1492,197,2925,625,327,157,395,122,509,154,292,186,708,218,922,317,324,128,104,65,3103,562,4443,690,0,19,14,23,62,58,366,117,0,14,65.2,9.7,21.2,8.8,26.5,7.4,16.2,4.4,6.5,4.2,15.8,4.5,20.5,6.3,7.2,2.7,7.0,4.3,71.8,7.3,99.0,2.2,0.0,0.9,0.7,1.1,4.2,3.8,24.5,7.0,0.0,0.3,0.5623,0.7527,0.6436,0.2904,0.5184,2.7674,0.6529,0.169,0.6869,0.0184,0.4182,0.7205,2.013,0.2278,0.2774,0.2774,0.2774,0.0,0.8275,0.7692,0.82,0.0,2.4167,0.7082,7.4745,0.5304,0,0,0,0,0,0,0,0,0,0,0,0,0,0,0,0,0,0,0,0,0,3217,782,963,0,14,4443,690,0,14,0,14,0,14,0,14,0,14,17.4,2.7,0.0,1.1,99.0,1.7,0.0,1.1,0.0,1.1,0.0,1.1,0.0,1.1,0.0,1.1
72,Puerto Rico,PR,72109,Patillas,72109290400,"Census Tract 2904, Patillas Municipio, Puerto Rico",11.659425956274,4516,743,2042,211,1510,202,3190,703,279,145,168,103,979,233,359,149,991,230,830,326,513,190,75,74,3003,525,4516,743,14,26,17,27,91,70,208,95,0,14,70.6,10.4,20.2,8.9,11.1,6.7,30.6,6.0,8.0,3.3,21.9,4.7,18.4,6.6,11.4,4.2,5.0,4.9,69.7,4.7,100.0,0.0,0.7,1.3,0.8,1.3,6.0,4.6,13.8,6.2,0.0,0.3,0.6901,0.718,0.0509,0.766,0.6876,2.9126,0.7039,0.5742,0.5168,0.0738,0.2535,0.6717,2.09,0.2711,0.5536,0.5536,0.5536,0.4009,0.8427,0.9025,0.4881,0.0,2.6342,0.8037,8.1904,0.7039,0,0,0,0,0,0,0,0,0,0,0,0,0,0,0,0,1,0,0,1,1,2603,1187,1011,0,14,4516,743,0,14,0,14,0,14,0,14,0,14,26.3,4.3,0.0,1.0,100.0,1.0,0.0,1.0,0.0,1.0,0.0,1.0,0.0,1.0,0.0,1.0
72,Puerto Rico,PR,72111,Peñuelas,72111730100,"Census Tract 7301, Peñuelas Municipio, Puerto Rico",12.360630431698,4796,583,1979,177,1597,178,4187,531,372,165,340,117,1246,245,164,106,697,183,994,285,881,225,141,78,3633,579,4779,586,0,19,0,14,61,46,304,101,0,14,87.3,3.2,27.8,10.4,21.3,6.9,38.8,6.1,3.4,2.2,14.5,3.7,20.7,5.4,18.4,4.2,8.8,4.8,80.0,8.4,99.6,1.6,0.0,1.0,0.0,2.4,3.8,2.8,19.0,5.8,0.0,0.3,0.9632,0.8742,0.3976,0.9285,0.1345,3.298,0.8536,0.1094,0.6988,0.2972,0.5655,0.9166,2.5875,0.5369,0.4594,0.4594,0.4594,0.0,0.0,0.7194,0.7191,0.0,1.4385,0.2527,7.7834,0.602,1,0,0,1,0,2,0,0,0,0,1,1,0,0,0,0,0,0,0,0,3,2362,1202,839,0,14,4748,584,0,14,0,14,0,14,31,48,0,14,25.1,3.1,0.0,1.0,99.0,1.1,0.0,1.0,0.0,1.0,0.0,1.0,0.6,1.0,0.0,1.0
72,Puerto Rico,PR,72111,Peñuelas,72111730200,"Census Tract 7302, Peñuelas Municipio, Puerto Rico",7.589001219962,2376,358,924,109,737,102,1377,335,163,82,92,54,286,114,80,51,423,114,627,208,284,105,44,38,1635,319,2362,358,0,19,0,14,16,18,70,51,0,14,58.9,11.3,19.8,9.6,12.5,7.1,18.8,6.5,3.4,2.1,17.8,4.5,26.4,7.8,12.0,4.0,6.0,5.1,73.2,9.2,99.4,1.6,0.0,2.1,0.0,5.0,2.2,2.4,9.5,6.6,0.0,0.6,0.4128,0.7082,0.0899,0.3759,0.1345,1.7213,0.1573,0.2882,0.935,0.0868,0.3424,0.7757,2.4281,0.4403,0.3694,0.3694,0.3694,0.0,0.0,0.5049,0.2505,0.0,0.7554,0.0466,5.2742,0.0976,0,0,0,0,0,0,0,1,0,0,0,1,0,0,0,0,0,0,0,0,1,1046,436,501,0,14,2362,357,0,14,0,14,0,14,0,14,0,14,18.4,2.8,0.0,2.0,99.4,0.9,0.0,2.0,0.0,2.0,0.0,2.0,0.0,2.0,0.0,2.0
72,Puerto Rico,PR,72111,Peñuelas,72111730300,"Census Tract 7303, Peñuelas Municipio, Puerto Rico",7.104776029886,5819,850,2588,260,2119,273,4350,830,288,174,594,202,1176,279,308,208,1151,244,1271,382,804,226,246,150,4098,735,5819,851,0,28,0,20,28,38,276,129,0,20,74.8,9.2,16.7,8.9,28.0,8.8,28.9,5.9,5.3,3.6,19.8,3.9,21.8,5.7,13.8,3.6,11.6,6.9,74.1,7.8,100.0,0.7,0.0,1.1,0.0,1.8,1.3,1.8,13.0,6.0,0.0,0.3,0.7909,0.6009,0.7053,0.7172,0.359,3.1733,0.8091,0.4193,0.766,0.1345,0.7421,0.7952,2.8571,0.7072,0.5536,0.5536,0.5536,0.0,0.0,0.3326,0.4425,0.0,0.7751,0.0531,7.3591,0.4957,0,0,0,0,0,0,0,0,0,0,0,0,0,0,0,0,0,0,0,0,0,2981,959,1210,0,20,5819,850,0,20,0,20,0,20,0,20,0,20,16.5,2.4,0.0,0.8,100.0,0.8,0.0,0.8,0.0,0.8,0.0,0.8,0.0,0.8,0.0,0.8
72,Puerto Rico,PR,72111,Peñuelas,72111730400,"Census Tract 7304, Peñuelas Municipio, Puerto Rico",0.479565325038,1870,330,975,113,725,103,1217,295,127,57,205,69,213,68,45,32,272,71,541,199,334,90,137,58,1099,240,1841,328,21,28,0,14,11,22,120,58,5,8,65.1,10.8,19.4,7.9,28.3,8.6,17.9,5.8,2.4,1.7,14.5,4.3,28.9,9.3,17.9,5.1,18.9,7.5,62.8,8.8,98.4,2.5,2.2,2.9,0.0,4.8,1.5,3.0,16.6,7.7,0.3,0.4,0.5601,0.6887,0.7205,0.3456,0.0575,2.3724,0.4566,0.1094,0.9653,0.2755,0.935,0.4659,2.7511,0.6486,0.1788,0.1788,0.1788,0.5493,0.0,0.3759,0.6377,0.5255,2.0884,0.5575,7.3907,0.5043,0,0,0,0,0,0,0,1,0,1,0,2,0,0,0,0,0,0,0,0,2,1591,319,451,0,14,1841,327,0,14,0,14,0,14,0,14,0,14,17.1,3.0,0.0,2.5,98.4,2.4,0.0,2.5,0.0,2.5,0.0,2.5,0.0,2.5,0.0,2.5
72,Puerto Rico,PR,72111,Peñuelas,72111730700,"Census Tract 7307, Peñuelas Municipio, Puerto Rico",8.135507751454,3431,581,1485,175,1148,170,2267,577,121,80,166,96,503,167,54,48,456,132,612,237,594,154,76,59,2459,464,3408,578,0,19,0,14,38,36,148,81,0,14,66.1,12.6,9.5,6.3,14.5,8.1,20.1,6.3,1.6,1.4,13.3,3.5,17.8,6.2,17.3,4.4,6.6,5.0,74.4,6.1,99.3,1.0,0.0,1.3,0.0,3.1,3.3,3.1,12.9,6.9,0.0,0.4,0.5807,0.3026,0.1322,0.4139,0.026,1.4554,0.0759,0.0802,0.4626,0.244,0.3824,0.8007,1.9699,0.2061,0.3402,0.3402,0.3402,0.0,0.0,0.6544,0.4371,0.0,1.0915,0.1258,4.857,0.0683,0,0,0,0,0,0,0,0,0,0,0,0,0,0,0,0,0,0,0,0,0,2245,561,836,0,14,3408,577,0,14,0,14,0,14,0,14,0,14,16.4,2.8,0.0,1.4,99.3,1.1,0.0,1.4,0.0,1.4,0.0,1.4,0.0,1.4,0.0,1.4
72,Puerto Rico,PR,72111,Peñuelas,72111730800,"Census Tract 7308, Peñuelas Municipio, Puerto Rico",8.94790998898,1505,277,707,85,529,85,871,246,72,45,53,43,156,64,58,35,310,90,336,148,175,74,9,19,878,191,1505,279,0,19,4,6,0,19,31,30,0,14,57.9,12.4,13.3,8.1,10.0,8.0,14.7,6.2,3.9,2.4,20.6,6.4,22.3,8.9,11.6,4.8,1.7,3.6,61.7,8.0,100.0,2.2,0.0,2.7,0.6,0.9,0.0,3.6,5.9,5.6,0.0,0.9,0.3954,0.4631,0.0379,0.2319,0.1844,1.3127,0.0531,0.4745,0.7963,0.077,0.0455,0.4475,1.8408,0.1486,0.5536,0.5536,0.5536,0.0,0.8048,0.0,0.0868,0.0,0.8916,0.0759,4.5987,0.0401,0,0,0,0,0,0,0,0,0,0,0,0,0,0,0,0,0,0,0,0,0,5390,396,387,0,14,1505,277,0,14,0,14,0,14,0,14,0,14,26.3,4.8,0.0,3.1,100.0,3.1,0.0,3.1,0.0,3.1,0.0,3.1,0.0,3.1,0.0,3.1
72,Puerto Rico,PR,72113,Ponce,72113070100,"Census Tract 701, Ponce Municipio, Puerto Rico",2.001331917656,4698,582,2306,221,1833,211,2550,462,240,123,386,116,400,132,379,214,1026,208,896,221,971,247,164,78,2610,437,4668,570,126,61,0,14,76,55,337,114,8,6,54.3,7.2,12.1,6.1,21.1,5.8,12.1,4.1,8.1,4.4,21.8,4.6,19.1,4.1,20.7,5.0,8.9,4.1,59.0,6.7,99.4,17.3,5.5,2.6,0.0,2.0,4.1,3.0,18.4,5.8,0.2,0.1,0.3207,0.41,0.3857,0.1495,0.6974,1.9633,0.2495,0.5666,0.572,0.4187,0.5699,0.3814,2.5086,0.4913,0.3694,0.3694,0.3694,0.6674,0.0,0.753,0.7039,0.4735,2.5978,0.7918,7.4391,0.5184,0,0,0,0,0,0,0,0,0,0,0,0,0,0,0,0,0,0,0,0,0,9691,1375,854,1,2,4667,570,0,14,0,14,0,14,0,14,0,14,29.3,3.6,0.0,0.1,99.3,0.7,0.0,1.0,0.0,1.0,0.0,1.0,0.0,1.0,0.0,1.0
72,Puerto Rico,PR,72113,Ponce,72113070201,"Census Tract 702.01, Ponce Municipio, Puerto Rico",0.5414308346,2417,475,1174,163,965,139,1845,437,32,28,187,92,463,127,125,87,642,160,424,172,753,170,102,62,1635,401,2417,476,0,19,0,14,10,21,176,85,0,14,76.3,10.1,5.6,4.6,19.4,9.1,25.6,7.2,5.2,3.6,26.6,8.1,17.5,6.2,31.2,5.7,10.6,6.2,69.5,10.6,100.0,1.3,0.0,1.6,0.0,4.0,1.0,2.2,18.2,8.9,0.0,0.6,0.8256,0.1204,0.2958,0.6241,0.3503,2.2162,0.3839,0.8072,0.4312,0.8991,0.6847,0.6663,3.4885,0.9479,0.5536,0.5536,0.5536,0.0,0.0,0.2839,0.6941,0.0,0.978,0.0922,7.2363,0.461,0,0,0,0,0,0,0,0,0,0,0,0,0,0,0,0,0,0,0,0,0,1041,927,641,0,14,2417,475,0,14,0,14,0,14,0,14,0,14,38.4,7.6,0.0,1.9,100.0,1.9,0.0,1.9,0.0,1.9,0.0,1.9,0.0,1.9,0.0,1.9
72,Puerto Rico,PR,72113,Ponce,72113070202,"Census Tract 702.02, Ponce Municipio, Puerto Rico",0.737562542458,1196,365,632,103,451,99,1027,364,140,96,101,54,256,93,59,52,170,67,332,183,132,74,51,49,942,321,1196,366,15,22,0,14,51,47,128,69,0,14,85.9,15.5,33.2,17.3,22.4,10.9,34.4,10.9,4.9,4.5,14.2,7.3,27.8,12.7,11.0,6.4,11.3,10.6,81.1,13.4,100.0,2.3,2.4,3.5,0.0,7.2,11.3,10.1,28.4,12.6,0.0,1.2,0.9545,0.9273,0.4431,0.8581,0.3156,3.4986,0.8948,0.0986,0.9556,0.0672,0.727,0.9339,2.7823,0.6703,0.5536,0.5536,0.5536,0.5569,0.0,0.9967,0.8785,0.0,2.4321,0.718,9.2666,0.8753,1,1,0,0,0,2,0,1,0,0,1,2,0,0,0,0,1,0,0,1,5,527,302,529,0,14,1196,365,0,14,0,14,0,14,0,14,0,14,25.3,7.7,0.0,3.9,100.0,3.9,0.0,3.9,0.0,3.9,0.0,3.9,0.0,3.9,0.0,3.9
72,Puerto Rico,PR,72113,Ponce,72113070300,"Census Tract 703, Ponce Municipio, Puerto Rico",0.22163992259,1919,505,1196,182,727,156,1646,497,77,72,174,87,497,190,145,108,460,188,338,183,292,99,35,36,1443,458,1919,506,0,19,9,13,30,38,204,100,49,50,87.7,12.6,24.9,18.3,23.9,10.8,36.8,10.4,7.7,5.7,24.0,9.9,17.6,8.3,15.6,5.1,4.8,4.8,78.3,13.4,100.0,1.7,0.0,1.6,0.8,1.1,4.1,5.2,28.1,11.9,2.6,2.5,0.9653,0.8178,0.5222,0.8982,0.6562,3.8597,0.9512,0.7129,0.441,0.1876,0.234,0.8895,2.465,0.4718,0.5536,0.5536,0.5536,0.0,0.8427,0.753,0.8753,0.9187,3.3897,0.974,10.268,0.962,1,0,0,0,0,1,0,0,0,0,0,0,0,0,0,0,0,0,1,1,2,1100,1110,593,0,14,1919,505,0,14,0,14,0,14,0,14,0,14,59.4,15.8,0.0,2.4,100.0,2.4,0.0,2.4,0.0,2.4,0.0,2.4,0.0,2.4,0.0,2.4
72,Puerto Rico,PR,72113,Ponce,72113070400,"Census Tract 704, Ponce Municipio, Puerto Rico",0.132480862648,2368,516,1159,174,1034,166,2296,515,160,90,135,77,534,184,82,90,207,100,757,347,570,168,251,124,1799,367,2368,517,749,159,0,14,19,34,549,137,42,49,97.7,5.0,56.9,21.1,13.1,7.1,42.3,9.5,3.5,3.8,8.7,4.9,32.0,12.9,24.3,6.1,24.3,11.3,84.9,24.9,100.0,1.4,64.6,9.7,0.0,4.0,1.8,3.3,53.1,10.8,1.8,2.0,0.9902,0.9935,0.0997,0.9707,0.1443,3.1984,0.8232,0.0206,0.987,0.6171,0.974,0.9729,3.5716,0.9642,0.5536,0.5536,0.5536,0.9718,0.0,0.4345,0.9859,0.8689,3.2611,0.9479,10.5847,0.9761,1,1,0,1,0,3,0,1,0,1,1,3,0,0,1,0,0,1,0,2,8,1381,1340,654,0,14,2368,516,0,14,0,14,0,14,0,14,0,14,57.6,12.9,0.0,2.0,100.0,2.0,0.0,2.0,0.0,2.0,0.0,2.0,0.0,2.0,0.0,2.0
72,Puerto Rico,PR,72113,Ponce,72113070502,"Census Tract 705.02, Ponce Municipio, Puerto Rico",0.697116041346,3271,668,1814,213,1435,195,2165,580,88,65,363,115,580,231,67,82,1116,275,444,254,991,314,49,56,2305,536,3244,661,403,108,0,14,0,19,327,122,21,35,66.6,11.5,10.5,7.6,25.3,7.2,22.7,7.5,2.1,2.6,34.1,8.2,13.6,7.3,30.5,8.2,3.4,3.9,72.6,8.7,99.2,28.6,22.2,5.4,0.0,2.6,0.0,1.3,22.8,8.1,0.6,1.1,0.5926,0.3427,0.5894,0.519,0.0423,2.086,0.3145,0.9686,0.169,0.8818,0.13,0.7551,2.9045,0.7256,0.3218,0.3218,0.3218,0.8624,0.0,0.0,0.7918,0.6522,2.3064,0.6659,7.6187,0.5705,0,0,0,0,0,0,1,0,0,0,0,1,0,0,0,0,0,0,0,0,1,1617,1426,837,0,14,3229,660,0,14,0,14,0,14,15,25,0,14,43.9,9.0,0.0,1.4,98.7,1.2,0.0,1.4,0.0,1.4,0.0,1.4,0.5,0.7,0.0,1.4
72,Puerto Rico,PR,72113,Ponce,72113070503,"Census Tract 705.03, Ponce Municipio, Puerto Rico",0.469689608082,3689,520,1969,166,1676,168,1456,345,174,97,459,132,182,76,256,155,1217,241,668,217,712,200,96,54,1494,354,3671,516,698,138,0,14,0,19,166,79,6,11,39.5,7.5,13.6,6.9,27.4,7.4,6.5,2.8,6.9,4.0,33.0,6.5,18.1,5.3,19.3,5.0,5.7,3.2,42.2,8.1,99.5,19.8,35.4,6.3,0.0,2.4,0.0,1.1,9.9,4.7,0.2,0.3,0.1116,0.4751,0.6804,0.0553,0.5683,1.8907,0.2256,0.9567,0.4865,0.3406,0.3131,0.1213,2.2182,0.3297,0.4193,0.4193,0.4193,0.9274,0.0,0.0,0.2744,0.4735,1.6753,0.3579,6.2035,0.2364,0,0,0,0,0,0,1,0,0,0,0,1,0,0,1,0,0,0,0,1,2,2443,663,748,33,37,3638,514,0,14,0,14,0,14,0,14,0,14,18.0,2.5,0.9,1.0,98.6,1.7,0.0,1.3,0.0,1.3,0.0,1.3,0.0,1.3,0.0,1.3
72,Puerto Rico,PR,72113,Ponce,72113070513,"Census Tract 705.13, Ponce Municipio, Puerto Rico",0.46136679337,2754,522,1156,147,1072,145,2097,530,126,72,232,95,242,109,131,87,280,127,732,271,589,198,207,93,1868,385,2754,523,281,113,0,14,21,36,256,99,0,14,76.1,12.7,14.0,8.0,21.6,8.4,14.0,5.5,4.8,3.0,10.2,4.7,26.6,8.5,21.4,6.8,19.3,8.3,76.7,6.9,100.0,1.2,24.3,9.3,0.0,4.0,2.0,3.3,23.9,8.6,0.0,0.5,0.8202,0.4924,0.415,0.2059,0.2972,2.2307,0.3926,0.0347,0.9393,0.4599,0.9415,0.857,3.2324,0.8644,0.5536,0.5536,0.5536,0.8852,0.0,0.4778,0.8048,0.0,2.1678,0.5998,8.1845,0.7007,0,0,0,0,0,0,0,1,0,1,0,2,0,0,0,0,0,0,0,0,2,1103,1086,675,0,14,2754,522,0,14,0,14,0,14,0,14,0,14,39.4,7.5,0.0,1.7,100.0,1.7,0.0,1.7,0.0,1.7,0.0,1.7,0.0,1.7,0.0,1.7
72,Puerto Rico,PR,72113,Ponce,72113070514,"Census Tract 705.14, Ponce Municipio, Puerto Rico",0.2191603755459999,2413,427,1098,129,974,123,1432,379,0,14,228,93,390,164,102,90,646,170,528,217,600,180,119,67,1469,300,2413,430,61,41,0,14,0,19,163,80,0,14,59.3,11.7,0.0,6.3,23.4,9.1,24.7,9.2,4.2,3.8,26.8,7.7,21.9,8.1,24.9,6.7,12.2,6.7,64.4,8.4,100.0,2.1,5.6,3.7,0.0,4.2,0.0,2.0,16.7,7.4,0.0,0.6,0.4247,0.0,0.4951,0.5948,0.2213,1.7359,0.1627,0.8169,0.7703,0.6421,0.7714,0.4984,3.4991,0.9501,0.5536,0.5536,0.5536,0.6696,0.0,0.0,0.6399,0.0,1.3095,0.1985,7.0981,0.4338,0,0,0,0,0,0,0,0,0,0,0,0,0,0,0,0,0,0,0,0,0,1220,723,555,0,14,2391,428,0,14,0,14,0,14,22,35,0,14,30.0,5.3,0.0,1.9,99.1,1.5,0.0,1.9,0.0,1.9,0.0,1.9,0.9,1.5,0.0,1.9
72,Puerto Rico,PR,72113,Ponce,72113070522,"Census Tract 705.22, Ponce Municipio, Puerto Rico",0.34425433473,3000,513,1447,163,1185,152,2134,487,167,95,305,121,386,107,198,120,703,155,721,245,614,155,152,73,1803,393,3000,514,303,95,18,28,0,19,284,103,5,8,71.1,10.8,20.0,9.7,25.7,9.7,18.4,5.1,6.6,3.7,23.4,5.3,24.0,7.1,20.5,4.2,12.8,5.9,63.8,8.4,100.0,1.1,20.9,6.1,1.2,2.0,0.0,1.6,24.0,7.8,0.2,0.3,0.7042,0.7126,0.6121,0.364,0.5315,2.9244,0.7126,0.6706,0.8743,0.4024,0.805,0.4865,3.2388,0.8688,0.5536,0.5536,0.5536,0.857,0.9132,0.0,0.8091,0.4735,3.0528,0.9132,9.7696,0.923,0,0,0,0,0,0,0,0,0,0,0,0,0,0,0,1,0,0,0,1,1,2033,1153,679,0,14,3000,513,0,14,0,14,0,14,0,14,0,14,38.5,6.6,0.0,1.6,100.0,1.6,0.0,1.6,0.0,1.6,0.0,1.6,0.0,1.6,0.0,1.6
72,Puerto Rico,PR,72113,Ponce,72113070800,"Census Tract 708, Ponce Municipio, Puerto Rico",0.143409479758,1229,219,932,132,560,98,1073,202,94,52,117,65,406,123,84,49,287,106,247,109,391,129,114,50,934,205,1229,221,26,25,0,14,0,19,283,78,42,32,90.4,1.9,34.6,16.0,20.9,11.0,44.5,10.4,7.1,4.3,23.4,8.3,20.1,8.1,32.9,9.0,20.4,8.2,78.7,8.7,100.0,2.4,2.8,2.7,0.0,5.0,0.0,3.4,50.5,9.9,3.4,2.5,0.9816,0.9371,0.3716,0.9816,0.5857,3.8576,0.9501,0.6706,0.6511,0.9273,0.9523,0.8982,4.0995,0.9989,0.5536,0.5536,0.5536,0.5677,0.0,0.0,0.9816,0.9415,2.4908,0.7473,11.0015,0.9913,1,1,0,1,0,3,0,0,1,1,0,2,0,0,0,0,0,1,1,2,7,840,621,303,0,14,1229,219,0,14,0,14,0,14,0,14,0,14,52.3,9.8,0.0,3.8,100.0,3.8,0.0,3.8,0.0,3.8,0.0,3.8,0.0,3.8,0.0,3.8
72,Puerto Rico,PR,72113,Ponce,72113070900,"Census Tract 709, Ponce Municipio, Puerto Rico",0.268954406078,1803,395,1439,154,869,158,1631,427,91,66,152,91,463,131,186,128,382,105,346,160,490,163,69,65,1245,318,1803,399,0,19,0,14,0,19,269,91,0,14,90.5,13.0,19.7,12.5,17.5,10.0,35.1,8.5,10.3,6.7,21.2,7.1,19.2,7.8,27.2,7.4,7.9,7.3,72.6,10.0,100.0,3.1,0.0,1.3,0.0,3.2,0.0,2.2,31.0,10.6,0.0,0.8,0.9827,0.7039,0.221,0.8776,0.8308,3.616,0.9143,0.5135,0.5818,0.7657,0.4962,0.7551,3.1123,0.8265,0.5536,0.5536,0.5536,0.0,0.0,0.0,0.9046,0.0,0.9046,0.0792,8.1865,0.7017,1,0,0,0,0,1,0,0,0,0,0,0,0,0,0,0,0,1,0,1,2,644,597,547,16,25,1787,397,0,14,0,14,0,14,0,14,0,14,33.1,7.3,0.9,1.4,99.1,1.4,0.0,2.6,0.0,2.6,0.0,2.6,0.0,2.6,0.0,2.6
72,Puerto Rico,PR,72113,Ponce,72113071000,"Census Tract 710, Ponce Municipio, Puerto Rico",0.102559115954,1169,217,1047,123,650,93,971,205,63,53,181,68,283,96,47,35,400,93,238,134,273,67,78,53,707,152,1169,219,61,29,0,14,32,32,301,73,0,14,83.1,8.3,20.6,15.0,27.8,9.7,32.6,8.9,4.0,3.1,34.2,8.7,20.4,10.8,23.4,7.1,12.0,8.0,65.6,8.9,100.0,2.5,5.8,2.7,0.0,4.4,4.9,4.9,46.3,9.5,0.0,1.2,0.9317,0.7289,0.6966,0.8191,0.1985,3.3748,0.872,0.9697,0.6771,0.5748,0.7638,0.5417,3.5271,0.9566,0.5536,0.5536,0.5536,0.6771,0.0,0.8299,0.9707,0.0,2.4777,0.7397,9.9332,0.9382,1,0,0,0,0,1,1,0,0,0,0,1,0,0,0,0,0,1,0,1,3,619,562,291,0,14,1169,217,0,14,0,14,0,14,0,14,0,14,48.1,8.9,0.0,4.0,100.0,4.0,0.0,4.0,0.0,4.0,0.0,4.0,0.0,4.0,0.0,4.0
72,Puerto Rico,PR,72113,Ponce,72113071200,"Census Tract 712, Ponce Municipio, Puerto Rico",0.436992946314,2729,457,2055,198,1396,192,1951,440,145,97,354,116,336,106,306,124,726,164,442,171,597,192,116,68,1364,360,2699,455,662,136,0,14,10,22,536,147,35,46,71.5,10.8,16.7,9.6,25.4,7.5,15.8,4.7,11.2,4.5,26.6,5.7,16.2,5.6,21.9,7.0,8.3,4.7,52.0,10.7,98.9,1.9,32.2,5.8,0.0,2.3,0.7,1.6,38.4,9.4,1.3,1.7,0.7129,0.6009,0.5991,0.2709,0.8742,3.058,0.7722,0.8072,0.3283,0.4989,0.5309,0.2384,2.4037,0.4208,0.2579,0.2579,0.2579,0.9198,0.0,0.2264,0.949,0.805,2.9002,0.8753,8.6198,0.7885,0,0,0,0,0,0,0,0,0,0,0,0,0,0,1,0,0,1,0,2,2,3726,873,600,0,14,2699,454,0,14,0,14,0,14,0,14,0,14,32.4,5.4,0.0,1.7,98.9,1.3,0.0,1.7,0.0,1.7,0.0,1.7,0.0,1.7,0.0,1.7
72,Puerto Rico,PR,72113,Ponce,72113071300,"Census Tract 713, Ponce Municipio, Puerto Rico",0.203090424204,3412,630,1607,186,1293,174,2949,587,202,119,350,124,723,177,89,67,639,155,1075,369,548,165,337,127,2285,449,3412,630,594,160,0,14,87,52,646,119,5,8,88.0,7.0,30.6,14.7,27.1,8.9,38.6,9.4,2.6,1.9,18.7,5.1,31.5,9.1,16.1,4.6,26.1,9.2,75.5,7.4,100.0,0.0,37.0,9.0,0.0,2.9,6.7,3.9,50.0,7.1,0.1,0.2,0.9675,0.9056,0.6663,0.9252,0.0705,3.5351,0.898,0.3391,0.9848,0.205,0.9816,0.8288,3.3393,0.9089,0.5536,0.5536,0.5536,0.9328,0.0,0.935,0.9794,0.4334,3.2806,0.9544,10.7086,0.9805,1,1,0,1,0,3,0,1,0,1,0,2,0,0,1,0,1,1,0,3,8,2421,1601,810,0,14,3412,630,0,14,0,14,0,14,0,14,0,14,47.0,8.7,0.0,1.4,100.0,1.4,0.0,1.4,0.0,1.4,0.0,1.4,0.0,1.4,0.0,1.4
72,Puerto Rico,PR,72113,Ponce,72113071401,"Census Tract 714.01, Ponce Municipio, Puerto Rico",0.251379043038,2222,365,1051,106,882,105,1409,353,71,32,284,80,171,64,123,73,517,102,387,161,466,102,64,46,1248,235,2211,367,47,29,0,14,18,20,87,39,0,14,63.4,12.0,10.3,4.6,32.2,8.2,10.2,3.6,5.5,3.1,23.3,5.4,17.4,6.7,21.0,4.4,7.3,5.1,57.8,5.5,99.5,2.4,4.5,2.7,0.0,4.4,2.0,2.3,9.9,4.3,0.0,0.6,0.5125,0.3395,0.8472,0.1083,0.3861,2.1936,0.3742,0.6587,0.4204,0.4371,0.4388,0.3597,2.3147,0.3742,0.4193,0.4193,0.4193,0.636,0.0,0.4778,0.2744,0.0,1.3882,0.2234,6.3158,0.2581,0,0,0,0,0,0,0,0,0,0,0,0,0,0,0,0,0,0,0,0,0,1802,480,509,0,14,2211,366,0,14,0,14,0,14,0,14,0,14,21.6,3.6,0.0,2.1,99.5,0.5,0.0,2.1,0.0,2.1,0.0,2.1,0.0,2.1,0.0,2.1
72,Puerto Rico,PR,72113,Ponce,72113071402,"Census Tract 714.02, Ponce Municipio, Puerto Rico",0.522057780648,3936,575,1754,172,1499,173,2329,563,162,83,469,131,275,140,129,95,1028,200,760,279,735,204,230,119,2172,447,3933,567,77,53,0,14,11,22,116,62,76,128,60.1,11.7,11.5,5.7,31.3,8.0,9.7,4.6,3.3,2.5,26.1,5.3,19.3,6.5,19.0,4.7,15.3,7.7,57.5,8.4,99.9,20.5,4.4,3.0,0.0,2.7,0.7,1.5,7.7,4.1,1.9,3.2,0.442,0.3796,0.8223,0.0975,0.1204,1.8618,0.2158,0.7855,0.5883,0.32,0.8776,0.3532,2.9246,0.7375,0.546,0.546,0.546,0.6295,0.0,0.2264,0.1562,0.8797,1.8918,0.4534,7.2242,0.4588,0,0,0,0,0,0,0,0,0,0,0,0,0,0,0,0,0,0,0,0,0,2129,795,799,0,14,3881,564,21,34,0,14,0,14,0,14,31,49,20.6,3.0,0.0,1.2,98.6,1.5,0.5,0.9,0.0,1.2,0.0,1.2,0.0,1.2,0.8,1.2
72,Puerto Rico,PR,72113,Ponce,72113071500,"Census Tract 715, Ponce Municipio, Puerto Rico",0.424247719294,2897,441,1979,190,1382,186,1692,379,144,85,357,122,265,87,154,90,886,147,472,231,556,150,153,84,1713,417,2867,438,558,133,0,14,0,19,300,103,0,14,58.4,9.6,16.3,8.9,25.8,8.1,12.5,4.2,5.3,3.1,30.6,6.2,16.3,7.6,19.2,4.5,11.1,5.9,59.4,11.3,99.0,1.2,28.2,6.2,0.0,2.4,0.0,1.4,21.7,6.9,0.0,0.5,0.4063,0.5857,0.6165,0.1614,0.359,2.1289,0.3351,0.9155,0.3315,0.3319,0.714,0.39,2.6829,0.5954,0.2774,0.2774,0.2774,0.9025,0.0,0.0,0.7766,0.0,1.6791,0.3601,6.7683,0.3547,0,0,0,0,0,0,1,0,0,0,0,1,0,0,1,0,0,0,0,1,2,3304,802,601,0,14,2867,437,0,14,0,14,0,14,0,14,0,14,27.7,4.2,0.0,1.6,99.0,0.9,0.0,1.6,0.0,1.6,0.0,1.6,0.0,1.6,0.0,1.6
72,Puerto Rico,PR,72113,Ponce,72113071601,"Census Tract 716.01, Ponce Municipio, Puerto Rico",0.501750359856,2242,489,1232,155,961,155,1439,447,26,29,305,122,329,131,147,108,563,148,279,152,570,211,121,68,977,268,2242,490,119,70,0,14,0,19,154,86,0,14,64.2,14.2,4.4,4.8,31.7,11.6,19.5,7.0,6.6,4.7,25.1,6.9,12.4,6.2,25.4,8.2,12.6,6.8,45.1,7.9,100.0,1.4,9.7,5.5,0.0,3.8,0.0,2.0,16.0,8.6,0.0,0.6,0.5363,0.0781,0.8321,0.3944,0.5315,2.3724,0.4566,0.753,0.1192,0.6735,0.7909,0.1517,2.4883,0.4816,0.5536,0.5536,0.5536,0.753,0.0,0.0,0.6128,0.0,1.3658,0.2115,6.7801,0.3579,0,0,0,0,0,0,0,0,0,0,0,0,0,0,0,0,0,0,0,0,0,1896,667,628,0,14,2242,489,0,14,0,14,0,14,0,14,0,14,29.8,6.5,0.0,2.1,100.0,2.1,0.0,2.1,0.0,2.1,0.0,2.1,0.0,2.1,0.0,2.1
72,Puerto Rico,PR,72113,Ponce,72113071602,"Census Tract 716.02, Ponce Municipio, Puerto Rico",0.46702511818,2964,533,1385,189,1131,172,2495,528,173,106,145,79,639,183,259,161,569,143,551,194,638,169,273,110,2289,489,2964,534,182,89,0,14,0,19,230,93,30,36,85.0,9.0,19.2,11.7,12.8,6.7,30.7,7.6,8.8,5.3,19.2,5.3,18.6,5.6,21.7,5.6,24.1,9.0,82.2,9.2,100.0,1.1,13.1,6.2,0.0,3.4,0.0,1.7,20.3,8.2,1.0,1.2,0.948,0.6844,0.0953,0.7736,0.7419,3.2432,0.8416,0.3738,0.5385,0.4805,0.9729,0.9458,3.3115,0.8991,0.5536,0.5536,0.5536,0.7909,0.0,0.0,0.7451,0.7595,2.2955,0.6573,9.4038,0.8905,1,0,0,0,0,1,0,0,0,1,1,2,0,0,0,0,0,0,0,0,3,4722,761,769,0,14,2964,533,0,14,0,14,0,14,0,14,0,14,25.9,4.8,0.0,1.6,100.0,1.6,0.0,1.6,0.0,1.6,0.0,1.6,0.0,1.6,0.0,1.6
72,Puerto Rico,PR,72113,Ponce,72113071700,"Census Tract 717, Ponce Municipio, Puerto Rico",0.412193614854,1593,377,1217,166,750,143,943,340,42,47,198,96,236,105,68,72,482,138,173,142,339,129,0,19,758,226,1585,378,305,106,22,35,0,19,169,77,230,60,66.5,16.8,7.4,8.0,26.4,11.8,20.5,8.1,4.3,4.4,30.3,8.0,10.9,8.5,21.5,9.4,0.0,2.5,50.9,11.0,99.5,2.9,25.1,8.0,1.8,2.8,0.0,2.5,22.5,9.6,14.4,1.6,0.5905,0.1833,0.6392,0.4334,0.2321,2.0785,0.3124,0.9079,0.0758,0.4653,0.0,0.2275,1.6765,0.1106,0.4193,0.4193,0.4193,0.8884,0.962,0.0,0.7885,0.9892,3.6281,0.9837,7.8024,0.6106,0,0,0,0,0,0,1,0,0,0,0,1,0,0,0,1,0,0,1,2,3,7314,595,466,0,14,1578,377,0,14,0,14,0,14,0,14,7,13,43.7,11.8,0.0,2.9,99.1,1.2,0.0,2.9,0.0,2.9,0.0,2.9,0.0,2.9,0.4,0.8
72,Puerto Rico,PR,72113,Ponce,72113071800,"Census Tract 718, Ponce Municipio, Puerto Rico",0.184889575924,1875,363,1154,159,810,146,1392,355,108,64,250,100,307,106,32,29,467,131,224,107,402,150,79,64,1007,242,1875,364,213,99,0,14,37,27,221,86,36,47,75.7,11.9,18.0,9.6,30.9,11.0,22.4,8.2,1.7,1.6,24.9,7.3,11.9,5.2,21.9,7.4,9.8,7.7,55.2,7.9,100.0,1.4,18.5,8.2,0.0,4.0,4.6,3.2,27.3,9.4,1.9,2.5,0.8104,0.6486,0.8061,0.5146,0.0293,2.809,0.667,0.7421,0.1051,0.4989,0.6327,0.2958,2.2746,0.3547,0.5536,0.5536,0.5536,0.8418,0.0,0.7952,0.8612,0.8797,3.3779,0.9718,9.0151,0.8438,0,0,0,0,0,0,0,0,0,0,0,0,0,0,0,0,0,0,0,0,0,1411,816,501,0,14,1875,363,0,14,0,14,0,14,0,14,0,14,44.4,8.9,0.0,2.5,100.0,2.5,0.0,2.5,0.0,2.5,0.0,2.5,0.0,2.5,0.0,2.5
72,Puerto Rico,PR,72113,Ponce,72113071900,"Census Tract 719, Ponce Municipio, Puerto Rico",0.543842813794,4151,623,2156,196,1754,189,3314,653,240,107,544,181,718,244,232,236,565,145,1090,374,767,164,455,168,3025,507,4151,623,846,192,0,14,77,71,566,135,0,14,80.0,10.2,20.9,7.8,31.0,9.8,28.4,8.8,5.6,5.5,13.6,3.6,26.3,8.1,18.5,4.0,25.9,9.2,77.1,6.7,100.0,0.0,39.2,8.2,0.0,2.2,4.4,4.0,32.3,7.4,0.0,0.3,0.896,0.7419,0.8137,0.6988,0.4002,3.5506,0.9035,0.0867,0.9328,0.3026,0.9794,0.8635,3.165,0.846,0.5536,0.5536,0.5536,0.9415,0.0,0.7822,0.9143,0.0,2.638,0.8069,9.9072,0.9338,0,0,0,0,0,0,0,1,0,1,0,2,0,0,1,0,0,1,0,2,4,3397,1641,838,8,12,4143,623,0,14,0,14,0,14,0,14,0,14,39.5,5.9,0.2,0.3,99.8,0.3,0.0,1.1,0.0,1.1,0.0,1.1,0.0,1.1,0.0,1.1
72,Puerto Rico,PR,72113,Ponce,72113072000,"Census Tract 720, Ponce Municipio, Puerto Rico",0.477979604124,1844,286,992,101,833,102,863,231,46,34,224,76,182,61,83,59,572,104,235,106,392,100,64,49,967,219,1831,289,5,16,0,14,6,16,136,64,7,6,46.8,10.2,8.4,5.9,26.9,8.5,12.6,3.8,4.5,3.3,31.0,5.8,12.7,5.4,21.3,4.5,7.7,5.8,54.2,9.1,99.3,2.9,0.5,1.6,0.0,4.7,0.7,1.9,16.3,7.1,0.4,0.3,0.195,0.2289,0.6631,0.1668,0.2592,1.513,0.0879,0.9252,0.13,0.4544,0.4778,0.2741,2.2615,0.3503,0.3402,0.3402,0.3402,0.3857,0.0,0.2264,0.6291,0.5688,1.81,0.4176,5.9247,0.1931,0,0,0,0,0,0,1,0,0,0,0,1,0,0,0,0,0,0,0,0,1,1758,469,403,0,14,1819,287,0,14,0,14,0,14,0,14,12,19,25.5,4.0,0.0,2.5,98.6,1.1,0.0,2.5,0.0,2.5,0.0,2.5,0.0,2.5,0.7,1.0
72,Puerto Rico,PR,72113,Ponce,72113072101,"Census Tract 721.01, Ponce Municipio, Puerto Rico",1.312919773696,1344,251,851,98,669,96,1200,248,13,14,192,80,399,125,73,48,427,81,239,110,342,102,79,40,969,228,1329,250,95,43,0,14,30,35,242,74,49,31,92.7,7.0,4.6,4.9,28.7,11.2,40.0,10.2,5.6,3.4,31.8,7.8,17.8,7.5,26.4,7.2,11.8,5.7,75.2,11.1,98.9,2.2,11.2,4.9,0.0,5.4,4.5,5.2,36.2,10.3,3.6,2.2,0.9837,0.0879,0.7356,0.9415,0.4002,3.1489,0.8048,0.9415,0.4626,0.7299,0.7508,0.8234,3.7082,0.9805,0.2579,0.2579,0.2579,0.7692,0.0,0.7909,0.9371,0.9458,3.443,0.9761,10.558,0.974,1,0,0,1,0,2,1,0,0,0,0,1,0,0,0,0,0,1,1,2,5,10244,744,314,0,14,1329,248,0,14,0,14,0,14,0,14,0,14,57.5,11.1,0.0,3.5,98.9,1.2,0.0,3.5,0.0,3.5,0.0,3.5,0.0,3.5,0.0,3.5
72,Puerto Rico,PR,72113,Ponce,72113072102,"Census Tract 721.02, Ponce Municipio, Puerto Rico",1.523865056988,4561,782,2166,239,1698,223,2722,735,106,86,601,210,478,166,255,201,1212,261,919,376,939,252,100,86,2430,566,4486,766,0,19,0,14,49,62,162,98,0,14,59.9,12.5,7.6,5.8,35.4,11.5,14.2,4.8,5.6,4.2,26.6,5.9,20.1,7.5,20.6,5.3,5.9,5.0,55.3,8.5,98.4,23.8,0.0,0.9,0.0,2.2,2.9,3.6,9.5,5.5,0.0,0.3,0.4355,0.1974,0.8992,0.2167,0.4002,2.149,0.3471,0.8072,0.6511,0.4121,0.3326,0.3001,2.5031,0.4892,0.1788,0.1788,0.1788,0.0,0.0,0.6067,0.2505,0.0,0.8572,0.0683,5.6881,0.1573,0,0,0,0,0,0,0,0,0,0,0,0,0,0,0,0,0,0,0,0,0,4218,1010,1138,0,14,4470,765,0,14,0,14,0,14,16,26,0,14,22.1,3.8,0.0,1.0,98.0,1.7,0.0,1.0,0.0,1.0,0.0,1.0,0.4,0.6,0.0,1.0
72,Puerto Rico,PR,72113,Ponce,72113072201,"Census Tract 722.01, Ponce Municipio, Puerto Rico",1.885726801224,3564,600,1442,194,1327,194,2630,564,42,30,189,80,727,207,196,77,815,217,644,238,867,223,207,96,2274,460,3535,604,155,92,0,14,18,24,214,99,174,143,73.8,9.8,4.5,3.6,14.2,5.7,29.6,7.3,5.5,2.3,22.9,6.9,18.1,5.9,24.3,6.1,15.6,6.9,66.6,7.3,99.2,2.9,10.7,6.2,0.0,3.2,1.4,1.8,16.1,6.7,4.9,3.9,0.7714,0.0835,0.1257,0.7378,0.3861,2.1045,0.3243,0.6425,0.4865,0.6171,0.8852,0.571,3.2023,0.8536,0.3218,0.3218,0.3218,0.7573,0.0,0.3597,0.6204,0.9632,2.7006,0.8243,8.3292,0.7332,0,0,0,0,0,0,0,0,0,0,0,0,0,0,0,0,0,0,1,1,1,1996,1113,838,13,21,3522,603,0,14,0,14,0,14,0,14,0,14,32.8,5.8,0.4,0.6,98.8,1.3,0.0,1.3,0.0,1.3,0.0,1.3,0.0,1.3,0.0,1.3
72,Puerto Rico,PR,72113,Ponce,72113072202,"Census Tract 722.02, Ponce Municipio, Puerto Rico",2.152802821072,4132,575,2024,196,1717,187,1760,431,236,102,236,87,526,200,154,106,1223,252,454,185,1050,208,55,54,2394,456,4093,581,0,19,0,14,32,39,231,106,36,15,42.7,8.6,14.4,5.3,13.7,4.8,15.8,5.4,3.7,2.4,29.6,5.9,11.0,4.2,25.4,4.9,3.2,3.1,59.6,7.9,99.1,2.7,0.0,0.9,0.0,2.3,1.9,2.3,13.5,5.8,0.9,0.3,0.143,0.5163,0.1094,0.2709,0.1649,1.2045,0.0401,0.8873,0.078,0.6735,0.117,0.3965,2.1523,0.3004,0.2914,0.2914,0.2914,0.0,0.0,0.4561,0.4751,0.7389,1.6701,0.3557,5.3183,0.1041,0,0,0,0,0,0,0,0,0,0,0,0,0,0,0,0,0,0,0,0,0,10614,1183,799,0,14,4093,580,0,14,0,14,0,14,0,14,0,14,28.9,4.0,0.0,1.1,99.1,1.2,0.0,1.1,0.0,1.1,0.0,1.1,0.0,1.1,0.0,1.1
72,Puerto Rico,PR,72113,Ponce,72113072300,"Census Tract 723, Ponce Municipio, Puerto Rico",11.403988981216,1123,219,607,79,471,76,1067,223,7,11,152,62,257,76,42,30,312,76,184,88,310,90,38,34,886,221,1123,221,40,27,0,14,9,19,71,33,14,19,95.0,7.1,4.9,7.3,32.3,12.1,32.7,8.4,3.7,2.7,27.8,8.1,16.4,7.2,27.6,6.6,8.1,7.1,82.9,12.4,100.0,2.6,6.6,4.4,0.0,7.5,1.9,4.0,15.1,6.4,1.2,1.7,0.9848,0.0998,0.8483,0.8212,0.1649,2.919,0.7082,0.8516,0.3434,0.7798,0.5146,0.9534,3.4428,0.9403,0.5536,0.5536,0.5536,0.7021,0.0,0.4561,0.5586,0.7952,2.512,0.7505,9.4274,0.8937,1,0,0,0,0,1,0,0,0,0,1,1,0,0,0,0,0,0,0,0,2,3412,551,302,0,14,1123,219,0,14,0,14,0,14,0,14,0,14,49.7,10.0,0.0,4.1,100.0,4.1,0.0,4.1,0.0,4.1,0.0,4.1,0.0,4.1,0.0,4.1
72,Puerto Rico,PR,72113,Ponce,72113072400,"Census Tract 724, Ponce Municipio, Puerto Rico",4.336221600234,6034,1143,2734,284,2390,294,3627,784,282,184,632,238,1099,291,558,390,1240,323,1188,469,1319,314,205,137,3863,752,6034,1144,172,118,0,20,69,81,385,163,52,33,60.6,6.1,13.5,7.5,26.4,9.4,25.2,7.2,9.3,6.2,20.6,6.3,19.7,6.8,22.0,5.4,8.6,5.6,65.3,2.4,100.0,0.8,6.3,4.3,0.0,1.7,2.9,3.4,16.1,6.7,0.9,0.5,0.454,0.4718,0.6392,0.6089,0.7777,2.9516,0.7299,0.4745,0.6241,0.5054,0.5525,0.532,2.6885,0.603,0.5536,0.5536,0.5536,0.6956,0.0,0.6067,0.6204,0.7389,2.6616,0.8167,8.8553,0.8243,0,0,0,0,0,0,0,0,0,0,0,0,0,0,0,0,0,0,0,0,0,6873,2166,1580,0,20,6034,1143,0,20,0,20,0,20,0,20,0,20,36.2,6.9,0.0,0.8,100.0,0.8,0.0,0.8,0.0,0.8,0.0,0.8,0.0,0.8,0.0,0.8
72,Puerto Rico,PR,72113,Ponce,72113072500,"Census Tract 725, Ponce Municipio, Puerto Rico",7.925740851466,5847,902,2506,266,2101,255,3299,834,140,107,580,199,588,215,411,244,900,257,1416,473,962,259,157,103,4059,811,5847,899,0,28,34,55,19,35,239,112,11,13,56.4,11.3,6.7,5.2,27.6,8.9,14.9,5.1,7.1,3.8,15.4,4.8,24.2,7.2,16.5,4.9,7.5,4.8,72.5,8.9,100.0,21.8,0.0,1.1,1.4,2.2,0.9,1.7,11.4,5.3,0.2,0.2,0.364,0.1573,0.6912,0.2405,0.5857,2.0387,0.2928,0.1506,0.883,0.2169,0.4605,0.7465,2.4575,0.4653,0.5536,0.5536,0.5536,0.0,0.9393,0.2622,0.3579,0.4735,2.0329,0.5239,7.0827,0.4295,0,0,0,0,0,0,0,0,0,0,0,0,0,0,0,1,0,0,0,1,1,4446,1464,1214,0,20,5811,896,0,20,0,20,0,20,36,59,0,20,25.1,3.9,0.0,0.8,99.4,1.0,0.0,0.8,0.0,0.8,0.0,0.8,0.6,1.0,0.0,0.8
72,Puerto Rico,PR,72113,Ponce,72113072600,"Census Tract 726, Ponce Municipio, Puerto Rico",32.02867441984,2656,557,1162,146,902,133,2247,548,0,14,83,61,718,218,166,90,491,157,666,262,576,196,77,64,2090,412,2656,558,13,26,0,14,63,55,100,57,0,14,84.6,10.5,0.0,7.9,9.2,6.6,40.1,8.3,6.3,3.5,18.5,7.0,25.1,8.3,21.7,6.5,8.5,7.0,84.6,3.4,100.0,1.3,1.1,2.2,0.0,4.0,7.0,6.0,11.1,6.3,0.0,0.5,0.9437,0.0,0.0271,0.9437,0.4892,2.4037,0.4761,0.3294,0.9079,0.4805,0.5471,0.9697,3.2346,0.8666,0.5536,0.5536,0.5536,0.454,0.0,0.9447,0.3406,0.0,1.7393,0.385,7.9312,0.6367,1,0,0,1,0,2,0,1,0,0,1,2,0,0,0,0,1,0,0,1,5,2909,1567,665,0,14,2656,557,0,14,0,14,0,14,0,14,0,14,59.0,12.4,0.0,1.8,100.0,1.8,0.0,1.8,0.0,1.8,0.0,1.8,0.0,1.8,0.0,1.8
72,Puerto Rico,PR,72113,Ponce,72113072701,"Census Tract 727.01, Ponce Municipio, Puerto Rico",0.694166222066,2837,440,1135,135,1034,136,1726,393,105,75,213,91,405,140,135,119,801,142,280,148,648,152,102,72,1895,320,2724,404,0,19,0,14,0,19,126,65,327,145,61.4,10.2,12.5,8.5,20.6,8.4,18.6,6.0,4.8,4.2,28.2,5.6,9.9,5.0,23.1,5.3,9.9,6.8,67.2,4.5,96.0,20.6,0.0,1.7,0.0,4.1,0.0,1.8,12.2,6.3,11.5,4.8,0.467,0.4262,0.3554,0.3684,0.2972,1.9142,0.2364,0.8646,0.0466,0.5564,0.6414,0.597,2.706,0.6128,0.0542,0.0542,0.0542,0.0,0.0,0.0,0.3959,0.9848,1.3807,0.2191,6.0551,0.218,0,0,0,0,0,0,0,0,0,0,0,0,0,0,0,0,0,0,1,1,1,3375,881,614,0,14,2724,403,0,14,0,14,0,14,0,14,0,14,35.1,6.2,0.0,1.7,96.0,5.4,0.0,1.7,0.0,1.7,0.0,1.7,0.0,1.7,0.0,1.7
72,Puerto Rico,PR,72113,Ponce,72113072703,"Census Tract 727.03, Ponce Municipio, Puerto Rico",6.20117263894,3852,560,1938,171,1479,151,2033,449,137,70,307,101,483,138,300,188,974,226,588,274,706,159,69,58,2222,422,3806,552,0,19,10,15,43,46,119,63,21,32,52.8,8.8,8.7,4.4,20.8,6.5,16.0,4.5,7.8,4.6,25.3,6.5,15.3,6.8,18.3,4.8,4.7,3.9,59.6,7.7,98.8,20.3,0.0,1.0,0.5,0.8,2.9,3.1,8.0,4.4,0.5,0.8,0.2904,0.2516,0.3684,0.2839,0.6703,1.8646,0.218,0.7638,0.2698,0.2928,0.2297,0.3965,1.9526,0.1985,0.2427,0.2427,0.2427,0.0,0.7928,0.6067,0.1746,0.6165,2.1906,0.6052,6.2505,0.2451,0,0,0,0,0,0,0,0,0,0,0,0,0,0,0,0,0,0,0,0,0,2877,1168,779,0,14,3806,551,0,14,0,14,0,14,0,14,0,14,30.5,4.5,0.0,1.2,98.8,1.2,0.0,1.2,0.0,1.2,0.0,1.2,0.0,1.2,0.0,1.2
72,Puerto Rico,PR,72113,Ponce,72113072704,"Census Tract 727.04, Ponce Municipio, Puerto Rico",4.878435063588,2748,480,1223,168,1047,156,2319,454,89,48,167,75,838,217,30,35,477,129,533,214,543,195,132,70,2255,462,2748,481,239,85,0,14,24,41,279,114,0,14,84.4,7.5,15.0,8.6,16.0,6.8,43.3,8.4,1.1,1.2,17.4,4.9,19.4,7.0,19.8,5.9,12.6,6.4,84.7,9.2,100.0,1.1,19.5,6.4,0.0,3.8,2.3,3.9,26.6,9.5,0.0,0.5,0.9404,0.5369,0.1853,0.9772,0.0174,2.6572,0.5998,0.2622,0.5991,0.3633,0.7909,0.9707,2.9862,0.7646,0.5536,0.5536,0.5536,0.8472,0.0,0.5179,0.8503,0.0,2.2154,0.6161,8.4124,0.7527,1,0,0,1,0,2,0,0,0,0,1,1,0,0,0,0,0,0,0,0,3,1232,1607,586,0,14,2748,480,0,14,0,14,0,14,0,14,0,14,58.5,10.2,0.0,1.7,100.0,1.7,0.0,1.7,0.0,1.7,0.0,1.7,0.0,1.7,0.0,1.7
72,Puerto Rico,PR,72113,Ponce,72113072900,"Census Tract 729, Ponce Municipio, Puerto Rico",8.490340894882,6293,1060,2406,263,2007,266,2399,830,111,65,317,159,668,284,237,193,1119,304,1324,428,836,250,82,69,3023,654,6169,1031,29,50,0,20,143,124,187,115,38,79,38.6,11.6,4.8,3.0,15.8,7.6,15.9,5.8,3.8,3.1,17.8,4.7,21.0,5.8,13.4,3.9,4.1,3.4,49.2,6.7,98.0,23.3,1.2,2.1,0.0,2.0,7.1,6.1,9.3,5.5,0.6,1.3,0.1073,0.0965,0.1798,0.2774,0.1746,0.8356,0.0098,0.2882,0.7151,0.1226,0.1788,0.2048,1.5095,0.0781,0.1343,0.1343,0.1343,0.4713,0.0,0.948,0.244,0.6522,2.3155,0.6681,4.7949,0.0586,0,0,0,0,0,0,0,0,0,0,0,0,0,0,0,0,1,0,0,1,1,3197,1297,1447,38,62,6131,1029,0,20,0,20,0,20,0,20,0,20,20.7,3.5,0.6,1.0,97.4,3.2,0.0,0.8,0.0,0.8,0.0,0.8,0.0,0.8,0.0,0.8
72,Puerto Rico,PR,72113,Ponce,72113073001,"Census Tract 730.01, Ponce Municipio, Puerto Rico",7.283309594686,2727,515,1306,138,990,134,1765,424,42,49,188,90,628,201,207,135,568,182,517,223,553,185,68,56,2225,441,2727,516,0,19,13,21,68,50,144,80,69,112,66.9,10.0,5.5,6.6,19.0,8.7,31.3,8.6,7.8,5.1,20.8,6.5,19.0,7.3,20.8,6.5,6.9,5.6,85.6,6.9,100.0,1.2,0.0,1.5,1.0,1.6,6.9,5.0,14.5,7.9,2.5,4.1,0.5959,0.115,0.2741,0.7898,0.6703,2.4451,0.4989,0.4908,0.5634,0.4262,0.4117,0.9772,2.8693,0.7104,0.5536,0.5536,0.5536,0.0,0.8861,0.9415,0.5228,0.9122,3.2626,0.949,9.1306,0.8514,0,0,0,0,0,0,0,0,0,0,1,1,0,0,0,0,1,0,1,2,3,1419,1124,688,0,14,2727,515,0,14,0,14,0,14,0,14,0,14,42.3,8.0,0.0,1.7,100.0,1.7,0.0,1.7,0.0,1.7,0.0,1.7,0.0,1.7,0.0,1.7
72,Puerto Rico,PR,72113,Ponce,72113073002,"Census Tract 730.02, Ponce Municipio, Puerto Rico",4.594544687742,4124,764,1942,190,1425,187,3036,742,104,67,252,110,830,234,305,206,781,241,818,308,749,222,49,46,3199,585,4102,762,0,19,0,14,143,92,169,81,42,71,74.4,11.7,8.5,5.0,17.7,7.4,28.7,7.3,7.5,4.9,18.9,6.1,19.8,6.5,18.3,5.2,3.4,3.2,81.1,0.4,99.5,1.3,0.0,1.0,0.0,2.4,10.0,6.3,11.9,5.4,1.0,1.7,0.7822,0.2332,0.2275,0.7118,0.6323,2.587,0.5672,0.3586,0.6295,0.2928,0.13,0.9339,2.3448,0.3872,0.4193,0.4193,0.4193,0.0,0.0,0.9881,0.3829,0.7595,2.1305,0.5759,7.4816,0.5358,0,0,0,0,0,0,0,0,0,0,1,1,0,0,0,0,1,0,0,1,2,2437,1306,1087,0,14,4102,762,0,14,0,14,0,14,0,14,0,14,32.0,6.0,0.0,1.1,99.5,0.9,0.0,1.1,0.0,1.1,0.0,1.1,0.0,1.1,0.0,1.1
72,Puerto Rico,PR,72113,Ponce,72113073003,"Census Tract 730.03, Ponce Municipio, Puerto Rico",2.22576992144,2175,348,751,83,705,80,1700,338,88,51,137,61,125,56,44,36,197,67,887,224,271,89,289,70,1533,302,2175,349,215,65,0,14,17,23,73,41,0,14,78.2,9.2,17.8,9.2,19.4,8.4,12.3,5.3,2.0,1.7,9.1,3.6,40.8,8.0,12.5,4.3,41.0,8.8,80.1,7.2,100.0,1.2,28.6,8.1,0.0,6.1,2.4,3.3,10.4,5.8,0.0,0.6,0.8635,0.6388,0.2958,0.1571,0.038,1.9932,0.2679,0.026,0.9957,0.0954,0.9989,0.9187,3.0347,0.7918,0.5536,0.5536,0.5536,0.9047,0.0,0.5309,0.3015,0.0,1.7371,0.3829,7.3186,0.4794,0,0,0,0,0,0,0,1,0,1,1,3,0,0,1,0,0,0,0,1,4,798,542,482,0,14,2175,348,0,14,0,14,0,14,0,14,0,14,24.9,4.0,0.0,2.2,100.0,2.2,0.0,2.2,0.0,2.2,0.0,2.2,0.0,2.2,0.0,2.2
72,Puerto Rico,PR,72113,Ponce,72113073004,"Census Tract 730.04, Ponce Municipio, Puerto Rico",1.73426593646,3252,617,1609,180,1235,164,2104,580,77,60,298,105,253,93,205,161,616,187,652,235,571,154,167,80,2159,524,3252,617,13,24,18,29,53,59,111,70,18,25,65.0,13.0,6.6,5.0,24.1,7.9,11.3,4.3,6.3,4.6,18.9,6.3,20.0,6.1,17.6,4.6,13.5,6.2,69.3,10.6,100.0,0.0,0.8,1.5,1.1,1.7,4.3,4.7,9.0,5.6,0.6,0.8,0.5547,0.154,0.532,0.1278,0.4892,1.8577,0.2137,0.3586,0.6414,0.2581,0.8299,0.6576,2.7456,0.6443,0.5536,0.5536,0.5536,0.4171,0.898,0.7757,0.2267,0.6522,2.9697,0.8894,8.1266,0.6844,0,0,0,0,0,0,0,0,0,0,0,0,0,0,0,0,0,0,0,0,0,2335,1097,833,1,3,3251,617,0,14,0,14,0,14,0,14,0,14,33.9,6.5,0.0,0.1,100.0,0.1,0.0,1.4,0.0,1.4,0.0,1.4,0.0,1.4,0.0,1.4
72,Puerto Rico,PR,72113,Ponce,72113073005,"Census Tract 730.05, Ponce Municipio, Puerto Rico",0.49376461219,2640,493,1027,131,930,118,963,344,79,55,155,74,326,130,112,79,871,177,405,170,678,183,22,28,1501,323,2640,494,0,19,0,14,0,19,32,31,0,14,36.5,11.1,9.4,6.4,16.7,7.7,16.0,5.5,4.2,3.1,33.0,7.6,15.3,5.8,25.7,5.9,2.4,3.0,59.4,6.1,100.0,1.2,0.0,1.9,0.0,4.5,0.0,2.0,3.4,3.4,0.0,0.5,0.0878,0.2885,0.2037,0.2839,0.2213,1.0852,0.0315,0.9567,0.2698,0.6941,0.0748,0.39,2.3854,0.4056,0.5536,0.5536,0.5536,0.0,0.0,0.0,0.0347,0.0,0.0347,0.0011,4.0589,0.0217,0,0,0,0,0,0,1,0,0,0,0,1,0,0,0,0,0,0,0,0,1,1217,483,702,0,14,2640,493,0,14,0,14,0,14,0,14,0,14,18.3,3.4,0.0,1.8,100.0,1.8,0.0,1.8,0.0,1.8,0.0,1.8,0.0,1.8,0.0,1.8
72,Puerto Rico,PR,72113,Ponce,72113073006,"Census Tract 730.06, Ponce Municipio, Puerto Rico",0.563881121492,2938,597,1414,161,1140,180,2252,561,50,46,193,105,794,231,160,80,803,206,437,210,702,188,72,59,1952,394,2938,597,0,19,0,14,34,38,207,81,8,6,76.7,11.0,5.4,5.1,16.9,8.8,34.8,7.2,5.4,2.8,27.3,7.6,14.9,6.5,23.9,5.5,6.3,5.1,69.8,3.2,100.0,0.0,0.0,1.3,0.0,3.3,3.0,3.3,18.2,6.3,0.3,0.2,0.8342,0.1085,0.2113,0.8689,0.372,2.3949,0.4685,0.8332,0.2416,0.5976,0.3673,0.6739,2.7136,0.6193,0.5536,0.5536,0.5536,0.0,0.0,0.6186,0.6941,0.5255,1.8382,0.4284,7.5003,0.539,0,0,0,0,0,0,0,0,0,0,0,0,0,0,0,0,0,0,0,0,0,6137,1105,780,0,14,2938,597,0,14,0,14,0,14,0,14,0,14,37.7,7.7,0.0,1.6,100.0,1.6,0.0,1.6,0.0,1.6,0.0,1.6,0.0,1.6,0.0,1.6
72,Puerto Rico,PR,72113,Ponce,72113073009,"Census Tract 730.09, Ponce Municipio, Puerto Rico",0.968063505948,5140,617,2135,187,1771,184,4351,632,130,70,322,135,713,184,162,129,609,162,1274,297,901,241,266,95,3709,536,5140,618,114,69,18,29,106,74,117,66,0,20,84.6,6.9,8.6,4.5,18.2,7.4,22.3,5.5,3.2,2.5,11.8,3.1,24.8,5.0,17.5,4.3,15.0,5.1,78.1,5.8,100.0,0.7,5.3,3.2,0.8,1.3,6.0,4.1,6.6,3.8,0.0,0.4,0.9437,0.243,0.2438,0.506,0.1128,2.0493,0.2993,0.0488,0.9025,0.2516,0.8657,0.883,2.9516,0.7527,0.5536,0.5536,0.5536,0.6598,0.8427,0.9025,0.1085,0.0,2.5135,0.7516,8.068,0.667,1,0,0,0,0,1,0,1,0,0,0,1,0,0,0,0,1,0,0,1,3,1974,1385,866,0,20,5140,617,0,20,0,20,0,20,0,20,0,20,26.9,3.2,0.0,0.9,100.0,0.9,0.0,0.9,0.0,0.9,0.0,0.9,0.0,0.9,0.0,0.9
72,Puerto Rico,PR,72113,Ponce,72113073010,"Census Tract 730.10, Ponce Municipio, Puerto Rico",1.606605943384,3689,567,1487,166,1279,153,1677,454,167,97,297,113,199,118,200,110,633,188,582,189,495,147,117,77,1984,459,3689,568,23,23,0,14,33,41,63,55,0,14,45.5,10.1,9.4,5.3,23.2,8.4,7.7,4.3,5.4,3.0,17.2,4.7,15.8,4.5,13.4,3.7,9.1,5.9,55.0,9.3,100.0,0.9,1.5,1.5,0.0,3.1,2.6,3.2,4.9,4.2,0.0,0.4,0.1809,0.2885,0.4778,0.0661,0.372,1.3853,0.0651,0.2514,0.2979,0.1226,0.5764,0.2925,1.5408,0.0835,0.5536,0.5536,0.5536,0.5016,0.0,0.5666,0.0597,0.0,1.1279,0.1345,4.6076,0.0423,0,0,0,0,0,0,0,0,0,0,0,0,0,0,0,0,0,0,0,0,0,7409,707,770,0,14,3689,567,0,14,0,14,0,14,0,14,0,14,19.2,3.0,0.0,1.3,100.0,1.3,0.0,1.3,0.0,1.3,0.0,1.3,0.0,1.3,0.0,1.3
72,Puerto Rico,PR,72113,Ponce,72113980001,"Census Tract 9800.01, Ponce Municipio, Puerto Rico",1.867505489538,2207,302,0,14,0,14,0,14,0,14,0,28,804,170,0,14,54,33,9,19,0,14,0,19,1981,290,2184,301,0,19,0,14,0,19,0,14,2207,302,0.0,-999.0,-999.0,-999.0,0.0,-999.0,42.4,5.4,-999.0,-999.0,2.4,1.5,0.4,0.9,-999.0,-999.0,0.0,-999.0,89.8,4.7,99.0,1.6,0.0,-999.0,-999.0,-999.0,0.0,-999.0,-999.0,-999.0,100.0,0.0,0.0,-999.0,0.0,0.9729,-999.0,-999.0,-999.0,0.0022,0.0033,-999.0,0.0,0.9935,-999.0,-999.0,0.2774,0.2774,0.2774,0.0,-999.0,0.0,-999.0,1.0,-999.0,-999.0,-999.0,-999.0,0,-999,0,1,-999,-999,0,0,-999,0,1,-999,0,0,0,-999,0,-999,1,-999,-999,8458,0,19,7,12,2177,300,0,14,0,14,0,14,0,14,0,14,0.0,-999.0,0.3,0.5,98.6,1.3,0.0,2.1,0.0,2.1,0.0,2.1,0.0,2.1,0.0,2.1
72,Puerto Rico,PR,72115,Quebradillas,72115330100,"Census Tract 3301, Quebradillas Municipio, Puerto Rico",4.805654450486,7295,958,3468,297,2669,327,4644,846,107,78,584,198,1178,350,409,300,1758,304,1295,393,1464,422,265,127,4251,699,7170,938,130,97,26,42,0,28,308,156,3,6,63.9,8.1,5.4,3.9,21.9,6.9,22.9,6.2,5.6,3.9,24.1,4.4,17.8,4.9,20.1,5.0,9.9,4.6,59.9,6.1,98.3,18.2,3.7,2.8,0.7,1.2,0.0,1.0,11.5,5.9,0.0,0.1,0.5244,0.1085,0.4269,0.5265,0.4002,1.9865,0.2625,0.7183,0.4626,0.3764,0.6414,0.4063,2.605,0.5542,0.1679,0.1679,0.1679,0.6078,0.8275,0.0,0.3623,0.0,1.7976,0.4132,6.557,0.3113,0,0,0,0,0,0,0,0,0,0,0,0,0,0,0,0,0,0,0,0,0,7603,1573,1422,26,42,7129,936,0,20,0,20,0,20,15,26,0,20,21.6,2.8,0.4,0.6,97.7,2.1,0.0,0.6,0.0,0.6,0.0,0.6,0.2,0.4,0.0,0.6
72,Puerto Rico,PR,72115,Quebradillas,72115330200,"Census Tract 3302, Quebradillas Municipio, Puerto Rico",2.268750409978,4788,702,2233,296,1829,292,3241,632,106,103,502,219,1156,349,216,153,1183,261,1080,300,984,364,352,168,3449,575,4723,714,126,96,0,14,43,67,441,169,20,31,68.0,8.7,8.3,8.1,27.4,11.1,34.0,8.8,4.5,3.3,24.7,5.3,22.6,5.3,20.6,6.7,19.2,8.7,75.9,6.5,98.6,3.7,5.6,4.2,0.0,2.1,2.4,3.6,24.1,8.4,0.4,0.6,0.6295,0.2245,0.6804,0.8527,0.2592,2.6463,0.5922,0.7378,0.8093,0.4121,0.9372,0.8397,3.7361,0.9826,0.2048,0.2048,0.2048,0.6696,0.0,0.5309,0.8134,0.5688,2.5827,0.7842,9.1699,0.859,0,0,0,0,0,0,0,0,0,1,0,1,0,0,0,0,0,0,0,0,1,5220,1665,982,0,14,4681,711,0,14,0,14,0,14,0,14,42,64,34.9,5.1,0.0,1.0,97.8,2.2,0.0,1.0,0.0,1.0,0.0,1.0,0.0,1.0,0.9,1.4
72,Puerto Rico,PR,72115,Quebradillas,72115330300,"Census Tract 3303, Quebradillas Municipio, Puerto Rico",5.184777270734,4959,984,2041,211,1602,233,3144,746,128,113,246,117,742,279,218,160,621,164,960,346,769,314,192,116,3029,619,4926,976,16,28,0,14,25,41,221,118,0,14,63.4,8.2,6.9,5.8,15.4,7.0,21.7,6.5,4.4,3.2,12.5,3.8,19.4,5.8,15.5,6.2,12.0,7.0,64.6,4.4,99.3,27.8,0.8,1.4,0.0,2.3,1.6,2.5,13.8,7.0,0.0,0.3,0.5125,0.1681,0.156,0.4908,0.244,1.5714,0.1095,0.0596,0.5991,0.1844,0.7638,0.5038,2.1107,0.282,0.3402,0.3402,0.3402,0.4171,0.0,0.3922,0.4881,0.0,1.2974,0.1931,5.3197,0.1052,0,0,0,0,0,0,0,0,0,0,0,0,0,0,0,0,0,0,0,0,0,3385,1231,1276,0,14,4915,976,0,14,0,14,0,14,0,14,11,19,24.8,4.9,0.0,1.0,99.1,1.1,0.0,1.0,0.0,1.0,0.0,1.0,0.0,1.0,0.2,0.4
72,Puerto Rico,PR,72115,Quebradillas,72115330400,"Census Tract 3304, Quebradillas Municipio, Puerto Rico",10.42342387861,6219,977,2671,246,2129,288,4006,868,29,35,402,169,1308,382,155,122,1156,285,1087,386,1101,400,172,125,4303,918,6192,977,33,57,36,59,0,28,297,175,0,20,64.4,9.6,1.4,1.7,18.9,7.5,27.5,6.6,2.5,1.9,18.6,4.8,17.5,5.6,17.7,5.6,8.1,5.8,71.6,10.6,99.6,1.4,1.2,2.1,1.3,2.2,0.0,1.3,14.0,7.9,0.0,0.3,0.5406,0.0163,0.2709,0.6739,0.0651,1.5668,0.1041,0.3326,0.4312,0.2636,0.5146,0.7129,2.2549,0.3482,0.4594,0.4594,0.4594,0.4713,0.9306,0.0,0.5011,0.0,1.903,0.4599,6.1841,0.2332,0,0,0,0,0,0,0,0,0,0,0,0,0,0,0,1,0,0,0,1,1,4401,2131,1370,0,20,6192,976,0,20,0,20,0,20,0,20,0,20,34.3,5.4,0.0,0.8,99.6,0.7,0.0,0.8,0.0,0.8,0.0,0.8,0.0,0.8,0.0,0.8
72,Puerto Rico,PR,72117,Rincón,72117959401,"Census Tract 9594.01, Rincón Municipio, Puerto Rico",4.341967570198,3172,580,2534,220,1194,204,1601,508,15,25,176,78,677,298,179,118,947,275,532,231,1011,319,61,46,1357,393,2765,526,160,74,0,14,0,19,144,76,19,21,50.8,13.1,1.5,2.5,14.7,6.0,26.8,10.3,5.7,3.8,29.9,7.4,16.8,6.6,32.1,7.9,5.1,3.8,44.7,10.0,87.2,4.6,6.3,2.9,0.0,1.9,0.0,1.6,12.1,5.8,0.6,0.7,0.2557,0.0184,0.1376,0.6501,0.4165,1.4783,0.0792,0.8971,0.377,0.9132,0.2633,0.1484,2.599,0.551,0.0065,0.0065,0.0065,0.6956,0.0,0.0,0.3926,0.6522,1.7404,0.3861,5.8242,0.1822,0,0,0,0,0,0,0,0,1,0,0,1,0,0,0,0,0,0,0,0,1,2346,1930,723,22,35,2678,519,0,14,0,14,0,14,65,78,0,14,61.2,11.3,0.7,1.1,84.4,5.2,0.0,1.5,0.0,1.5,0.0,1.5,2.0,2.4,0.0,1.5
72,Puerto Rico,PR,72117,Rincón,72117959402,"Census Tract 9594.02, Rincón Municipio, Puerto Rico",2.253063857922,1575,389,785,117,544,114,770,254,90,78,84,65,464,170,52,63,400,149,184,112,440,162,42,40,850,241,1348,318,0,19,0,14,0,19,84,59,0,14,49.5,11.1,14.1,10.4,15.4,11.5,36.8,11.7,3.3,3.7,25.4,9.1,11.7,6.5,27.9,10.1,7.7,7.2,54.0,7.5,85.6,29.2,0.0,2.4,0.0,5.9,0.0,3.5,15.4,10.1,0.0,0.9,0.2308,0.4989,0.156,0.8982,0.1204,1.9043,0.2299,0.7692,0.0964,0.7907,0.4778,0.2665,2.4006,0.4154,0.0043,0.0043,0.0043,0.0,0.0,0.0,0.5835,0.0,0.5835,0.0228,4.8927,0.0694,0,0,0,0,0,0,0,0,0,0,0,0,0,0,0,0,0,0,0,0,0,732,964,511,0,14,1308,314,0,14,0,14,0,14,40,45,0,14,61.2,15.1,0.0,3.0,83.0,10.1,0.0,3.0,0.0,3.0,0.0,3.0,2.5,2.8,0.0,3.0
72,Puerto Rico,PR,72117,Rincón,72117959500,"Census Tract 9595, Rincón Municipio, Puerto Rico",1.687863811998,2733,449,2014,166,1146,177,1705,370,96,67,178,95,356,141,123,86,713,204,428,163,798,230,65,47,1245,276,2588,432,270,91,12,19,0,19,150,78,5,8,62.4,8.8,9.8,6.6,15.5,7.9,17.7,6.3,4.5,3.1,26.1,7.1,15.7,5.4,29.2,7.3,5.7,4.0,47.9,7.2,94.7,2.8,13.4,4.4,0.6,0.9,0.0,1.7,13.1,6.5,0.2,0.3,0.493,0.3189,0.1614,0.3369,0.2592,1.5694,0.1074,0.7855,0.2936,0.8438,0.3131,0.1874,2.4234,0.436,0.0336,0.0336,0.0336,0.7941,0.8048,0.0,0.4479,0.4735,2.5203,0.756,6.5467,0.3091,0,0,0,0,0,0,0,0,0,0,0,0,0,0,0,0,0,0,0,0,0,3970,1242,601,0,14,2556,430,0,14,0,14,0,14,32,38,0,14,45.5,7.5,0.0,1.7,93.5,3.2,0.0,1.7,0.0,1.7,0.0,1.7,1.2,1.3,0.0,1.7
72,Puerto Rico,PR,72117,Rincón,72117959601,"Census Tract 9596.01, Rincón Municipio, Puerto Rico",2.532191665598,1546,457,984,171,668,179,1017,389,74,93,59,73,491,163,114,122,298,159,223,125,260,139,50,58,1307,388,1520,457,0,19,26,41,0,19,115,93,0,14,65.8,16.0,11.8,13.7,8.8,10.7,41.2,10.6,7.4,7.8,19.3,10.5,14.4,6.9,16.8,9.0,7.5,8.4,85.8,36.2,98.3,5.4,0.0,1.9,2.6,4.1,0.0,2.8,17.2,13.6,0.0,0.9,0.5753,0.3915,0.0228,0.9556,0.6236,2.5688,0.5531,0.3803,0.2037,0.2245,0.4605,0.9816,2.2506,0.346,0.1679,0.1679,0.1679,0.0,0.9859,0.0,0.654,0.0,1.6399,0.3416,6.6272,0.3275,0,0,0,1,0,1,0,0,0,0,1,1,0,0,0,1,0,0,0,1,3,934,881,557,0,14,1520,456,0,14,0,14,0,14,0,14,0,14,57.0,16.9,0.0,3.0,98.3,2.7,0.0,3.0,0.0,3.0,0.0,3.0,0.0,3.0,0.0,3.0
72,Puerto Rico,PR,72117,Rincón,72117959602,"Census Tract 9596.02, Rincón Municipio, Puerto Rico",3.472794825102,4823,554,3082,253,1878,248,2799,601,83,57,341,157,1031,301,238,145,1094,242,923,243,1139,267,115,87,2577,505,4490,527,693,194,0,14,42,49,261,131,0,14,58.0,10.5,4.6,3.1,18.2,8.0,29.5,7.4,4.9,3.0,22.7,4.9,19.1,4.5,23.6,5.7,6.1,4.6,55.6,8.9,93.1,2.2,22.5,6.0,0.0,1.5,2.2,2.6,13.9,6.6,0.0,0.3,0.3965,0.0879,0.2438,0.7356,0.3156,1.7794,0.1811,0.6208,0.572,0.5835,0.3489,0.3077,2.4329,0.4436,0.0195,0.0195,0.0195,0.8711,0.0,0.5049,0.4935,0.0,1.8695,0.4425,6.1013,0.2223,0,0,0,0,0,0,0,0,0,0,0,0,0,0,0,0,0,0,0,0,0,3458,2160,905,0,14,4446,522,0,14,0,14,0,14,44,69,0,14,44.8,5.1,0.0,1.0,92.2,4.6,0.0,1.0,0.0,1.0,0.0,1.0,0.9,1.4,0.0,1.0
72,Puerto Rico,PR,72119,Río Grande,72119130101,"Census Tract 1301.01, Río Grande Municipio, Puerto Rico",2.528369255798,5416,969,2891,296,1795,262,3673,872,407,219,552,216,827,304,359,205,1234,404,1055,343,1435,455,163,121,3384,661,5382,991,90,83,0,20,42,47,270,125,70,62,68.7,10.7,18.5,9.5,30.8,11.2,20.2,6.9,6.7,3.6,22.8,5.2,19.5,5.3,26.8,6.8,9.1,6.6,64.7,4.5,99.4,4.3,3.1,2.9,0.0,1.6,2.3,2.6,15.0,6.6,1.3,1.1,0.6381,0.6638,0.8039,0.416,0.5434,3.0652,0.7744,0.6316,0.6056,0.744,0.5764,0.5049,3.0625,0.8026,0.3694,0.3694,0.3694,0.5796,0.0,0.5179,0.5553,0.805,2.4578,0.731,8.9549,0.8373,0,0,0,0,0,0,0,0,0,0,0,0,0,0,0,0,0,0,0,0,0,7338,1723,1231,0,20,5350,989,0,20,0,20,0,20,0,20,32,51,32.2,5.8,0.0,0.9,98.8,2.0,0.0,0.9,0.0,0.9,0.0,0.9,0.0,0.9,0.6,1.0
72,Puerto Rico,PR,72119,Río Grande,72119130102,"Census Tract 1301.02, Río Grande Municipio, Puerto Rico",6.3514937306,5969,794,3417,271,1654,198,2092,586,486,203,517,150,472,238,339,199,502,175,1457,339,953,285,110,72,3034,601,5938,803,827,154,13,21,102,68,18,28,45,89,35.3,8.7,16.3,6.6,31.3,8.3,12.9,6.2,5.7,3.2,8.4,2.9,24.4,4.7,16.1,4.3,6.7,4.3,53.3,7.7,99.5,2.4,24.2,4.1,0.4,0.6,6.2,4.0,1.1,1.7,0.8,1.5,0.0802,0.5857,0.8223,0.1788,0.4165,2.0835,0.3134,0.0195,0.8895,0.205,0.3933,0.2557,1.763,0.1269,0.4193,0.4193,0.4193,0.8841,0.7874,0.9187,0.0098,0.7226,3.3226,0.961,7.5884,0.5629,0,0,0,0,0,0,0,0,0,0,0,0,0,0,0,0,1,0,0,1,1,7543,458,1127,0,20,5938,802,0,20,0,20,0,20,0,20,0,20,7.7,1.0,0.0,0.8,99.5,0.6,0.0,0.8,0.0,0.8,0.0,0.8,0.0,0.8,0.0,0.8
72,Puerto Rico,PR,72119,Río Grande,72119130200,"Census Tract 1302, Río Grande Municipio, Puerto Rico",2.339526767598,2629,411,1335,126,907,110,1878,359,109,54,174,64,457,161,266,130,615,155,521,191,895,259,84,50,1878,368,2629,412,154,58,0,14,46,34,282,82,0,14,71.4,7.9,12.0,6.2,19.2,6.7,24.4,7.6,10.1,4.7,23.4,5.7,19.8,6.6,34.0,7.8,9.3,5.4,72.9,8.4,100.0,1.1,11.5,4.2,0.0,3.5,5.1,3.7,31.1,8.4,0.0,0.5,0.7096,0.4035,0.2828,0.5796,0.8275,2.803,0.6649,0.6706,0.6295,0.949,0.5915,0.766,3.6066,0.9707,0.5536,0.5536,0.5536,0.7714,0.0,0.8451,0.9056,0.0,2.5221,0.7581,9.4853,0.8991,0,0,0,0,0,0,0,0,1,0,0,1,0,0,0,0,0,1,0,1,2,1925,817,586,0,14,2629,411,0,14,0,14,0,14,0,14,0,14,31.1,4.9,0.0,1.8,100.0,1.8,0.0,1.8,0.0,1.8,0.0,1.8,0.0,1.8,0.0,1.8
72,Puerto Rico,PR,72119,Río Grande,72119130300,"Census Tract 1303, Río Grande Municipio, Puerto Rico",3.147050606354,3447,573,1514,163,1193,159,1880,517,115,84,351,122,443,115,208,112,786,175,492,274,834,243,79,65,2057,381,3447,574,0,19,0,14,29,47,255,107,5,8,54.5,12.0,7.5,5.3,29.4,9.4,16.7,4.4,6.0,3.2,22.8,5.7,14.3,7.6,24.2,6.0,6.6,5.4,60.9,5.0,100.0,1.0,0.0,1.3,0.0,3.1,2.4,3.9,21.4,7.9,0.1,0.2,0.3294,0.1898,0.7573,0.3088,0.4566,2.0419,0.295,0.6316,0.2004,0.6095,0.3824,0.4312,2.2551,0.3492,0.5536,0.5536,0.5536,0.0,0.0,0.5309,0.7711,0.4334,1.7354,0.3807,6.586,0.321,0,0,0,0,0,0,0,0,0,0,0,0,0,0,0,0,0,0,0,0,0,2572,661,826,0,14,3447,573,0,14,0,14,0,14,0,14,0,14,19.2,3.2,0.0,1.4,100.0,1.4,0.0,1.4,0.0,1.4,0.0,1.4,0.0,1.4,0.0,1.4
72,Puerto Rico,PR,72119,Río Grande,72119130401,"Census Tract 1304.01, Río Grande Municipio, Puerto Rico",1.481803105108,3929,688,1459,178,1104,178,1332,502,323,165,209,108,218,122,160,132,520,149,959,277,503,166,130,64,1997,448,3906,686,0,19,0,14,34,42,14,23,23,13,33.9,11.3,16.2,7.9,18.9,9.3,8.9,4.9,4.1,3.4,13.2,4.1,24.4,5.6,12.8,4.2,11.8,5.5,54.1,8.1,99.4,1.4,0.0,1.3,0.0,3.2,3.1,3.8,1.3,2.1,0.6,0.3,0.0683,0.5813,0.2709,0.0856,0.2082,1.2143,0.0423,0.0758,0.8895,0.1009,0.7508,0.2698,2.0868,0.269,0.3694,0.3694,0.3694,0.0,0.0,0.6338,0.013,0.6522,1.299,0.1941,4.9695,0.0759,0,0,0,0,0,0,0,0,0,0,0,0,0,0,0,0,0,0,0,0,0,2192,497,975,0,14,3906,686,0,14,0,14,0,14,0,14,0,14,12.7,2.2,0.0,1.2,99.4,1.0,0.0,1.2,0.0,1.2,0.0,1.2,0.0,1.2,0.0,1.2
72,Puerto Rico,PR,72119,Río Grande,72119130402,"Census Tract 1304.02, Río Grande Municipio, Puerto Rico",2.186375162176,4304,715,1943,195,1320,188,2982,599,533,234,218,85,781,253,411,193,820,220,683,223,1370,312,102,63,2843,444,4258,686,14,26,9,15,68,53,211,94,12,13,69.9,8.1,27.6,9.6,16.5,6.0,24.3,7.4,9.6,4.3,19.1,4.5,15.9,4.5,31.9,6.2,7.7,4.6,67.4,15.2,98.9,22.9,0.7,1.3,0.5,0.8,5.2,3.9,16.0,6.7,0.3,0.3,0.6706,0.8698,0.2004,0.5753,0.7961,3.1122,0.7928,0.3684,0.3066,0.9078,0.4778,0.6024,2.663,0.5879,0.2579,0.2579,0.2579,0.4009,0.7928,0.8527,0.6128,0.5255,3.1847,0.9393,9.2178,0.8644,0,0,0,0,0,0,0,0,1,0,0,1,0,0,0,0,0,0,0,0,1,2580,897,990,0,14,4258,686,0,14,0,14,0,14,0,14,0,14,20.9,3.5,0.0,1.1,98.9,1.6,0.0,1.1,0.0,1.1,0.0,1.1,0.0,1.1,0.0,1.1
72,Puerto Rico,PR,72119,Río Grande,72119130500,"Census Tract 1305, Río Grande Municipio, Puerto Rico",0.4693262861,6103,1105,2463,284,2105,287,3381,941,460,212,667,199,907,287,378,209,1708,367,1287,532,1554,379,214,149,3513,715,6103,1103,176,125,0,20,62,72,347,153,0,20,55.4,11.7,19.0,8.5,31.7,8.4,20.2,5.5,6.2,3.3,28.0,5.6,21.1,7.8,25.5,5.5,10.2,6.9,61.2,5.9,100.0,25.6,7.1,5.0,0.0,1.9,2.9,3.4,16.5,6.7,0.0,0.3,0.3467,0.6746,0.8321,0.416,0.4783,2.7477,0.6432,0.857,0.7216,0.6822,0.6598,0.4366,3.3572,0.9143,0.5536,0.5536,0.5536,0.7129,0.0,0.6067,0.6345,0.0,1.9541,0.4837,8.6126,0.7863,0,0,0,0,0,0,0,0,0,0,0,0,0,0,0,0,0,0,0,0,0,3754,1210,1538,43,69,6060,1100,0,20,0,20,0,20,0,20,0,20,19.8,3.6,0.7,1.1,99.3,1.1,0.0,0.8,0.0,0.8,0.0,0.8,0.0,0.8,0.0,0.8
72,Puerto Rico,PR,72119,Río Grande,72119130601,"Census Tract 1306.01, Río Grande Municipio, Puerto Rico",2.750295666072,2829,589,1325,141,1024,142,1998,611,415,227,214,87,825,247,351,217,709,165,374,183,755,194,73,58,2026,404,2812,582,0,19,0,14,76,64,152,76,42,29,70.9,15.8,33.5,12.7,20.9,8.0,37.9,7.6,12.5,7.3,25.1,6.9,13.2,5.9,26.8,7.3,7.1,5.6,73.1,21.0,99.4,29.2,0.0,1.4,0.0,3.5,7.4,6.2,14.8,7.2,1.5,1.0,0.6999,0.9306,0.3716,0.9166,0.9089,3.8276,0.9479,0.753,0.1484,0.744,0.4236,0.7725,2.8415,0.6985,0.3694,0.3694,0.3694,0.0,0.0,0.9588,0.5445,0.8375,2.3408,0.6779,9.3793,0.8883,0,1,0,1,1,3,0,0,0,0,0,0,0,0,0,0,1,0,0,1,4,1361,719,808,0,14,2812,581,0,14,0,14,0,14,0,14,0,14,25.8,5.5,0.0,1.7,99.4,0.9,0.0,1.7,0.0,1.7,0.0,1.7,0.0,1.7,0.0,1.7
72,Puerto Rico,PR,72119,Río Grande,72119130602,"Census Tract 1306.02, Río Grande Municipio, Puerto Rico",20.092677809436,3315,525,1484,183,944,157,1632,437,294,186,325,113,467,164,200,138,703,225,469,277,684,230,30,35,1902,350,3306,525,0,19,0,14,69,62,83,55,382,110,55.0,11.3,23.1,11.9,34.4,10.5,18.4,6.1,6.7,4.4,21.2,7.1,14.1,8.1,23.0,7.1,3.2,3.7,59.0,5.7,99.7,1.2,0.0,1.3,0.0,3.1,7.3,6.5,8.8,5.7,11.5,2.8,0.338,0.7874,0.8808,0.364,0.5434,2.9136,0.705,0.5135,0.1907,0.551,0.117,0.3814,1.7536,0.1258,0.4886,0.4886,0.4886,0.0,0.0,0.9556,0.2082,0.9848,2.1486,0.5857,7.3044,0.4751,0,0,0,0,0,0,0,0,0,0,0,0,0,0,0,0,1,0,1,2,2,2145,626,719,0,14,3306,524,0,14,0,14,0,14,0,14,0,14,21.3,3.7,0.0,1.4,99.7,0.4,0.0,1.4,0.0,1.4,0.0,1.4,0.0,1.4,0.0,1.4
72,Puerto Rico,PR,72119,Río Grande,72119130701,"Census Tract 1307.01, Río Grande Municipio, Puerto Rico",14.222699218974,3544,923,1969,249,1242,256,2098,710,119,95,461,185,1075,472,344,226,991,363,539,291,1019,415,0,19,2727,741,3544,923,0,19,25,39,44,54,202,122,15,26,59.5,12.8,7.6,5.6,37.1,12.8,38.1,13.2,9.7,6.1,28.0,8.2,15.2,7.2,28.9,10.6,0.0,1.5,78.9,6.1,100.0,0.0,0.0,1.0,1.3,2.0,3.5,4.3,16.3,9.1,0.4,0.7,0.429,0.1974,0.9187,0.9187,0.8037,3.2675,0.8482,0.857,0.2622,0.8297,0.0,0.9014,2.8503,0.7028,0.5536,0.5536,0.5536,0.0,0.9306,0.6793,0.6291,0.5688,2.8078,0.8482,9.4792,0.898,0,0,1,1,0,2,0,0,0,0,1,1,0,0,0,1,0,0,0,1,4,2620,1237,1196,0,14,3544,923,0,14,0,14,0,14,0,14,0,14,35.1,9.2,0.0,1.3,100.0,1.3,0.0,1.3,0.0,1.3,0.0,1.3,0.0,1.3,0.0,1.3
72,Puerto Rico,PR,72119,Río Grande,72119130703,"Census Tract 1307.03, Río Grande Municipio, Puerto Rico",1.644668264646,3538,965,1262,234,954,231,2142,903,634,354,176,119,621,304,548,315,582,277,443,198,956,339,134,109,2439,774,3538,965,0,19,28,44,34,57,106,85,38,16,60.5,19.5,36.2,10.8,18.4,11.7,24.3,10.9,15.5,7.7,16.4,8.2,12.5,4.4,27.0,8.8,14.0,10.9,72.7,12.0,100.0,0.0,0.0,1.5,2.2,3.5,3.6,5.9,11.1,8.8,1.1,0.3,0.4496,0.949,0.2589,0.5753,0.9588,3.1916,0.8189,0.1993,0.1257,0.7549,0.8472,0.7606,2.6877,0.6009,0.5536,0.5536,0.5536,0.0,0.9826,0.688,0.3406,0.7746,2.7858,0.8395,9.2187,0.8655,0,1,0,0,1,2,0,0,0,0,0,0,0,0,0,1,0,0,0,1,3,1072,540,1411,0,14,3538,965,0,14,0,14,0,14,0,14,0,14,15.4,4.3,0.0,1.3,100.0,1.3,0.0,1.3,0.0,1.3,0.0,1.3,0.0,1.3,0.0,1.3
72,Puerto Rico,PR,72119,Río Grande,72119130704,"Census Tract 1307.04, Río Grande Municipio, Puerto Rico",3.407037021278,3805,543,1842,169,1342,176,2628,561,579,262,340,125,509,192,354,212,667,202,692,223,694,187,141,73,2400,425,3794,540,19,33,0,14,48,55,158,75,14,34,69.1,11.0,30.1,9.6,25.3,8.7,19.5,6.5,9.3,5.2,17.5,5.0,18.2,5.3,18.2,4.7,10.5,5.3,65.5,6.9,99.7,20.1,1.0,1.8,0.0,2.5,3.6,4.1,11.8,5.1,0.4,0.9,0.6479,0.9024,0.5894,0.3944,0.7777,3.3118,0.8557,0.2698,0.4951,0.2863,0.675,0.5406,2.2668,0.3525,0.4886,0.4886,0.4886,0.4464,0.0,0.688,0.3774,0.5688,2.0806,0.5553,8.1478,0.6898,0,1,0,0,0,1,0,0,0,0,0,0,0,0,0,0,0,0,0,0,1,3503,909,755,0,14,3794,539,0,14,0,14,0,14,0,14,0,14,24.0,3.4,0.0,1.2,99.7,0.5,0.0,1.2,0.0,1.2,0.0,1.2,0.0,1.2,0.0,1.2
72,Puerto Rico,PR,72121,Sabana Grande,72121960300,"Census Tract 9603, Sabana Grande Municipio, Puerto Rico",21.512243202654,5055,1107,2559,276,1464,263,3857,1103,266,248,298,167,840,295,336,197,901,246,1266,571,1564,455,118,115,2650,609,5027,1106,10,26,24,38,35,57,242,120,0,20,76.3,14.0,17.8,15.7,20.4,10.8,27.3,8.5,6.6,3.4,17.8,5.5,25.0,9.9,30.9,7.4,8.1,7.7,56.3,3.6,99.4,2.2,0.4,1.0,0.9,1.5,2.4,3.9,16.5,7.6,0.0,0.4,0.8256,0.6388,0.3424,0.6663,0.5315,3.0046,0.7527,0.2882,0.9047,0.8883,0.5146,0.3218,2.9176,0.7299,0.3694,0.3694,0.3694,0.3824,0.8633,0.5309,0.6345,0.0,2.4111,0.705,8.7027,0.8037,0,0,0,0,0,0,0,1,0,0,0,1,0,0,0,0,0,0,0,0,1,4438,2404,1387,0,20,5027,1105,0,20,0,20,0,20,0,20,0,20,47.6,10.4,0.0,0.9,99.4,0.9,0.0,0.9,0.0,0.9,0.0,0.9,0.0,0.9,0.0,0.9
72,Puerto Rico,PR,72121,Sabana Grande,72121960400,"Census Tract 9604, Sabana Grande Municipio, Puerto Rico",0.576452988714,4806,736,2015,188,1647,197,2526,568,508,267,402,126,515,173,235,141,916,189,961,328,1303,344,161,86,2708,508,4806,736,0,19,0,14,13,25,76,54,0,14,52.6,8.6,22.6,9.7,24.4,7.1,15.0,4.7,4.9,2.9,19.1,3.9,20.0,6.1,27.1,5.9,9.8,5.1,56.7,6.2,100.0,0.0,0.0,0.9,0.0,2.3,0.8,1.5,4.6,3.2,0.0,0.3,0.2871,0.7766,0.5428,0.2438,0.3156,2.1659,0.3601,0.3684,0.6414,0.7592,0.6327,0.3304,2.7321,0.6345,0.5536,0.5536,0.5536,0.0,0.0,0.2405,0.0542,0.0,0.2947,0.0065,5.7463,0.1692,0,0,0,0,0,0,0,0,0,0,0,0,0,0,0,0,0,0,0,0,0,3338,1989,1000,0,14,4806,736,0,14,0,14,0,14,0,14,0,14,41.4,6.3,0.0,1.0,100.0,1.0,0.0,1.0,0.0,1.0,0.0,1.0,0.0,1.0,0.0,1.0
72,Puerto Rico,PR,72121,Sabana Grande,72121960500,"Census Tract 9605, Sabana Grande Municipio, Puerto Rico",0.203743708788,1095,344,750,104,411,65,849,327,102,77,98,54,314,164,108,83,407,98,225,165,361,114,17,24,690,229,1095,345,20,27,0,14,11,22,149,58,4,3,77.5,17.3,30.8,19.8,23.8,12.6,39.9,13.5,9.9,7.3,37.2,12.3,20.5,13.6,33.0,11.2,4.1,5.8,68.2,11.8,100.0,2.4,2.7,3.6,0.0,6.1,2.7,5.3,36.3,13.2,0.4,0.2,0.8483,0.91,0.5168,0.9404,0.8167,4.0322,0.9729,0.9881,0.6869,0.9317,0.1788,0.6262,3.4117,0.9306,0.5536,0.5536,0.5536,0.5645,0.0,0.5872,0.9382,0.5688,2.6587,0.8156,10.6562,0.9772,0,1,0,1,0,2,1,0,1,0,0,2,0,0,0,0,0,1,0,1,5,2368,759,393,1,3,1094,344,0,14,0,14,0,14,0,14,0,14,69.6,21.9,0.1,0.3,99.9,0.3,0.0,4.2,0.0,4.2,0.0,4.2,0.0,4.2,0.0,4.2
72,Puerto Rico,PR,72121,Sabana Grande,72121960600,"Census Tract 9606, Sabana Grande Municipio, Puerto Rico",0.759418618372,2973,534,1226,127,901,113,2043,456,279,118,189,70,296,86,91,74,661,132,667,277,950,289,73,59,1719,398,2953,529,146,84,0,14,4,15,84,50,4,6,68.7,9.1,28.5,11.8,21.0,7.3,14.1,3.9,3.1,2.3,22.2,5.1,22.4,8.4,32.0,8.0,8.1,6.5,61.7,8.7,99.3,25.2,11.9,6.7,0.0,3.8,0.4,1.7,9.3,5.3,0.1,0.2,0.6381,0.8905,0.3814,0.2102,0.1085,2.2287,0.3905,0.5915,0.8017,0.91,0.5146,0.4475,3.2653,0.8807,0.3402,0.3402,0.3402,0.7801,0.0,0.2113,0.244,0.4334,1.6688,0.3536,7.503,0.5401,0,0,0,0,0,0,0,0,1,0,0,1,0,0,0,0,0,0,0,0,1,3052,1242,725,0,14,2948,529,5,8,0,14,0,14,0,14,0,14,41.8,7.5,0.0,1.6,99.2,0.9,0.2,0.3,0.0,1.6,0.0,1.6,0.0,1.6,0.0,1.6
72,Puerto Rico,PR,72121,Sabana Grande,72121960700,"Census Tract 9607, Sabana Grande Municipio, Puerto Rico",7.5802440405,4636,695,2072,185,1491,180,2806,550,176,130,238,83,1168,255,272,147,1351,214,647,272,1741,283,79,62,3233,629,4594,699,17,30,0,14,56,47,219,97,57,75,60.8,7.7,10.5,7.4,16.0,5.2,31.1,7.3,5.9,3.2,29.1,5.3,14.0,5.5,37.7,7.0,5.3,4.1,71.4,8.7,99.1,2.6,0.8,1.4,0.0,2.3,3.8,3.1,14.7,6.2,1.2,1.6,0.4583,0.3427,0.1853,0.7855,0.4458,2.2176,0.3872,0.8787,0.1842,0.9805,0.2784,0.7107,3.0325,0.7896,0.2914,0.2914,0.2914,0.4171,0.0,0.7194,0.5358,0.7952,2.4675,0.7332,8.009,0.6551,0,0,0,0,0,0,0,0,1,0,0,1,0,0,0,0,0,0,0,0,1,4339,2962,840,0,14,4580,698,0,14,0,14,0,14,0,14,14,23,64.7,9.7,0.0,1.0,98.8,1.5,0.0,1.0,0.0,1.0,0.0,1.0,0.0,1.0,0.3,0.5
72,Puerto Rico,PR,72121,Sabana Grande,72121960800,"Census Tract 9608, Sabana Grande Municipio, Puerto Rico",5.680884363758,3575,743,2201,188,1149,206,2235,585,104,86,150,79,924,312,302,207,850,219,419,219,1100,317,0,19,1986,449,3542,729,0,19,0,14,32,25,143,83,123,95,64.4,9.9,9.7,7.2,13.1,6.5,34.2,7.8,8.7,5.4,23.8,5.3,11.7,5.6,31.7,7.4,0.0,1.7,58.1,6.4,99.1,29.0,0.0,0.9,0.0,2.1,2.8,2.1,12.4,6.6,3.4,2.6,0.5406,0.3134,0.0997,0.857,0.7321,2.5428,0.5423,0.6923,0.0964,0.9046,0.0,0.3673,2.0606,0.2549,0.2914,0.2914,0.2914,0.0,0.0,0.5991,0.4121,0.9415,1.9527,0.4826,6.8475,0.3742,0,0,0,0,0,0,0,0,1,0,0,1,0,0,0,0,0,0,1,1,2,2112,1617,909,0,14,3542,729,0,14,0,14,0,14,0,14,0,14,46.8,10.0,0.0,1.3,99.1,1.5,0.0,1.3,0.0,1.3,0.0,1.3,0.0,1.3,0.0,1.3
72,Puerto Rico,PR,72123,Salinas,72123952600,"Census Tract 9526, Salinas Municipio, Puerto Rico",14.21888955054,2885,452,1353,169,1165,169,2323,384,114,84,199,104,981,229,196,127,940,209,263,168,938,210,52,52,2330,427,2866,445,0,19,16,26,0,19,162,91,2,3,80.5,4.3,14.2,9.8,17.1,8.6,41.3,7.4,6.8,4.3,32.6,6.5,9.1,5.6,32.5,7.1,4.5,4.4,80.8,7.7,99.3,21.9,0.0,1.4,1.2,1.9,0.0,1.6,13.9,7.3,0.1,0.1,0.9025,0.5054,0.2134,0.9588,0.5597,3.1398,0.7972,0.9491,0.0347,0.9197,0.2156,0.9285,3.0476,0.7972,0.3402,0.3402,0.3402,0.0,0.9132,0.0,0.4935,0.4334,1.8401,0.4295,8.3677,0.7375,1,0,0,1,0,2,1,0,1,0,1,3,0,0,0,1,0,0,0,1,6,1653,1753,594,0,14,2866,444,0,14,0,14,0,14,0,14,0,14,60.8,9.5,0.0,1.6,99.3,1.0,0.0,1.6,0.0,1.6,0.0,1.6,0.0,1.6,0.0,1.6
72,Puerto Rico,PR,72123,Salinas,72123952700,"Census Tract 9527, Salinas Municipio, Puerto Rico",26.954261703092,1902,415,1230,133,782,119,1440,363,15,18,187,82,387,133,145,75,378,115,351,156,578,192,34,33,1530,308,1902,416,0,19,8,13,47,43,115,55,0,14,75.7,9.6,3.2,3.9,23.9,9.8,27.7,7.7,7.6,3.7,19.9,6.3,18.5,7.1,30.4,7.8,4.3,4.2,82.4,24.3,100.0,1.5,0.0,1.5,0.7,1.0,6.0,5.4,14.7,6.8,0.0,0.7,0.8104,0.0466,0.5222,0.6826,0.6421,2.7039,0.6204,0.4269,0.5244,0.8807,0.195,0.9502,2.9772,0.7625,0.5536,0.5536,0.5536,0.0,0.8275,0.9025,0.5358,0.0,2.2658,0.6388,8.5005,0.7636,0,0,0,0,0,0,0,0,0,0,1,1,0,0,0,0,1,0,0,1,2,8611,925,512,0,14,1902,415,0,14,0,14,0,14,0,14,0,14,48.6,10.6,0.0,2.5,100.0,2.5,0.0,2.5,0.0,2.5,0.0,2.5,0.0,2.5,0.0,2.5
72,Puerto Rico,PR,72123,Salinas,72123952800,"Census Tract 9528, Salinas Municipio, Puerto Rico",7.917701821724,5830,932,2593,296,2176,296,4261,889,167,144,492,206,1072,344,262,203,887,255,1349,450,1358,396,267,155,4039,765,5830,933,0,28,0,20,57,58,168,102,43,28,73.6,9.7,8.9,7.4,22.6,9.0,27.4,8.1,4.5,3.4,15.2,4.3,23.1,6.8,23.5,6.0,12.3,6.9,72.4,6.8,100.0,0.7,0.0,1.1,0.0,1.8,2.6,2.6,7.7,4.6,0.7,0.5,0.7627,0.2592,0.455,0.6696,0.2592,2.4057,0.4772,0.1408,0.8375,0.577,0.779,0.7432,3.0775,0.8124,0.5536,0.5536,0.5536,0.0,0.0,0.5666,0.1562,0.6956,1.4184,0.2354,7.4552,0.5271,0,0,0,0,0,0,0,0,0,0,0,0,0,0,0,0,0,0,0,0,0,3805,2971,1286,0,20,5830,932,0,20,0,20,0,20,0,20,0,20,51.3,8.3,0.0,0.8,100.0,0.8,0.0,0.8,0.0,0.8,0.0,0.8,0.0,0.8,0.0,0.8
72,Puerto Rico,PR,72123,Salinas,72123952901,"Census Tract 9529.01, Salinas Municipio, Puerto Rico",5.163010770484,3938,922,1970,270,1274,276,2796,837,114,94,158,85,558,268,431,301,623,256,763,311,829,349,85,84,2319,596,3938,909,12,22,0,14,117,94,201,101,60,68,72.0,13.0,9.7,7.5,12.4,6.1,23.0,10.8,11.0,7.0,15.8,6.6,19.4,6.5,21.1,8.0,6.7,6.4,64.2,5.7,100.0,32.9,0.6,1.1,0.0,2.4,9.2,7.1,15.8,7.4,1.5,1.7,0.727,0.3134,0.0867,0.5287,0.8644,2.5202,0.5304,0.169,0.5991,0.4425,0.3933,0.493,2.0969,0.2766,0.5536,0.5536,0.5536,0.3944,0.0,0.9816,0.602,0.8375,2.8155,0.8514,7.9862,0.6497,0,0,0,0,0,0,0,0,0,0,0,0,0,0,0,0,1,0,0,1,1,2614,1553,1234,66,74,3850,906,18,27,4,8,0,14,0,14,0,14,40.0,9.6,1.7,1.9,97.8,2.0,0.5,0.7,0.1,0.2,0.0,1.2,0.0,1.2,0.0,1.2
72,Puerto Rico,PR,72123,Salinas,72123952902,"Census Tract 9529.02, Salinas Municipio, Puerto Rico",6.050250386466,3861,806,1686,229,1264,235,1981,625,0,14,440,167,322,188,20,32,509,162,1076,366,558,257,275,150,2299,579,3861,806,141,88,0,14,15,27,116,78,0,14,51.3,12.1,0.0,3.0,34.8,11.5,13.3,7.9,0.5,0.8,13.2,4.2,27.9,7.5,14.5,6.0,21.8,11.2,63.2,8.0,100.0,0.0,8.4,5.1,0.0,2.8,1.2,2.1,9.2,5.8,0.0,0.4,0.2654,0.0,0.8884,0.1907,0.0087,1.3532,0.0597,0.0758,0.9567,0.1508,0.961,0.4724,2.6167,0.5597,0.5536,0.5536,0.5536,0.7389,0.0,0.3174,0.2386,0.0,1.2949,0.1898,5.8184,0.18,0,0,0,0,0,0,0,1,0,1,0,2,0,0,0,0,0,0,0,0,2,2327,1090,1059,0,14,3861,806,0,14,0,14,0,14,0,14,0,14,28.2,5.9,0.0,1.2,100.0,1.2,0.0,1.2,0.0,1.2,0.0,1.2,0.0,1.2,0.0,1.2
72,Puerto Rico,PR,72123,Salinas,72123953000,"Census Tract 9530, Salinas Municipio, Puerto Rico",0.353870977244,2682,534,1263,164,1006,164,1572,453,10,16,158,74,526,188,156,124,839,203,459,259,828,271,110,72,1510,388,2682,535,56,50,0,14,0,19,275,105,0,14,59.0,12.3,1.5,2.6,15.7,6.9,25.1,7.4,5.8,4.6,31.3,7.4,17.1,9.0,30.9,9.1,10.9,6.9,58.6,10.2,100.0,1.2,4.4,3.9,0.0,3.7,0.0,1.9,27.3,9.7,0.0,0.5,0.4171,0.0184,0.1712,0.6078,0.4273,1.6418,0.128,0.935,0.3976,0.8883,0.7031,0.3727,3.2967,0.8937,0.5536,0.5536,0.5536,0.6295,0.0,0.0,0.8612,0.0,1.4907,0.2744,6.9828,0.3991,0,0,0,0,0,0,1,0,0,0,0,1,0,0,0,0,0,0,0,0,1,1448,1352,683,0,14,2682,534,0,14,0,14,0,14,0,14,0,14,50.4,10.0,0.0,1.8,100.0,1.8,0.0,1.8,0.0,1.8,0.0,1.8,0.0,1.8,0.0,1.8
72,Puerto Rico,PR,72123,Salinas,72123953100,"Census Tract 9531, Salinas Municipio, Puerto Rico",0.3352523666,2355,419,921,103,741,103,1714,428,36,30,151,69,198,75,109,78,548,114,642,227,585,132,118,62,1663,370,2355,420,73,41,0,14,12,24,146,57,0,14,72.8,12.7,5.5,4.7,20.4,8.9,12.7,4.2,4.6,3.1,23.3,6.1,27.3,8.3,24.8,5.5,15.9,8.1,73.3,9.9,100.0,1.2,7.9,4.4,0.0,5.0,1.6,3.2,19.7,7.1,0.0,0.6,0.7421,0.115,0.3424,0.1723,0.2722,1.644,0.1312,0.6587,0.9512,0.6367,0.8895,0.7779,3.914,0.9924,0.5536,0.5536,0.5536,0.7281,0.0,0.3922,0.7397,0.0,1.86,0.4349,7.9716,0.6464,0,0,0,0,0,0,0,1,0,0,0,1,0,0,0,0,0,0,0,0,1,1105,816,573,0,14,2355,419,0,14,0,14,0,14,0,14,0,14,34.6,6.2,0.0,2.0,100.0,2.0,0.0,2.0,0.0,2.0,0.0,2.0,0.0,2.0,0.0,2.0
72,Puerto Rico,PR,72123,Salinas,72123953200,"Census Tract 9532, Salinas Municipio, Puerto Rico",8.410682260751999,4185,679,2213,204,1565,211,2967,660,45,57,344,124,942,291,536,260,690,169,902,322,885,236,260,119,2699,574,4185,678,0,19,0,14,20,33,262,109,0,14,70.9,10.8,3.2,4.0,22.0,7.3,31.4,7.2,12.8,5.4,16.5,3.8,21.6,6.8,21.1,5.4,16.6,7.3,66.6,8.8,100.0,22.9,0.0,0.9,0.0,2.1,1.3,2.1,16.7,6.6,0.0,0.3,0.6999,0.0466,0.4312,0.7941,0.9187,2.8905,0.6941,0.2059,0.7519,0.4425,0.9014,0.571,2.8727,0.7126,0.5536,0.5536,0.5536,0.0,0.0,0.3326,0.6399,0.0,0.9725,0.09,7.2893,0.4718,0,0,0,0,1,1,0,0,0,1,0,1,0,0,0,0,0,0,0,0,2,3712,1637,885,0,14,4176,678,0,14,0,14,0,14,9,15,0,14,39.1,6.3,0.0,1.1,99.8,0.4,0.0,1.1,0.0,1.1,0.0,1.1,0.2,0.4,0.0,1.1
72,Puerto Rico,PR,72125,San Germán,72125840100,"Census Tract 8401, San Germán Municipio, Puerto Rico",17.974562392044,4060,617,2104,183,1523,184,2949,522,99,81,63,47,987,192,189,84,926,201,812,234,425,146,47,43,2785,446,4008,631,0,19,0,14,30,36,315,118,0,14,73.0,6.5,9.0,7.1,4.1,3.0,33.2,6.3,4.7,2.0,22.8,5.7,20.0,4.9,10.5,3.6,3.1,2.8,71.1,3.8,98.7,4.1,0.0,0.9,0.0,2.2,2.0,2.4,20.7,6.9,0.0,0.3,0.7508,0.2614,0.0065,0.831,0.2809,2.1306,0.3373,0.6316,0.6414,0.0586,0.1083,0.7053,2.1452,0.2961,0.2221,0.2221,0.2221,0.0,0.0,0.4778,0.7549,0.0,1.2327,0.1714,5.7306,0.1659,0,0,0,0,0,0,0,0,0,0,0,0,0,0,0,0,0,0,0,0,0,2855,2703,809,0,14,4008,631,0,14,0,14,0,14,0,14,0,14,66.6,10.1,0.0,1.2,98.7,1.7,0.0,1.2,0.0,1.2,0.0,1.2,0.0,1.2,0.0,1.2
72,Puerto Rico,PR,72125,San Germán,72125840200,"Census Tract 8402, San Germán Municipio, Puerto Rico",13.422891242586,6172,781,2908,251,2105,246,4242,875,48,80,250,125,1702,449,293,181,1331,331,1268,385,651,264,83,80,4541,816,6124,783,0,28,0,20,71,68,255,132,12,29,68.9,11.2,2.6,4.4,11.9,5.8,38.8,8.8,4.8,2.9,21.6,5.5,20.5,5.7,10.6,4.4,3.9,3.8,77.2,9.8,99.2,1.8,0.0,1.0,0.0,1.6,3.4,3.2,12.1,6.0,0.2,0.5,0.6425,0.0315,0.0758,0.9285,0.2972,1.9755,0.257,0.5493,0.6869,0.0597,0.1668,0.8646,2.3273,0.3818,0.3218,0.3218,0.3218,0.0,0.0,0.6663,0.3926,0.4735,1.5324,0.295,6.157,0.2299,0,0,0,1,0,1,0,0,0,0,0,0,0,0,0,0,0,0,0,0,1,3591,3369,1086,0,20,6124,782,0,20,0,20,0,20,0,20,0,20,54.7,6.9,0.0,0.8,99.2,1.3,0.0,0.8,0.0,0.8,0.0,0.8,0.0,0.8,0.0,0.8
72,Puerto Rico,PR,72125,San Germán,72125840300,"Census Tract 8403, San Germán Municipio, Puerto Rico",6.798874751224,3966,545,2212,201,1551,183,2558,492,50,52,300,110,1151,278,161,143,1238,235,597,207,446,151,115,76,2840,454,3939,546,28,32,0,14,52,51,238,105,0,14,64.5,8.7,6.6,7.1,19.3,6.7,37.0,6.7,4.1,3.5,31.2,5.6,15.1,4.8,11.2,3.6,7.4,4.8,74.8,6.4,99.3,1.8,1.3,1.4,0.0,2.1,3.4,3.3,15.3,6.5,0.0,0.4,0.546,0.154,0.2893,0.9014,0.2082,2.0989,0.321,0.9296,0.2579,0.0716,0.4475,0.8147,2.5213,0.4978,0.3402,0.3402,0.3402,0.4832,0.0,0.6663,0.577,0.0,1.7265,0.3785,6.6869,0.3384,0,0,0,1,0,1,1,0,0,0,0,1,0,0,0,0,0,0,0,0,2,2198,2353,738,0,14,3939,545,0,14,0,14,0,14,0,14,0,14,59.3,8.2,0.0,1.2,99.3,0.8,0.0,1.2,0.0,1.2,0.0,1.2,0.0,1.2,0.0,1.2
72,Puerto Rico,PR,72125,San Germán,72125840400,"Census Tract 8404, San Germán Municipio, Puerto Rico",2.633615641672,5342,788,2324,251,2002,258,3813,698,126,92,535,188,645,250,273,145,1204,260,1168,319,517,223,125,86,2801,577,5266,779,58,56,0,20,34,36,481,170,3,6,71.4,7.7,10.2,7.7,26.7,8.7,18.1,6.8,5.1,2.6,22.5,4.9,21.9,5.0,9.7,4.5,6.2,4.2,55.5,8.0,98.6,1.1,2.5,2.4,0.0,2.0,1.7,1.8,24.0,7.7,0.1,0.1,0.7096,0.3373,0.6533,0.3564,0.3384,2.395,0.4696,0.6067,0.7703,0.0488,0.3564,0.3034,2.0856,0.2679,0.2048,0.2048,0.2048,0.558,0.0,0.4139,0.8091,0.4334,2.2144,0.615,6.8998,0.3839,0,0,0,0,0,0,0,0,0,0,0,0,0,0,0,0,0,0,0,0,0,3884,2009,1159,0,20,5266,778,0,20,0,20,0,20,0,20,0,20,37.6,5.5,0.0,0.9,98.6,1.8,0.0,0.9,0.0,0.9,0.0,0.9,0.0,0.9,0.0,0.9
72,Puerto Rico,PR,72125,San Germán,72125840500,"Census Tract 8405, San Germán Municipio, Puerto Rico",2.092671295592,4013,675,1884,206,1373,209,2193,556,123,79,343,124,402,188,198,118,866,205,791,267,303,118,139,73,1842,412,3990,679,260,80,0,14,24,28,220,82,523,173,62.8,10.9,11.6,6.5,25.0,8.2,16.8,6.2,4.9,2.6,21.6,4.7,19.7,5.8,7.6,3.0,10.1,5.1,47.6,6.8,99.4,2.6,13.8,4.0,0.0,2.5,1.7,2.0,16.0,6.0,13.0,3.7,0.5005,0.3839,0.5753,0.3109,0.3156,2.0862,0.3167,0.5493,0.6241,0.0239,0.6555,0.1853,2.0381,0.244,0.3694,0.3694,0.3694,0.7996,0.0,0.4139,0.6128,0.987,2.8133,0.8503,7.307,0.4761,0,0,0,0,0,0,0,0,0,0,0,0,0,0,0,0,0,0,1,1,1,12515,1544,829,0,14,3972,678,8,13,10,21,0,14,0,14,0,14,44.2,8.1,0.0,1.2,99.0,0.9,0.2,0.3,0.2,0.5,0.0,1.2,0.0,1.2,0.0,1.2
72,Puerto Rico,PR,72125,San Germán,72125840600,"Census Tract 8406, San Germán Municipio, Puerto Rico",9.841665462314,4013,573,2044,186,1475,177,3002,547,89,72,232,92,936,211,92,58,837,176,716,240,545,248,36,42,2553,476,3991,569,0,19,0,14,51,40,227,97,18,43,75.1,8.7,7.3,5.9,15.7,5.9,32.4,5.8,2.3,1.5,20.9,4.5,17.8,5.4,13.6,6.0,2.4,2.8,65.7,8.1,99.5,20.1,0.0,0.9,0.0,2.3,3.5,2.7,15.4,6.3,0.4,1.1,0.7963,0.1779,0.1712,0.8147,0.0521,2.0122,0.2787,0.4962,0.4626,0.1291,0.0748,0.5439,1.7066,0.1139,0.4193,0.4193,0.4193,0.0,0.0,0.6793,0.5835,0.5688,1.8316,0.4262,5.9697,0.1985,0,0,0,0,0,0,0,0,0,0,0,0,0,0,0,0,0,0,0,0,0,2494,2201,709,0,14,3991,568,0,14,0,14,0,14,0,14,0,14,55.1,7.8,0.0,1.2,99.5,0.9,0.0,1.2,0.0,1.2,0.0,1.2,0.0,1.2,0.0,1.2
72,Puerto Rico,PR,72125,San Germán,72125840700,"Census Tract 8407, San Germán Municipio, Puerto Rico",1.732095271016,3245,416,2197,177,1521,169,2317,388,58,41,353,105,622,213,261,124,1191,232,305,143,456,168,39,38,1791,356,3231,423,119,64,0,14,8,19,405,105,64,45,72.8,7.7,8.4,5.7,23.2,6.4,23.4,6.8,8.2,3.7,36.7,6.9,9.4,4.2,14.3,4.8,2.6,2.5,56.7,8.7,99.6,2.6,5.4,2.9,0.0,2.1,0.5,1.2,26.6,6.2,2.0,1.4,0.7421,0.2289,0.4778,0.5406,0.7072,2.6966,0.615,0.9859,0.0368,0.1453,0.0823,0.3304,1.5807,0.09,0.4594,0.4594,0.4594,0.6631,0.0,0.2134,0.8503,0.8873,2.6141,0.7993,7.3508,0.4924,0,0,0,0,0,0,1,0,0,0,0,1,0,0,0,0,0,0,0,0,1,3222,1597,568,0,14,3212,421,0,14,0,14,0,14,0,14,19,29,50.2,6.5,0.0,1.5,99.0,1.1,0.0,1.5,0.0,1.5,0.0,1.5,0.0,1.5,0.6,0.9
72,Puerto Rico,PR,72127,San Juan,72127000400,"Census Tract 4, San Juan Municipio, Puerto Rico",0.045242660156,1449,301,1072,117,735,114,945,279,102,90,258,94,238,95,170,97,210,68,160,101,160,69,38,37,535,206,1435,304,212,87,0,14,44,41,324,88,0,14,65.2,13.7,14.1,10.6,35.1,11.6,21.6,7.9,11.7,6.8,14.5,4.5,11.0,6.6,11.0,4.7,5.2,5.0,38.2,12.7,99.0,4.2,19.8,7.8,0.0,4.3,6.0,5.5,44.1,10.7,0.0,1.0,0.5623,0.4989,0.8949,0.4854,0.8872,3.3287,0.8601,0.1094,0.078,0.0672,0.2719,0.0943,0.6208,0.0043,0.2774,0.2774,0.2774,0.8494,0.0,0.9025,0.9675,0.0,2.7194,0.8275,6.9463,0.3915,0,0,0,0,0,0,0,0,0,0,0,0,0,0,0,0,1,1,0,2,2,1216,485,415,0,14,1425,303,0,14,0,14,0,14,10,15,0,14,33.5,7.0,0.0,3.2,98.3,1.9,0.0,3.2,0.0,3.2,0.0,3.2,0.7,1.0,0.0,3.2
72,Puerto Rico,PR,72127,San Juan,72127000506,"Census Tract 5.06, San Juan Municipio, Puerto Rico",0.151304107352,2006,360,1480,137,995,141,691,224,78,55,370,128,119,61,294,161,441,122,265,149,168,73,15,27,308,133,1781,346,403,99,0,14,58,51,479,119,61,61,34.5,9.3,7.8,5.1,37.2,11.7,7.1,3.6,14.8,7.6,22.0,6.8,13.2,7.0,8.5,4.1,1.5,2.7,16.1,6.4,88.8,6.6,27.2,6.2,0.0,3.2,5.8,5.1,48.1,9.6,3.0,3.0,0.0726,0.2082,0.9209,0.0607,0.9458,2.2082,0.3785,0.5785,0.1484,0.0315,0.0423,0.0119,0.8126,0.0076,0.0076,0.0076,0.0076,0.8982,0.0,0.896,0.9772,0.9307,3.7021,0.9892,6.7305,0.3449,0,0,1,0,1,2,0,0,0,0,0,0,0,0,0,0,0,1,1,2,4,5082,478,524,0,14,1781,345,0,14,0,14,0,14,0,14,0,14,24.6,4.8,0.0,2.3,88.8,5.8,0.0,2.3,0.0,2.3,0.0,2.3,0.0,2.3,0.0,2.3
72,Puerto Rico,PR,72127,San Juan,72127000600,"Census Tract 6, San Juan Municipio, Puerto Rico",0.268119653554,1497,276,920,91,648,92,783,235,125,94,162,65,134,59,32,33,366,104,289,142,357,92,60,51,638,196,1446,277,689,109,0,14,0,19,213,73,161,60,53.2,12.5,18.1,12.6,25.0,9.4,11.8,5.6,2.2,2.2,24.4,7.6,19.3,8.8,24.2,6.5,9.3,7.8,44.2,11.1,96.6,5.0,74.9,9.2,0.0,5.0,0.0,2.9,32.9,10.2,10.8,3.5,0.2947,0.6518,0.5753,0.143,0.0466,1.7114,0.1551,0.7226,0.5883,0.6095,0.5915,0.1419,2.6538,0.5803,0.0693,0.0693,0.0693,0.9816,0.0,0.0,0.9176,0.9837,2.8829,0.8709,7.3174,0.4783,0,0,0,0,0,0,0,0,0,0,0,0,0,0,1,0,0,1,1,3,3,5430,595,325,17,25,1429,275,0,14,0,14,0,14,0,14,0,14,44.5,8.9,1.1,1.7,95.5,3.4,0.0,3.1,0.0,3.1,0.0,3.1,0.0,3.1,0.0,3.1
72,Puerto Rico,PR,72127,San Juan,72127000700,"Census Tract 7, San Juan Municipio, Puerto Rico",0.321858874322,2625,649,1036,104,761,91,822,176,77,56,246,71,468,176,76,67,618,149,130,73,496,137,33,30,1275,451,2592,643,851,125,0,14,16,28,259,86,1253,628,50.9,8.4,12.1,8.6,32.3,8.5,21.1,5.0,4.7,4.1,23.5,7.5,5.0,2.5,30.7,7.5,4.3,3.9,49.5,12.3,98.7,2.1,82.1,8.8,0.0,4.5,2.1,3.7,34.0,10.5,47.7,20.8,0.26,0.41,0.8483,0.4648,0.2809,2.264,0.4067,0.6761,0.0076,0.885,0.195,0.2059,1.9696,0.205,0.2221,0.2221,0.2221,0.9935,0.0,0.4908,0.9252,0.9978,3.4073,0.9751,7.863,0.6215,0,0,0,0,0,0,0,0,0,0,0,0,0,0,1,0,0,1,1,3,3,6401,487,287,21,27,2571,642,0,14,0,14,0,14,0,14,0,14,35.5,5.1,0.8,1.1,97.9,1.5,0.0,1.8,0.0,1.8,0.0,1.8,0.0,1.8,0.0,1.8
72,Puerto Rico,PR,72127,San Juan,72127000900,"Census Tract 9, San Juan Municipio, Puerto Rico",0.192934783298,3071,485,2316,203,1612,194,393,204,60,53,499,184,65,47,74,66,862,199,317,180,378,145,32,38,271,137,2923,487,1967,252,0,14,14,25,125,88,0,14,12.8,6.3,3.8,3.4,31.0,10.8,2.5,1.8,2.4,2.1,28.1,7.0,10.3,5.6,12.3,4.6,2.0,2.3,9.0,4.3,95.2,5.0,84.9,7.9,0.0,2.0,0.9,1.5,7.8,5.3,0.0,0.5,0.0076,0.064,0.8137,0.0119,0.0575,0.9547,0.0195,0.8624,0.0553,0.0911,0.0553,0.0043,1.0684,0.0195,0.0401,0.0401,0.0401,0.9957,0.0,0.2622,0.1605,0.0,1.4184,0.2354,3.4816,0.0065,0,0,0,0,0,0,0,0,0,0,0,0,0,0,1,0,0,0,0,1,1,3721,726,656,0,14,2878,481,45,73,0,14,0,14,0,14,0,14,23.6,3.7,0.0,1.5,93.7,3.6,1.5,2.4,0.0,1.5,0.0,1.5,0.0,1.5,0.0,1.5
72,Puerto Rico,PR,72127,San Juan,72127001001,"Census Tract 10.01, San Juan Municipio, Puerto Rico",0.145175510306,2867,596,2607,295,1621,293,479,267,123,100,487,210,143,108,251,143,659,287,317,170,195,117,89,101,425,276,2605,581,2061,337,0,14,43,50,196,123,0,14,16.7,8.6,7.7,5.7,30.0,11.8,5.6,4.1,9.0,4.8,23.0,9.3,11.1,5.5,7.0,4.2,5.5,6.2,14.9,9.2,90.9,7.3,79.1,9.3,0.0,1.8,2.7,3.0,12.1,7.2,0.0,0.5,0.0141,0.205,0.779,0.0412,0.757,1.7963,0.1887,0.6468,0.0813,0.013,0.2969,0.0087,1.0467,0.0174,0.013,0.013,0.013,0.9892,0.0,0.5872,0.3926,0.0,1.969,0.4935,4.825,0.0629,0,0,0,0,0,0,0,0,0,0,0,0,0,0,1,0,0,0,0,1,1,3118,389,865,40,65,2565,577,0,14,0,14,0,14,0,14,0,14,13.6,2.8,1.4,2.3,89.5,5.8,0.0,1.6,0.0,1.6,0.0,1.6,0.0,1.6,0.0,1.6
72,Puerto Rico,PR,72127,San Juan,72127001002,"Census Tract 10.02, San Juan Municipio, Puerto Rico",0.0771045694,1832,450,1440,240,1036,207,172,124,44,50,356,183,0,14,144,110,355,126,212,146,64,59,43,72,85,85,1590,443,1008,221,0,14,0,19,24,38,0,14,9.4,6.4,4.8,5.6,34.4,16.3,0.0,3.4,8.1,6.0,19.4,7.2,11.6,7.4,3.6,3.3,4.2,6.9,5.0,4.8,86.8,11.4,70.0,10.0,0.0,3.2,0.0,1.8,2.3,3.7,0.0,0.8,0.0033,0.0965,0.8808,0.0,0.6974,1.678,0.1464,0.3889,0.0932,0.0022,0.1874,0.0011,0.6728,0.0065,0.0054,0.0054,0.0054,0.9794,0.0,0.0,0.0206,0.0,1.0,0.0998,3.3562,0.0033,0,0,0,0,0,0,0,0,0,0,0,0,0,0,1,0,0,0,0,1,1,1866,202,625,0,14,1590,442,0,14,0,14,0,14,0,14,0,14,11.0,2.7,0.0,2.6,86.8,9.2,0.0,2.6,0.0,2.6,0.0,2.6,0.0,2.6,0.0,2.6
72,Puerto Rico,PR,72127,San Juan,72127001100,"Census Tract 11, San Juan Municipio, Puerto Rico",0.126192805476,1631,307,1250,125,785,112,453,206,41,30,322,112,31,24,167,78,322,112,314,140,137,82,64,54,198,110,1356,273,446,105,0,14,29,28,84,59,43,54,28.0,11.6,5.0,3.6,41.0,13.0,2.6,1.9,10.4,5.2,19.7,6.8,19.3,7.8,8.6,4.9,8.2,6.8,12.8,6.7,83.1,6.0,35.7,7.6,0.0,3.7,3.7,3.5,10.7,7.4,2.6,3.3,0.0444,0.1041,0.9675,0.013,0.8362,1.9652,0.2516,0.4106,0.5883,0.0347,0.5255,0.0065,1.5656,0.0868,0.0033,0.0033,0.0033,0.9307,0.0,0.7064,0.32,0.9187,2.8758,0.8677,6.4099,0.2766,0,0,1,0,0,1,0,0,0,0,0,0,0,0,1,0,0,0,1,2,3,1124,136,438,0,14,1329,269,27,39,0,14,0,14,0,14,0,14,8.6,1.7,0.0,2.9,81.5,9.1,1.7,2.4,0.0,2.9,0.0,2.9,0.0,2.9,0.0,2.9
72,Puerto Rico,PR,72127,San Juan,72127001200,"Census Tract 12, San Juan Municipio, Puerto Rico",0.256823853442,1602,335,1370,155,849,152,466,187,40,45,229,100,12,19,162,114,449,142,267,170,292,120,30,34,271,128,1309,299,485,112,0,14,0,19,143,82,11,17,29.1,10.0,4.7,5.0,27.0,10.7,0.9,1.4,10.3,6.5,28.0,9.7,16.7,10.0,18.5,7.5,3.5,4.0,18.0,7.8,81.7,7.5,35.4,7.1,0.0,3.4,0.0,2.2,16.8,9.0,0.7,1.1,0.052,0.0922,0.6652,0.0043,0.8308,1.6445,0.1323,0.857,0.3673,0.3026,0.1398,0.0184,1.6851,0.1117,0.0022,0.0022,0.0022,0.9274,0.0,0.0,0.6464,0.6956,2.2694,0.641,5.6012,0.1497,0,0,0,0,0,0,0,0,0,0,0,0,0,0,1,0,0,0,0,1,1,1857,167,474,0,14,1285,295,24,39,0,14,0,14,0,14,0,14,10.5,2.2,0.0,2.9,80.2,7.9,1.5,2.4,0.0,2.9,0.0,2.9,0.0,2.9,0.0,2.9
72,Puerto Rico,PR,72127,San Juan,72127001301,"Census Tract 13.01, San Juan Municipio, Puerto Rico",0.075512670854,1926,356,970,111,824,114,1839,351,281,103,335,91,387,109,231,111,252,72,598,217,405,102,184,89,1579,282,1926,357,771,118,0,14,6,17,550,108,0,14,95.5,4.5,43.2,13.4,40.7,9.5,34.0,8.1,12.0,5.7,13.1,4.5,31.0,9.7,21.0,6.4,22.3,10.4,90.4,2.2,100.0,1.4,79.5,8.1,0.0,4.8,0.7,2.1,66.7,8.8,0.0,0.7,0.987,0.9772,0.961,0.8527,0.8937,4.6716,0.9978,0.0748,0.9827,0.4371,0.9642,0.9957,3.4545,0.9425,0.5536,0.5536,0.5536,0.9913,0.0,0.2264,0.9902,0.0,2.2079,0.6128,10.8876,0.9859,1,1,1,0,0,3,0,1,0,1,1,3,0,0,1,0,0,1,0,2,8,2855,782,479,0,14,1926,356,0,14,0,14,0,14,0,14,0,14,40.6,7.5,0.0,2.4,100.0,2.4,0.0,2.4,0.0,2.4,0.0,2.4,0.0,2.4,0.0,2.4
72,Puerto Rico,PR,72127,San Juan,72127001302,"Census Tract 13.02, San Juan Municipio, Puerto Rico",0.10453518599,4041,718,1929,241,1691,240,3962,721,776,240,579,170,562,151,223,136,257,97,1754,467,516,130,582,178,2713,522,4041,718,1578,270,0,14,50,59,1135,194,0,14,98.6,3.8,61.5,9.9,34.2,8.8,31.4,8.0,5.5,3.3,6.4,2.8,43.4,8.6,12.8,3.6,34.4,9.3,82.3,6.1,100.0,0.0,81.8,9.6,0.0,2.4,3.0,3.5,67.1,7.9,0.0,0.3,0.9967,0.9946,0.8776,0.7941,0.3861,4.0491,0.9751,0.0108,0.9978,0.1009,0.9946,0.9469,3.051,0.8004,0.5536,0.5536,0.5536,0.9924,0.0,0.6186,0.9924,0.0,2.6034,0.795,10.2571,0.9599,1,1,0,0,0,2,0,1,0,1,1,3,0,0,1,0,0,1,0,2,7,1712,1359,988,0,14,4041,718,0,14,0,14,0,14,0,14,0,14,33.6,6.0,0.0,1.2,100.0,1.2,0.0,1.2,0.0,1.2,0.0,1.2,0.0,1.2,0.0,1.2
72,Puerto Rico,PR,72127,San Juan,72127001400,"Census Tract 14, San Juan Municipio, Puerto Rico",0.060535774274,997,188,808,103,525,90,723,186,133,76,235,81,248,86,194,73,299,82,123,60,361,100,66,43,655,167,963,195,116,40,0,14,0,19,210,67,71,50,72.5,12.7,29.7,14.3,44.8,13.4,29.9,10.5,19.5,7.0,30.0,8.6,12.3,5.6,36.2,8.7,12.6,7.9,66.8,11.5,96.6,7.1,14.4,4.6,0.0,5.7,0.0,3.6,40.0,10.4,7.1,4.8,0.7356,0.9002,0.9892,0.7486,0.9848,4.3584,0.9902,0.8992,0.1159,0.9696,0.7909,0.5785,3.3541,0.9132,0.0693,0.0693,0.0693,0.8072,0.0,0.0,0.9566,0.9772,2.741,0.8319,10.5228,0.9718,0,1,1,0,1,3,0,0,1,0,0,1,0,0,0,0,0,1,1,2,6,565,366,246,0,14,963,192,0,14,0,14,0,14,0,14,0,14,39.5,7.9,0.0,4.6,96.6,4.3,0.0,4.6,0.0,4.6,0.0,4.6,0.0,4.6,0.0,4.6
72,Puerto Rico,PR,72127,San Juan,72127001500,"Census Tract 15, San Juan Municipio, Puerto Rico",0.102177647178,1925,342,1487,179,1122,160,1168,271,121,63,550,145,470,184,358,178,592,155,167,96,454,151,31,39,960,268,1827,347,457,123,0,14,43,50,359,112,20,44,60.7,9.0,13.0,6.9,49.0,10.9,27.5,9.1,18.6,7.8,30.8,7.8,8.7,4.7,23.6,7.0,2.8,3.5,50.4,11.0,94.9,6.4,30.7,7.4,0.0,3.1,3.8,4.4,32.0,9.0,1.0,2.3,0.4561,0.4469,0.9989,0.6739,0.9794,3.5552,0.9046,0.922,0.0303,0.5835,0.0953,0.2221,1.8532,0.1573,0.0368,0.0368,0.0368,0.9133,0.0,0.7194,0.91,0.7595,3.3022,0.9588,8.7474,0.808,0,0,1,0,1,2,1,0,0,0,0,1,0,0,1,0,0,1,0,2,5,1721,737,449,10,16,1727,315,90,142,0,14,0,14,0,14,0,14,38.7,6.9,0.5,0.8,89.7,7.6,4.7,7.2,0.0,2.4,0.0,2.4,0.0,2.4,0.0,2.4
72,Puerto Rico,PR,72127,San Juan,72127001600,"Census Tract 16, San Juan Municipio, Puerto Rico",0.129974674566,2418,422,1860,209,1396,216,423,179,39,36,454,168,119,64,153,89,472,143,232,119,358,151,79,61,399,171,2256,426,1310,199,0,14,50,39,167,85,17,28,17.6,6.8,2.6,2.3,32.5,10.9,6.0,3.2,6.4,3.6,19.5,6.1,9.6,4.6,14.9,5.9,5.7,4.3,16.7,6.5,93.3,6.7,70.4,7.2,0.0,2.5,3.6,2.7,12.0,6.0,0.7,1.2,0.0152,0.0315,0.8516,0.0488,0.5076,1.4547,0.0748,0.3987,0.0379,0.1649,0.3131,0.0152,0.9298,0.013,0.0217,0.0217,0.0217,0.9805,0.0,0.688,0.3872,0.6956,2.7513,0.8341,5.1575,0.09,0,0,0,0,0,0,0,0,0,0,0,0,0,0,1,0,0,0,0,1,1,2921,637,532,0,14,2197,419,59,76,0,14,0,14,0,14,0,14,26.5,4.6,0.0,1.9,90.9,6.8,2.4,3.1,0.0,1.9,0.0,1.9,0.0,1.9,0.0,1.9
72,Puerto Rico,PR,72127,San Juan,72127001800,"Census Tract 18, San Juan Municipio, Puerto Rico",0.17463779562,1990,387,1666,197,1159,166,756,345,64,61,355,123,281,135,117,72,621,167,248,161,481,190,45,51,526,264,1904,399,831,146,31,37,38,45,309,120,7,3,38.0,15.7,5.8,5.3,30.6,9.7,16.3,7.0,5.9,3.8,31.2,7.4,12.5,7.7,24.2,7.4,3.9,4.4,26.8,12.4,95.7,7.5,49.9,6.5,1.9,2.2,3.3,3.9,26.7,9.1,0.4,0.1,0.1008,0.128,0.7963,0.2936,0.4458,1.7645,0.1757,0.9296,0.1257,0.6095,0.1668,0.0466,1.8782,0.1638,0.0477,0.0477,0.0477,0.961,0.9685,0.6544,0.8525,0.5688,4.0052,0.9957,7.6956,0.5803,0,0,0,0,0,0,1,0,0,0,0,1,0,0,1,1,0,0,0,2,3,4388,510,499,0,14,1852,390,0,14,0,14,0,14,52,83,0,14,25.7,5.0,0.0,2.4,93.1,5.3,0.0,2.4,0.0,2.4,0.0,2.4,2.6,4.2,0.0,2.4
72,Puerto Rico,PR,72127,San Juan,72127001900,"Census Tract 19, San Juan Municipio, Puerto Rico",0.192999262332,3112,370,2397,195,1801,182,876,320,145,76,538,147,161,88,145,95,1094,218,269,125,364,123,87,62,251,118,3016,359,1807,222,0,14,24,29,308,96,0,14,28.1,9.7,8.8,5.0,29.9,7.6,5.9,3.1,4.7,3.0,35.2,6.6,8.6,3.9,11.7,3.8,4.8,3.4,8.2,3.7,96.9,0.6,75.4,6.9,0.0,2.0,1.3,1.6,17.1,5.2,0.0,0.4,0.0466,0.2549,0.7779,0.0477,0.2809,1.408,0.0683,0.9783,0.0271,0.0792,0.234,0.0033,1.3219,0.0401,0.078,0.078,0.078,0.9827,0.0,0.3326,0.6518,0.0,1.9671,0.4913,4.775,0.0564,0,0,0,0,0,0,1,0,0,0,0,1,0,0,1,0,0,0,0,1,2,2715,422,512,0,14,3016,358,0,14,0,14,0,14,0,14,0,14,13.6,1.6,0.0,1.5,96.9,1.8,0.0,1.5,0.0,1.5,0.0,1.5,0.0,1.5,0.0,1.5
72,Puerto Rico,PR,72127,San Juan,72127002002,"Census Tract 20.02, San Juan Municipio, Puerto Rico",0.052910645876,903,224,738,106,438,85,328,155,49,41,132,63,80,44,117,85,218,83,125,90,123,58,29,31,389,171,903,226,295,74,0,14,14,15,130,59,0,14,36.3,14.6,10.7,9.6,30.1,13.1,10.9,6.5,13.0,8.3,24.1,9.6,13.8,9.4,13.6,5.7,6.6,7.0,45.1,16.6,100.0,3.3,40.0,8.2,0.0,6.2,3.2,3.4,29.7,11.2,0.0,1.6,0.0845,0.3557,0.7822,0.1224,0.923,2.2678,0.4089,0.7183,0.1755,0.1291,0.3824,0.1517,1.557,0.0846,0.5536,0.5536,0.5536,0.9426,0.0,0.6403,0.8894,0.0,2.4723,0.7343,6.8507,0.3753,0,0,0,0,1,1,0,0,0,0,0,0,0,0,1,0,0,0,0,1,2,1313,287,312,0,14,903,224,0,14,0,14,0,14,0,14,0,14,31.8,7.9,0.0,5.1,100.0,5.1,0.0,5.1,0.0,5.1,0.0,5.1,0.0,5.1,0.0,5.1
72,Puerto Rico,PR,72127,San Juan,72127002100,"Census Tract 21, San Juan Municipio, Puerto Rico",0.190235158114,1071,319,1107,181,539,140,489,247,41,47,152,84,184,157,167,145,389,217,77,92,225,185,0,19,337,199,1071,340,246,107,0,14,0,19,147,93,17,36,45.7,18.6,6.7,7.4,28.2,13.8,20.2,16.8,15.6,13.5,36.3,16.7,7.2,8.3,21.0,15.4,0.0,3.5,31.5,16.0,100.0,11.0,22.2,9.0,0.0,4.2,0.0,3.5,27.3,17.2,1.6,3.3,0.1853,0.1573,0.7161,0.416,0.961,2.4357,0.4935,0.9837,0.0217,0.4371,0.0,0.065,1.5075,0.077,0.5536,0.5536,0.5536,0.8624,0.0,0.0,0.8612,0.8472,2.5708,0.7787,7.0676,0.4262,0,0,0,0,1,1,1,0,0,0,0,1,0,0,0,0,0,0,0,0,2,4591,320,454,56,67,990,330,0,14,0,14,0,14,0,14,25,38,30.4,9.2,5.2,6.6,92.4,7.6,0.0,4.3,0.0,4.3,0.0,4.3,0.0,4.3,2.3,3.6
72,Puerto Rico,PR,72127,San Juan,72127002200,"Census Tract 22, San Juan Municipio, Puerto Rico",0.094534371986,1221,265,912,113,625,113,654,235,76,51,235,85,129,64,161,80,336,97,130,94,308,103,37,37,562,168,1221,267,166,53,0,14,0,19,168,70,1,3,53.6,15.3,11.8,7.3,37.6,11.8,13.1,6.5,13.2,6.2,27.5,8.1,10.6,7.3,25.2,7.4,5.9,5.8,48.4,10.7,100.0,2.7,18.2,5.4,0.0,5.1,0.0,3.0,26.9,10.1,0.1,0.2,0.3034,0.3915,0.9274,0.1863,0.9262,2.7348,0.6367,0.8397,0.0639,0.6638,0.3326,0.1961,2.0961,0.2755,0.5536,0.5536,0.5536,0.8397,0.0,0.0,0.8557,0.4334,2.1288,0.5738,7.5133,0.5456,0,0,1,0,1,2,0,0,0,0,0,0,0,0,0,0,0,0,0,0,2,2061,433,356,0,14,1221,265,0,14,0,14,0,14,0,14,0,14,35.5,7.7,0.0,3.8,100.0,3.8,0.0,3.8,0.0,3.8,0.0,3.8,0.0,3.8,0.0,3.8
72,Puerto Rico,PR,72127,San Juan,72127002300,"Census Tract 23, San Juan Municipio, Puerto Rico",0.142677044264,876,205,830,111,468,90,466,128,34,30,183,73,176,63,218,99,188,78,68,55,107,55,36,36,531,167,876,207,230,86,0,14,0,19,198,68,67,64,57.6,6.7,7.5,6.8,39.1,13.7,24.4,8.0,26.9,9.5,21.5,9.3,7.8,6.0,13.2,6.7,7.7,7.5,60.6,12.7,100.0,3.3,27.7,9.7,0.0,5.6,0.0,4.1,42.3,11.3,7.6,7.1,0.3889,0.1898,0.9415,0.5796,0.9967,3.0965,0.782,0.5385,0.0249,0.1117,0.4778,0.4247,1.5776,0.0889,0.5536,0.5536,0.5536,0.8992,0.0,0.0,0.9653,0.9794,2.8439,0.859,8.0716,0.6703,0,0,1,0,1,2,0,0,0,0,0,0,0,0,0,0,0,1,1,2,4,2042,272,285,0,14,876,205,0,14,0,14,0,14,0,14,0,14,33.6,8.4,0.0,5.3,100.0,5.3,0.0,5.3,0.0,5.3,0.0,5.3,0.0,5.3,0.0,5.3
72,Puerto Rico,PR,72127,San Juan,72127002400,"Census Tract 24, San Juan Municipio, Puerto Rico",0.176003438394,1969,383,1161,133,795,113,816,209,167,83,348,91,266,110,229,76,531,122,263,132,427,137,39,33,644,180,1894,340,570,92,0,14,28,26,308,71,451,201,50.2,7.8,19.0,7.9,43.8,9.6,20.6,7.4,11.7,3.8,27.0,6.0,13.4,6.2,21.9,6.7,4.9,4.1,33.5,6.9,96.2,25.5,49.1,5.6,0.0,4.0,3.5,3.2,38.7,7.7,22.9,9.2,0.2438,0.6746,0.987,0.441,0.8872,3.2336,0.8395,0.8202,0.1571,0.4989,0.2427,0.0704,1.7893,0.1345,0.0618,0.0618,0.0618,0.9577,0.0,0.6793,0.9534,0.9935,3.5839,0.9805,8.6686,0.7972,0,0,1,0,0,1,0,0,0,0,0,0,0,0,1,0,0,1,1,3,4,7093,426,436,15,19,1879,339,0,14,0,14,0,14,0,14,0,14,28.1,5.8,0.8,1.0,95.4,5.4,0.0,2.4,0.0,2.4,0.0,2.4,0.0,2.4,0.0,2.4
72,Puerto Rico,PR,72127,San Juan,72127002500,"Census Tract 25, San Juan Municipio, Puerto Rico",0.080725820058,1438,300,907,103,658,106,763,227,168,79,236,78,292,94,320,146,374,118,231,110,307,96,24,25,803,208,1432,303,186,53,11,18,6,16,176,68,0,14,53.1,11.2,22.3,8.3,35.9,10.3,25.5,6.5,22.3,9.0,26.0,6.6,16.1,6.9,21.3,5.8,3.6,3.8,56.5,8.7,99.6,3.5,20.5,5.4,1.2,1.9,0.9,2.4,26.7,9.0,0.0,1.0,0.2936,0.7722,0.9122,0.6176,0.9892,3.5848,0.9078,0.7822,0.3229,0.4544,0.1452,0.325,2.0297,0.2332,0.4594,0.4594,0.4594,0.8537,0.9132,0.2622,0.8525,0.0,2.8816,0.8698,8.9555,0.8384,0,0,1,0,1,2,0,0,0,0,0,0,0,0,0,1,0,0,0,1,3,831,335,399,13,18,1419,301,0,14,0,14,0,14,0,14,0,14,23.3,4.9,0.9,1.3,98.7,1.4,0.0,3.2,0.0,3.2,0.0,3.2,0.0,3.2,0.0,3.2
72,Puerto Rico,PR,72127,San Juan,72127002600,"Census Tract 26, San Juan Municipio, Puerto Rico",0.102593865134,2025,503,1334,197,897,172,1175,395,168,91,378,118,418,152,457,180,505,167,248,160,313,106,83,69,1396,353,2025,499,38,35,9,14,10,21,123,54,0,14,58.0,13.2,15.9,7.9,42.1,10.4,26.9,8.6,22.6,6.6,24.9,8.3,12.2,7.3,15.5,4.9,9.3,7.5,70.3,3.7,100.0,35.0,2.8,2.6,0.7,1.0,1.1,2.3,13.7,5.7,0.0,0.7,0.3965,0.5662,0.9805,0.6555,0.9913,3.59,0.9089,0.7421,0.1127,0.1844,0.5915,0.6826,2.3133,0.3709,0.5536,0.5536,0.5536,0.5677,0.8275,0.3055,0.4848,0.0,2.1855,0.603,8.6424,0.7928,0,0,1,0,1,2,0,0,0,0,0,0,0,0,0,0,0,0,0,0,2,794,820,661,0,14,2004,497,0,14,0,14,0,14,0,14,21,34,40.5,10.1,0.0,2.3,99.0,1.7,0.0,2.3,0.0,2.3,0.0,2.3,0.0,2.3,1.0,1.7
72,Puerto Rico,PR,72127,San Juan,72127002800,"Census Tract 28, San Juan Municipio, Puerto Rico",0.11724373332,1607,384,1397,201,841,160,1170,370,148,90,249,110,454,165,281,138,326,118,231,137,406,125,45,46,1189,286,1607,385,82,54,0,14,28,47,306,105,0,14,72.8,15.1,19.6,10.3,29.6,11.8,37.0,11.7,17.5,7.0,20.3,7.8,14.4,7.8,25.3,6.9,5.4,5.4,75.9,4.5,100.0,1.7,5.9,3.8,0.0,3.3,3.3,5.6,36.4,11.3,0.0,0.9,0.7421,0.6996,0.7671,0.9014,0.9718,4.082,0.9772,0.454,0.2037,0.6692,0.286,0.8397,2.4526,0.4588,0.5536,0.5536,0.5536,0.6793,0.0,0.6544,0.9403,0.0,2.274,0.6453,9.3622,0.8839,0,0,0,1,1,2,0,0,0,0,0,0,0,0,0,0,0,1,0,1,3,1218,506,541,0,14,1607,384,0,14,0,14,0,14,0,14,0,14,31.5,7.5,0.0,2.9,100.0,2.9,0.0,2.9,0.0,2.9,0.0,2.9,0.0,2.9,0.0,2.9
72,Puerto Rico,PR,72127,San Juan,72127002900,"Census Tract 29, San Juan Municipio, Puerto Rico",0.080607286744,1261,326,941,107,557,108,901,323,209,131,55,45,426,160,313,172,233,70,189,120,213,68,57,48,995,267,1261,327,0,19,15,24,21,28,290,98,0,14,71.5,17.7,32.9,13.9,9.9,7.8,45.6,12.4,24.8,9.9,18.5,6.9,15.0,8.7,16.9,6.1,10.2,8.4,81.1,5.4,100.0,2.0,0.0,2.0,1.6,2.5,3.8,5.0,52.1,13.2,0.0,1.1,0.7129,0.923,0.0368,0.9837,0.9935,3.6499,0.9208,0.3294,0.2492,0.2299,0.6598,0.9339,2.4022,0.4187,0.5536,0.5536,0.5536,0.0,0.9555,0.7194,0.9837,0.0,2.6586,0.8145,9.2643,0.8731,0,1,0,1,1,3,0,0,0,0,1,1,0,0,0,1,0,1,0,2,6,459,459,435,0,14,1261,326,0,14,0,14,0,14,0,14,0,14,36.4,9.4,0.0,3.7,100.0,3.7,0.0,3.7,0.0,3.7,0.0,3.7,0.0,3.7,0.0,3.7
72,Puerto Rico,PR,72127,San Juan,72127003000,"Census Tract 30, San Juan Municipio, Puerto Rico",0.061566666614,1450,258,813,100,614,95,1021,253,212,84,229,76,185,83,255,106,240,79,276,101,181,75,96,58,786,193,1431,255,11,22,0,14,20,27,153,62,0,14,70.4,12.1,29.9,8.9,37.3,11.0,20.3,7.4,17.6,7.2,16.6,5.4,19.0,6.1,12.5,4.7,15.6,9.1,56.0,9.2,98.7,0.9,1.4,2.7,0.0,5.7,3.3,4.4,24.9,9.3,0.0,1.0,0.6858,0.9013,0.922,0.4247,0.9751,3.9089,0.9577,0.2134,0.5634,0.0954,0.8852,0.3153,2.0727,0.2603,0.2221,0.2221,0.2221,0.4919,0.0,0.6544,0.8254,0.0,1.9717,0.4946,8.1754,0.6974,0,1,1,0,1,3,0,0,0,0,0,0,0,0,0,0,0,0,0,0,3,680,325,353,12,17,1419,253,0,14,0,14,0,14,0,14,0,14,22.4,4.0,0.8,1.2,97.9,1.9,0.0,3.2,0.0,3.2,0.0,3.2,0.0,3.2,0.0,3.2
72,Puerto Rico,PR,72127,San Juan,72127003100,"Census Tract 31, San Juan Municipio, Puerto Rico",0.080674468492,1668,432,1382,181,886,164,1356,420,139,97,361,148,540,199,231,148,423,140,297,195,271,106,57,65,1239,356,1668,432,113,84,0,14,0,19,294,120,0,14,81.3,13.8,18.0,11.0,40.7,14.9,40.0,11.5,13.8,7.3,25.4,9.4,17.8,10.7,16.2,7.3,6.4,7.2,76.0,10.7,100.0,0.0,8.2,6.0,0.0,3.4,0.0,2.1,33.2,12.6,0.0,0.8,0.9166,0.6486,0.961,0.9415,0.9338,4.4015,0.9935,0.7692,0.4626,0.2072,0.3738,0.8429,2.6557,0.5824,0.5536,0.5536,0.5536,0.7346,0.0,0.0,0.9197,0.0,1.6543,0.3471,9.2651,0.8742,1,0,1,1,1,4,0,0,0,0,0,0,0,0,0,0,0,1,0,1,5,814,572,608,26,41,1642,429,0,14,0,14,0,14,0,14,0,14,34.3,8.9,1.6,2.4,98.4,2.4,0.0,2.8,0.0,2.8,0.0,2.8,0.0,2.8,0.0,2.8
72,Puerto Rico,PR,72127,San Juan,72127003200,"Census Tract 32, San Juan Municipio, Puerto Rico",0.089565625348,1867,358,1104,108,874,105,1285,311,171,61,364,89,463,126,194,78,470,105,298,152,314,89,127,63,1194,252,1867,361,121,38,6,8,22,32,299,82,9,20,69.2,10.2,20.6,6.9,41.6,8.9,33.2,8.1,10.4,3.7,25.2,6.1,16.0,7.5,16.9,4.8,14.5,7.0,66.8,6.8,100.0,2.5,11.0,3.3,0.5,0.8,2.5,3.6,34.2,8.8,0.5,1.1,0.6511,0.7289,0.9751,0.831,0.8362,4.0223,0.9707,0.7573,0.3131,0.2299,0.857,0.5785,2.7358,0.6388,0.5536,0.5536,0.5536,0.7649,0.7928,0.5558,0.9262,0.6165,3.6562,0.987,10.9679,0.9881,0,0,1,0,0,1,0,0,0,0,0,0,0,0,0,0,0,1,0,1,2,800,529,511,19,28,1774,346,0,14,0,14,0,14,0,14,74,97,28.5,5.5,1.0,1.5,95.0,5.3,0.0,2.5,0.0,2.5,0.0,2.5,0.0,2.5,4.0,5.1
72,Puerto Rico,PR,72127,San Juan,72127003300,"Census Tract 33, San Juan Municipio, Puerto Rico",0.09377838427,1367,302,740,98,558,94,961,249,123,77,249,82,408,136,286,114,264,87,270,136,183,58,66,47,1030,252,1367,322,0,19,0,14,22,28,135,61,0,14,70.3,9.5,19.9,10.3,44.6,12.6,39.2,9.3,20.9,7.0,19.3,7.9,19.8,8.9,13.4,5.2,11.8,8.2,77.0,9.3,100.0,8.2,0.0,2.6,0.0,6.2,3.9,5.0,24.2,10.0,0.0,1.0,0.6847,0.7093,0.9881,0.9328,0.9881,4.303,0.9892,0.3803,0.6295,0.1226,0.7508,0.8624,2.7456,0.6443,0.5536,0.5536,0.5536,0.0,0.0,0.7281,0.8167,0.0,1.5448,0.3026,9.147,0.8547,0,0,1,1,1,3,0,0,0,0,0,0,0,0,0,0,0,0,0,0,3,1060,381,424,38,59,1307,314,22,34,0,14,0,14,0,14,0,14,27.9,6.2,2.8,4.5,95.6,5.4,1.6,2.6,0.0,3.4,0.0,3.4,0.0,3.4,0.0,3.4
72,Puerto Rico,PR,72127,San Juan,72127003400,"Census Tract 34, San Juan Municipio, Puerto Rico",0.0865864623159999,2024,336,1190,126,942,127,1756,302,272,93,329,94,390,110,200,88,348,95,564,151,526,138,181,60,1393,259,2024,336,899,130,0,14,35,26,496,88,0,14,86.8,3.9,37.3,10.0,34.9,8.8,30.5,6.8,9.9,4.0,17.2,4.3,27.9,5.8,26.0,5.5,19.2,5.8,72.1,5.6,100.0,0.0,75.5,7.4,0.0,3.9,3.7,2.7,52.7,7.3,0.0,0.7,0.9621,0.9577,0.8906,0.7616,0.8167,4.3887,0.9924,0.2514,0.9567,0.7093,0.9372,0.7302,3.5848,0.9653,0.5536,0.5536,0.5536,0.9837,0.0,0.7064,0.9848,0.0,2.6749,0.82,11.202,0.9957,1,1,0,0,0,2,0,1,0,1,0,2,0,0,1,0,0,1,0,2,6,749,911,451,0,14,2012,334,0,14,0,14,0,14,0,14,12,19,45.0,7.5,0.0,2.3,99.4,0.9,0.0,2.3,0.0,2.3,0.0,2.3,0.0,2.3,0.6,0.9
72,Puerto Rico,PR,72127,San Juan,72127003501,"Census Tract 35.01, San Juan Municipio, Puerto Rico",0.255816127222,4200,613,1897,195,1622,184,3778,600,659,211,728,159,590,166,307,138,250,106,1251,313,454,158,445,128,3054,458,4191,614,1149,192,0,14,67,55,684,161,0,14,90.0,5.6,44.6,8.9,44.9,8.4,25.9,6.2,7.3,3.1,6.0,2.5,29.8,6.1,10.8,3.7,27.4,7.3,78.1,1.9,99.8,1.2,60.6,8.0,0.0,2.5,4.1,3.4,42.2,8.3,0.0,0.3,0.9783,0.9816,0.9902,0.6295,0.6106,4.1902,0.9826,0.0098,0.974,0.0651,0.9859,0.883,2.9178,0.731,0.5255,0.5255,0.5255,0.9675,0.0,0.753,0.9642,0.0,2.6847,0.8221,10.3182,0.9631,1,1,1,0,0,3,0,1,0,1,0,2,0,0,1,0,0,1,0,2,7,2464,1122,874,0,14,4191,614,0,14,0,14,0,14,0,14,0,14,26.7,3.9,0.0,1.1,99.8,0.3,0.0,1.1,0.0,1.1,0.0,1.1,0.0,1.1,0.0,1.1
72,Puerto Rico,PR,72127,San Juan,72127003502,"Census Tract 35.02, San Juan Municipio, Puerto Rico",0.099683428258,1109,271,861,117,574,118,793,224,106,64,89,57,300,110,180,85,431,121,157,100,361,121,48,35,919,196,1109,273,0,19,0,14,41,35,271,86,0,14,71.5,10.1,27.0,13.5,15.5,9.4,33.4,9.8,16.2,7.0,38.9,9.8,14.2,8.3,32.6,9.9,8.4,5.8,84.8,27.0,100.0,3.0,0.0,2.2,0.0,5.4,7.1,5.9,47.2,11.0,0.0,1.3,0.7129,0.8623,0.1614,0.8386,0.9642,3.5394,0.8991,0.9967,0.1961,0.9208,0.5395,0.9718,3.6249,0.9718,0.5536,0.5536,0.5536,0.0,0.0,0.948,0.974,0.0,1.922,0.4707,9.6399,0.9111,0,0,0,0,1,1,1,0,1,0,1,3,0,0,0,0,1,1,0,2,6,1070,562,355,0,14,1109,271,0,14,0,14,0,14,0,14,0,14,50.7,12.4,0.0,4.2,100.0,4.2,0.0,4.2,0.0,4.2,0.0,4.2,0.0,4.2,0.0,4.2
72,Puerto Rico,PR,72127,San Juan,72127003600,"Census Tract 36, San Juan Municipio, Puerto Rico",0.076120395402,1085,283,750,107,483,90,959,267,222,115,179,70,302,95,323,156,254,93,157,99,277,93,10,20,790,233,1085,285,11,21,0,14,23,31,218,66,0,14,88.4,8.6,41.3,14.3,37.1,12.7,40.4,9.9,29.8,11.4,23.4,8.9,14.5,8.3,25.5,9.4,2.1,4.1,74.7,11.5,100.0,3.1,1.5,2.8,0.0,6.1,4.8,6.4,45.1,11.3,0.0,1.3,0.9707,0.974,0.9187,0.9491,0.9978,4.8103,1.0,0.6706,0.2102,0.6822,0.0585,0.8115,2.433,0.4447,0.5536,0.5536,0.5536,0.5016,0.0,0.8147,0.9685,0.0,2.2848,0.6518,10.0817,0.9458,1,1,1,1,1,5,0,0,0,0,0,0,0,0,0,0,0,1,0,1,6,1393,415,387,0,14,1085,283,0,14,0,14,0,14,0,14,0,14,38.2,10.0,0.0,4.3,100.0,4.3,0.0,4.3,0.0,4.3,0.0,4.3,0.0,4.3,0.0,4.3
72,Puerto Rico,PR,72127,San Juan,72127003701,"Census Tract 37.01, San Juan Municipio, Puerto Rico",0.070513036056,1256,271,932,146,695,130,1059,255,203,109,278,107,462,142,193,118,403,140,154,92,260,104,22,28,975,237,1256,273,0,19,10,16,22,24,279,95,0,14,84.3,9.0,32.9,14.0,40.0,13.5,43.7,12.9,15.4,8.8,32.1,11.8,12.3,6.8,20.7,8.4,3.2,4.0,81.0,9.2,100.0,2.6,0.0,2.0,1.1,1.7,3.2,3.4,40.1,12.3,0.0,1.1,0.9393,0.923,0.9502,0.9794,0.9544,4.7463,0.9989,0.9469,0.1159,0.4187,0.117,0.9307,2.5292,0.5065,0.5536,0.5536,0.5536,0.0,0.898,0.6403,0.9588,0.0,2.4971,0.7484,10.3262,0.9642,1,1,1,1,1,5,1,0,0,0,1,2,0,0,0,0,0,1,0,1,8,705,701,359,0,14,1256,271,0,14,0,14,0,14,0,14,0,14,55.8,12.0,0.0,3.7,100.0,3.7,0.0,3.7,0.0,3.7,0.0,3.7,0.0,3.7,0.0,3.7
72,Puerto Rico,PR,72127,San Juan,72127003702,"Census Tract 37.02, San Juan Municipio, Puerto Rico",0.088436276998,1337,345,976,169,670,146,980,259,101,67,179,87,457,135,334,159,224,88,214,121,297,108,82,70,1043,275,1327,348,0,19,0,14,9,19,273,121,0,14,73.3,4.2,15.0,8.6,26.7,11.6,47.5,12.1,25.0,11.5,16.8,7.6,16.0,8.1,22.2,8.6,12.2,10.1,81.4,7.8,99.3,4.6,0.0,1.9,0.0,4.7,1.3,2.8,40.7,15.7,0.0,1.0,0.7584,0.5369,0.6533,0.9924,0.9946,3.9356,0.9599,0.2286,0.3131,0.5141,0.7714,0.9382,2.7654,0.6562,0.3402,0.3402,0.3402,0.0,0.0,0.3326,0.962,0.0,1.2946,0.1887,8.3358,0.7343,0,0,0,1,1,2,0,0,0,0,1,1,0,0,0,0,0,1,0,1,4,717,443,482,0,14,1305,346,0,14,0,14,0,14,0,14,22,33,33.1,8.5,0.0,3.5,97.6,2.8,0.0,3.5,0.0,3.5,0.0,3.5,0.0,3.5,1.6,2.5
72,Puerto Rico,PR,72127,San Juan,72127003800,"Census Tract 38, San Juan Municipio, Puerto Rico",0.078222720792,2213,486,1090,151,765,144,1558,451,291,157,327,112,630,191,503,246,347,121,428,203,308,112,94,76,1681,341,2213,481,146,72,0,14,41,47,201,83,5,3,70.4,13.3,24.7,12.6,42.7,12.2,45.2,9.3,22.7,10.5,15.7,5.8,19.3,8.1,13.9,4.0,12.3,9.7,78.4,23.6,100.0,30.9,13.4,6.3,0.0,4.3,5.4,6.1,26.3,10.1,0.2,0.1,0.6858,0.8156,0.9848,0.9827,0.9924,4.4613,0.9967,0.1636,0.5883,0.1367,0.779,0.8949,2.5625,0.5228,0.5536,0.5536,0.5536,0.7941,0.0,0.8646,0.846,0.4735,2.9782,0.8926,10.5556,0.9729,0,0,1,1,1,3,0,0,0,0,0,0,0,0,0,0,0,0,0,0,3,680,874,671,0,14,2191,479,0,14,0,14,0,14,0,14,22,35,39.6,8.7,0.0,2.1,99.0,1.5,0.0,2.1,0.0,2.1,0.0,2.1,0.0,2.1,1.0,1.5
72,Puerto Rico,PR,72127,San Juan,72127003902,"Census Tract 39.02, San Juan Municipio, Puerto Rico",0.439289867112,3560,603,2092,189,1431,175,2373,532,313,139,510,138,483,142,572,236,518,143,816,280,566,148,183,90,2007,390,3534,599,624,148,0,14,54,51,384,111,0,14,66.7,9.8,20.9,7.8,35.6,8.6,20.7,5.5,16.1,5.6,14.6,4.6,22.9,6.8,15.9,4.0,12.8,6.1,61.5,6.8,99.3,0.5,29.8,6.5,0.0,2.2,3.8,3.5,26.8,7.9,0.0,0.4,0.5948,0.7419,0.9068,0.4507,0.9631,3.6573,0.9241,0.1138,0.8256,0.1974,0.805,0.442,2.3838,0.4046,0.3402,0.3402,0.3402,0.9122,0.0,0.7194,0.8547,0.0,2.4863,0.7462,8.8676,0.8265,0,0,1,0,1,2,0,0,0,0,0,0,0,0,1,0,0,0,0,1,3,4162,1789,772,0,14,3534,599,0,14,0,14,0,14,0,14,0,14,50.3,8.5,0.0,1.3,99.3,0.8,0.0,1.3,0.0,1.3,0.0,1.3,0.0,1.3,0.0,1.3
72,Puerto Rico,PR,72127,San Juan,72127004200,"Census Tract 42, San Juan Municipio, Puerto Rico",0.680983927582,1906,347,1575,150,953,113,1426,346,191,97,385,105,308,106,168,72,398,112,288,147,453,110,98,63,969,216,1906,348,978,127,15,24,29,41,266,72,24,14,75.8,11.9,21.2,8.6,40.4,9.9,21.2,6.8,8.9,3.9,20.9,6.7,15.1,7.2,24.1,6.6,10.3,6.5,53.6,7.9,100.0,1.4,62.1,5.5,1.0,1.5,3.0,4.3,27.9,7.2,1.3,0.7,0.8147,0.7527,0.9545,0.468,0.7484,3.7383,0.9349,0.4962,0.2579,0.6052,0.6663,0.26,2.2856,0.3612,0.5536,0.5536,0.5536,0.9686,0.8861,0.6186,0.872,0.805,4.1503,0.9989,10.7278,0.9816,0,0,1,0,0,1,0,0,0,0,0,0,0,0,1,0,0,0,0,1,2,10376,740,454,0,14,1906,347,0,14,0,14,0,14,0,14,0,14,39.3,7.3,0.0,2.5,100.0,2.5,0.0,2.5,0.0,2.5,0.0,2.5,0.0,2.5,0.0,2.5
72,Puerto Rico,PR,72127,San Juan,72127004306,"Census Tract 43.06, San Juan Municipio, Puerto Rico",0.07416440267,2040,415,1086,151,923,139,1978,410,179,85,266,110,326,112,154,116,158,79,822,283,385,137,326,107,1474,363,2040,416,512,147,0,14,64,58,617,141,0,14,97.0,3.8,30.7,16.0,28.8,11.1,34.0,10.9,7.5,5.6,7.7,3.9,40.3,11.2,18.9,8.0,35.3,10.3,80.3,11.7,100.0,1.4,47.1,11.8,0.0,4.3,6.9,6.2,66.8,9.6,0.0,0.7,0.9892,0.9067,0.7411,0.8527,0.6323,4.122,0.9794,0.0163,0.9946,0.3156,0.9967,0.9209,3.2441,0.872,0.5536,0.5536,0.5536,0.9556,0.0,0.9415,0.9913,0.0,2.8884,0.872,10.8081,0.9837,1,1,0,0,0,2,0,1,0,1,1,3,0,0,1,0,1,1,0,3,8,1527,1189,521,0,14,2040,415,0,14,0,14,0,14,0,14,0,14,58.3,11.9,0.0,2.3,100.0,2.3,0.0,2.3,0.0,2.3,0.0,2.3,0.0,2.3,0.0,2.3
72,Puerto Rico,PR,72127,San Juan,72127004400,"Census Tract 44, San Juan Municipio, Puerto Rico",0.1277225416,1208,283,838,116,589,104,843,274,120,59,213,92,428,123,182,125,365,115,124,81,309,99,42,34,883,208,1208,282,26,24,0,14,49,37,165,60,0,14,69.8,15.7,22.4,7.9,36.2,14.3,41.7,8.8,15.1,8.7,30.2,9.1,10.3,6.3,25.6,5.3,7.1,5.6,73.6,1.8,100.0,33.1,3.1,2.8,0.0,5.5,8.3,6.1,28.0,8.3,0.0,1.2,0.6685,0.7744,0.9155,0.9675,0.9523,4.2782,0.9881,0.9036,0.0553,0.6887,0.4236,0.7855,2.8567,0.7061,0.5536,0.5536,0.5536,0.5796,0.0,0.9729,0.8742,0.0,2.4267,0.7148,10.1152,0.9544,0,0,1,1,1,3,1,0,0,0,0,1,0,0,0,0,1,0,0,1,5,745,692,341,0,14,1203,281,0,14,0,14,0,14,5,9,0,14,57.3,13.4,0.0,3.9,99.6,0.7,0.0,3.9,0.0,3.9,0.0,3.9,0.4,0.7,0.0,3.9
72,Puerto Rico,PR,72127,San Juan,72127004500,"Census Tract 45, San Juan Municipio, Puerto Rico",0.087879517914,1569,324,944,120,721,103,1117,256,47,39,137,51,504,121,302,150,304,73,229,115,275,117,47,38,1035,222,1569,325,7,17,0,14,19,26,264,76,0,14,71.2,7.1,7.5,6.0,19.0,6.5,40.9,7.6,19.4,7.5,19.4,5.7,14.6,6.7,17.6,6.9,6.5,5.2,68.8,5.4,100.0,1.6,0.7,1.8,0.0,4.9,2.6,3.6,36.6,9.0,0.0,0.9,0.7053,0.1898,0.2741,0.9534,0.9837,3.1063,0.7885,0.3889,0.2189,0.2581,0.3759,0.6436,1.8854,0.1692,0.5536,0.5536,0.5536,0.4009,0.0,0.5666,0.9447,0.0,1.9122,0.4653,7.4575,0.5282,0,0,0,1,1,2,0,0,0,0,0,0,0,0,0,0,0,1,0,1,3,619,719,434,0,14,1569,324,0,14,0,14,0,14,0,14,0,14,45.8,9.5,0.0,3.0,100.0,3.0,0.0,3.0,0.0,3.0,0.0,3.0,0.0,3.0,0.0,3.0
72,Puerto Rico,PR,72127,San Juan,72127004600,"Census Tract 46, San Juan Municipio, Puerto Rico",0.1592477699,3127,612,1629,179,1273,186,2380,592,378,180,249,97,750,175,594,223,764,178,558,248,578,181,94,68,1990,420,3102,605,23,29,0,14,25,34,408,136,0,14,76.1,11.7,29.3,11.0,19.6,7.1,32.8,5.9,19.0,6.5,24.4,5.1,17.8,7.1,18.5,4.5,7.4,5.2,65.1,6.3,99.2,27.4,1.4,1.8,0.0,2.9,2.0,2.7,32.1,9.5,0.0,0.4,0.8202,0.8948,0.3077,0.8245,0.9816,3.8288,0.949,0.7226,0.4626,0.3026,0.4475,0.5211,2.4564,0.4642,0.3218,0.3218,0.3218,0.4919,0.0,0.4778,0.9121,0.0,1.8818,0.4469,8.4888,0.7603,0,0,0,0,1,1,0,0,0,0,0,0,0,0,0,0,0,1,0,1,2,1395,1766,793,0,14,3102,605,0,14,0,14,0,14,0,14,0,14,56.5,11.1,0.0,1.5,99.2,1.3,0.0,1.5,0.0,1.5,0.0,1.5,0.0,1.5,0.0,1.5
72,Puerto Rico,PR,72127,San Juan,72127004700,"Census Tract 47, San Juan Municipio, Puerto Rico",0.301342572348,5174,879,2760,296,1937,290,3849,781,475,199,373,171,1138,308,976,463,1229,298,964,308,1437,358,105,86,3669,785,5174,880,127,88,0,20,69,66,550,208,17,36,74.4,8.3,24.1,8.3,19.3,8.3,29.7,7.1,18.9,8.6,23.8,5.2,18.6,5.0,27.8,6.1,5.4,4.4,73.5,9.8,100.0,0.8,4.6,3.2,0.0,1.7,3.6,3.4,28.4,9.1,0.3,0.7,0.7822,0.7983,0.2893,0.7421,0.9805,3.5924,0.91,0.6923,0.5385,0.7863,0.286,0.7833,3.0864,0.8156,0.5536,0.5536,0.5536,0.6381,0.0,0.688,0.8785,0.5255,2.7301,0.8297,9.9625,0.9414,0,0,0,0,1,1,0,0,0,0,0,0,0,0,0,0,0,0,0,0,1,3269,2964,1173,0,20,5174,879,0,20,0,20,0,20,0,20,0,20,57.5,9.9,0.0,0.9,100.0,0.9,0.0,0.9,0.0,0.9,0.0,0.9,0.0,0.9,0.0,0.9
72,Puerto Rico,PR,72127,San Juan,72127004800,"Census Tract 48, San Juan Municipio, Puerto Rico",0.074613825398,2404,481,1200,172,1023,180,2363,476,333,163,364,120,329,130,148,102,184,93,652,233,490,188,295,120,1896,387,2404,482,300,129,0,14,9,19,703,152,0,14,98.3,2.3,47.9,14.5,35.6,9.9,24.9,9.4,6.2,4.1,7.7,3.9,27.1,8.0,20.4,7.4,28.8,10.6,85.1,4.7,100.0,1.3,25.0,10.1,0.0,3.9,0.9,1.9,68.7,10.3,0.0,0.6,0.9935,0.9859,0.9068,0.598,0.4783,3.9625,0.9653,0.0163,0.9491,0.3959,0.9892,0.9751,3.3256,0.9024,0.5536,0.5536,0.5536,0.8873,0.0,0.2622,0.9946,0.0,2.1441,0.5824,9.9858,0.9425,1,1,1,0,0,3,0,1,0,1,1,3,0,0,0,0,0,1,0,1,7,1208,1590,624,0,14,2404,481,0,14,0,14,0,14,0,14,0,14,66.1,13.2,0.0,2.0,100.0,2.0,0.0,2.0,0.0,2.0,0.0,2.0,0.0,2.0,0.0,2.0
72,Puerto Rico,PR,72127,San Juan,72127004900,"Census Tract 49, San Juan Municipio, Puerto Rico",0.254737358234,2751,529,1460,218,1249,195,2241,466,297,138,315,116,502,144,263,162,336,114,714,278,586,161,305,132,1693,391,2727,519,434,149,0,14,38,46,666,139,39,42,81.5,6.4,30.4,11.6,25.2,8.4,29.2,8.0,9.7,5.6,12.2,4.2,26.0,8.8,21.5,6.9,24.4,9.9,64.8,8.3,99.1,26.8,29.7,9.2,0.0,3.2,3.0,3.7,53.3,9.5,1.4,1.5,0.9177,0.9046,0.585,0.727,0.8037,3.938,0.962,0.0531,0.9274,0.4653,0.9762,0.507,2.929,0.7408,0.2914,0.2914,0.2914,0.9112,0.0,0.6186,0.987,0.8277,3.3445,0.9642,10.5029,0.9707,1,1,0,0,0,2,0,1,0,1,0,2,0,0,1,0,0,1,0,2,6,1822,1811,667,0,14,2727,518,0,14,0,14,0,14,0,14,0,14,66.8,13.2,0.0,1.7,99.1,1.4,0.0,1.7,0.0,1.7,0.0,1.7,0.0,1.7,0.0,1.7
72,Puerto Rico,PR,72127,San Juan,72127005000,"Census Tract 50, San Juan Municipio, Puerto Rico",0.368196905852,4257,661,1951,192,1625,188,2869,585,581,187,511,151,754,212,463,200,631,170,1224,404,902,213,446,153,2597,492,4133,703,437,156,0,14,87,71,483,136,16,11,67.6,8.9,31.4,9.1,31.4,8.6,29.1,7.5,10.9,4.7,14.8,4.2,28.8,8.4,21.3,5.4,27.4,8.9,67.1,7.3,97.1,6.7,22.4,7.7,0.0,2.4,5.4,4.3,29.7,7.2,0.4,0.3,0.6143,0.9132,0.8277,0.7226,0.859,3.9368,0.961,0.1246,0.9642,0.4544,0.9859,0.5937,3.1228,0.8319,0.0867,0.0867,0.0867,0.8678,0.0,0.8646,0.8894,0.5688,3.1906,0.9425,10.3369,0.9653,0,1,0,0,0,1,0,1,0,1,0,2,0,0,0,0,0,0,0,0,3,5034,1741,931,0,14,4087,701,0,14,0,14,0,14,0,14,46,53,41.1,6.4,0.0,1.1,96.0,4.9,0.0,1.1,0.0,1.1,0.0,1.1,0.0,1.1,1.1,1.2
72,Puerto Rico,PR,72127,San Juan,72127005101,"Census Tract 51.01, San Juan Municipio, Puerto Rico",0.228180876572,1718,313,917,98,760,100,991,293,129,78,146,50,354,82,149,75,508,93,206,104,412,96,40,35,915,208,1713,315,58,41,0,14,6,16,143,49,31,16,57.7,13.4,17.5,9.1,19.2,6.1,26.2,5.7,8.7,3.7,29.6,6.6,12.0,5.6,24.0,6.3,5.3,4.6,55.9,8.2,99.7,2.5,6.3,4.4,0.0,5.0,0.8,2.1,18.8,6.0,1.8,0.9,0.3911,0.6302,0.2828,0.6381,0.7321,2.6743,0.6063,0.8873,0.1083,0.5998,0.2784,0.3131,2.1869,0.3145,0.4886,0.4886,0.4886,0.6956,0.0,0.2405,0.7137,0.8689,2.5187,0.7549,7.8685,0.6236,0,0,0,0,0,0,0,0,0,0,0,0,0,0,0,0,0,0,0,0,0,981,626,437,0,14,1713,314,0,14,0,14,0,14,0,14,0,14,37.1,6.9,0.0,2.7,99.7,0.5,0.0,2.7,0.0,2.7,0.0,2.7,0.0,2.7,0.0,2.7
72,Puerto Rico,PR,72127,San Juan,72127005102,"Census Tract 51.02, San Juan Municipio, Puerto Rico",0.239529572658,1673,279,890,98,708,93,1126,288,190,74,207,76,405,126,141,67,479,117,215,99,549,185,79,40,998,215,1666,283,0,19,14,21,11,11,181,74,58,35,69.7,13.3,26.9,7.5,29.2,10.0,31.3,8.0,8.7,4.0,28.6,6.3,12.9,5.5,34.0,9.3,11.2,5.5,60.9,8.5,99.6,3.2,0.0,2.1,1.6,2.4,1.6,1.5,25.6,9.5,3.5,2.0,0.6674,0.8612,0.7497,0.7898,0.7321,3.8002,0.9458,0.8711,0.1354,0.949,0.7172,0.4312,3.1039,0.8221,0.4594,0.4594,0.4594,0.0,0.9555,0.3922,0.833,0.9447,3.1254,0.9295,10.4889,0.9696,0,0,0,0,0,0,0,0,1,0,0,1,0,0,0,1,0,0,1,2,3,5483,842,329,11,18,1655,281,0,14,0,14,0,14,0,14,0,14,52.1,8.8,0.7,1.1,98.9,1.2,0.0,2.8,0.0,2.8,0.0,2.8,0.0,2.8,0.0,2.8
72,Puerto Rico,PR,72127,San Juan,72127005103,"Census Tract 51.03, San Juan Municipio, Puerto Rico",0.273350949552,2864,494,1513,196,1259,174,2419,484,330,133,514,150,396,125,349,143,297,120,693,236,612,226,385,137,1884,365,2864,495,523,155,17,27,11,22,387,128,0,14,84.5,8.6,28.2,10.4,40.8,10.5,23.5,7.6,12.2,5.1,10.4,4.3,24.2,7.1,21.4,7.6,30.6,10.0,71.0,5.0,100.0,1.1,34.6,9.2,1.1,1.8,0.9,1.7,30.7,9.2,0.0,0.5,0.9415,0.8861,0.9642,0.546,0.9013,4.2391,0.9859,0.0368,0.883,0.4599,0.9913,0.701,3.072,0.8091,0.5536,0.5536,0.5536,0.9263,0.898,0.2622,0.9002,0.0,2.9867,0.897,10.8514,0.9848,1,0,1,0,1,3,0,0,0,1,0,1,0,0,1,0,0,1,0,2,6,6806,1397,677,0,14,2864,494,0,14,0,14,0,14,0,14,0,14,48.8,8.4,0.0,1.6,100.0,1.6,0.0,1.6,0.0,1.6,0.0,1.6,0.0,1.6,0.0,1.6
72,Puerto Rico,PR,72127,San Juan,72127005201,"Census Tract 52.01, San Juan Municipio, Puerto Rico",0.187165261112,2583,446,1182,126,1050,132,1634,455,295,137,335,119,268,112,220,106,603,146,510,219,527,181,130,71,1243,354,2526,444,25,44,18,30,34,40,49,40,15,33,63.3,13.8,25.6,9.7,31.9,10.6,14.1,5.4,8.5,4.1,23.3,6.2,19.7,7.8,20.4,6.3,12.4,6.6,50.3,11.6,97.8,3.2,2.1,3.7,1.5,2.5,3.2,3.8,4.7,3.7,0.6,1.3,0.5103,0.8351,0.8397,0.2102,0.7223,3.1176,0.7939,0.6587,0.6241,0.3959,0.7844,0.2189,2.682,0.5944,0.1224,0.1224,0.1224,0.545,0.9501,0.6403,0.0564,0.6522,2.844,0.8601,8.766,0.8113,0,0,0,0,0,0,0,0,0,0,0,0,0,0,0,1,0,0,0,1,1,1548,826,587,0,14,2526,443,0,14,0,14,0,14,0,14,0,14,32.2,5.6,0.0,1.8,97.8,2.1,0.0,1.8,0.0,1.8,0.0,1.8,0.0,1.8,0.0,1.8
72,Puerto Rico,PR,72127,San Juan,72127005202,"Census Tract 52.02, San Juan Municipio, Puerto Rico",0.210617868796,2546,447,1376,158,1156,163,1238,321,148,81,317,121,293,112,274,144,512,136,427,130,631,135,55,55,1054,275,2546,448,38,43,17,26,33,40,129,72,0,14,48.6,9.3,11.5,6.6,27.4,9.7,14.7,5.2,10.8,5.2,20.1,5.2,16.8,4.2,24.8,5.8,4.8,4.7,43.7,8.6,100.0,1.2,2.8,3.1,1.2,1.9,2.9,3.4,11.2,6.1,0.0,0.5,0.2199,0.3796,0.6804,0.2319,0.8557,2.3675,0.4523,0.4388,0.377,0.6367,0.234,0.1376,1.8241,0.1453,0.5536,0.5536,0.5536,0.5677,0.9132,0.6067,0.3449,0.0,2.4325,0.7191,7.1777,0.4501,0,0,0,0,0,0,0,0,0,0,0,0,0,0,0,1,0,0,0,1,1,2402,753,634,0,14,2546,447,0,14,0,14,0,14,0,14,0,14,29.6,5.2,0.0,1.8,100.0,1.8,0.0,1.8,0.0,1.8,0.0,1.8,0.0,1.8,0.0,1.8
72,Puerto Rico,PR,72127,San Juan,72127005204,"Census Tract 52.04, San Juan Municipio, Puerto Rico",0.263524653652,1906,304,923,87,805,95,1026,233,111,74,308,76,243,98,154,68,404,110,331,115,435,119,128,57,978,210,1906,305,30,32,0,14,14,25,166,60,0,14,53.8,8.7,13.9,8.4,38.3,8.3,17.7,6.4,8.1,3.3,21.2,4.9,17.4,5.4,22.8,5.4,15.9,6.8,53.0,7.3,100.0,1.3,3.3,3.5,0.0,5.0,1.7,3.1,20.6,7.0,0.0,0.7,0.3088,0.487,0.9339,0.3369,0.6974,2.764,0.6518,0.5135,0.4204,0.5434,0.8895,0.2524,2.6192,0.5618,0.5536,0.5536,0.5536,0.5883,0.0,0.4139,0.7538,0.0,1.756,0.3915,7.6928,0.5792,0,0,1,0,0,1,0,0,0,0,0,0,0,0,0,0,0,0,0,0,1,3876,480,445,0,14,1906,304,0,14,0,14,0,14,0,14,0,14,25.2,4.0,0.0,2.5,100.0,2.5,0.0,2.5,0.0,2.5,0.0,2.5,0.0,2.5,0.0,2.5
72,Puerto Rico,PR,72127,San Juan,72127005214,"Census Tract 52.14, San Juan Municipio, Puerto Rico",0.253594110212,3555,547,2241,209,1672,170,2500,548,412,196,599,147,434,145,416,185,767,154,685,287,671,175,183,104,1920,395,3532,550,1124,177,0,14,10,20,374,123,39,37,70.8,11.0,24.4,9.1,35.8,8.0,17.7,5.6,11.8,4.9,21.6,5.6,19.3,7.5,19.0,5.1,10.9,6.1,56.6,8.0,99.4,2.3,50.2,6.4,0.0,2.1,0.6,1.2,22.4,6.6,1.1,1.0,0.6966,0.8091,0.9101,0.3369,0.8915,3.6442,0.9187,0.5493,0.5883,0.32,0.7031,0.3272,2.4879,0.4805,0.3694,0.3694,0.3694,0.9621,0.0,0.2189,0.7874,0.7746,2.743,0.833,9.2445,0.8688,0,0,1,0,0,1,0,0,0,0,0,0,0,0,1,0,0,0,0,1,2,4002,1391,729,40,51,3469,546,0,14,0,14,0,14,0,14,23,37,39.6,6.2,1.1,1.5,97.6,2.1,0.0,1.3,0.0,1.3,0.0,1.3,0.0,1.3,0.6,1.0
72,Puerto Rico,PR,72127,San Juan,72127005215,"Census Tract 52.15, San Juan Municipio, Puerto Rico",0.323768920916,2283,587,1267,163,862,147,1709,536,350,173,334,121,225,97,256,134,312,103,677,303,443,171,160,80,1345,400,2283,588,517,119,0,14,20,34,120,68,0,14,74.9,13.4,33.8,14.0,38.7,12.4,15.3,6.3,11.2,5.5,13.7,4.6,29.7,10.9,19.4,6.9,18.6,8.7,63.7,9.8,100.0,1.5,40.8,7.8,0.0,3.7,2.3,3.9,13.9,7.7,0.0,0.6,0.7952,0.9328,0.9372,0.2589,0.8742,3.7983,0.9447,0.0878,0.9729,0.3471,0.9296,0.4832,2.8206,0.692,0.5536,0.5536,0.5536,0.9458,0.0,0.5179,0.4935,0.0,1.9572,0.4859,9.1297,0.8503,0,1,1,0,0,2,0,1,0,1,0,2,0,0,1,0,0,0,0,1,5,1514,979,750,0,14,2283,587,0,14,0,14,0,14,0,14,0,14,42.9,11.0,0.0,2.1,100.0,2.1,0.0,2.1,0.0,2.1,0.0,2.1,0.0,2.1,0.0,2.1
72,Puerto Rico,PR,72127,San Juan,72127005300,"Census Tract 53, San Juan Municipio, Puerto Rico",0.2058761501339999,2401,475,1211,135,972,148,1341,414,282,176,327,116,156,79,168,96,478,154,573,229,316,109,158,91,886,309,2392,477,33,38,0,14,0,19,106,60,31,26,56.6,13.3,24.2,12.1,33.6,10.8,9.9,4.7,7.1,4.2,19.9,6.0,23.9,8.3,13.3,4.5,16.3,9.0,37.4,10.7,99.6,2.5,2.7,3.1,0.0,3.8,0.0,2.0,10.9,6.2,1.3,1.1,0.3749,0.8015,0.8667,0.0997,0.5857,2.7285,0.6356,0.4269,0.87,0.1193,0.8938,0.0888,2.3988,0.4143,0.4594,0.4594,0.4594,0.5645,0.0,0.0,0.3297,0.805,1.6992,0.3688,7.2859,0.4696,0,0,0,0,0,0,0,0,0,0,0,0,0,0,0,0,0,0,0,0,0,1002,472,656,27,31,2365,475,0,14,0,14,0,14,0,14,0,14,19.9,4.0,1.1,1.3,98.5,1.4,0.0,2.0,0.0,2.0,0.0,2.0,0.0,2.0,0.0,2.0
72,Puerto Rico,PR,72127,San Juan,72127005402,"Census Tract 54.02, San Juan Municipio, Puerto Rico",0.060109517666,1459,293,713,84,590,86,1436,287,269,107,134,62,227,82,59,48,74,41,596,194,217,78,206,76,944,252,1459,295,595,93,0,14,7,17,397,88,0,14,98.4,27.9,63.9,12.5,22.7,10.0,32.6,11.0,4.0,3.3,5.1,3.2,40.8,10.5,14.9,5.3,34.9,11.8,73.6,12.1,100.0,2.4,83.5,8.6,0.0,6.4,1.2,2.9,67.3,12.2,0.0,1.0,0.9946,0.9967,0.4605,0.8191,0.1985,3.4694,0.8883,0.0054,0.9957,0.1649,0.9957,0.7855,2.9472,0.7516,0.5536,0.5536,0.5536,0.9946,0.0,0.3174,0.9935,0.0,2.3055,0.6649,9.2757,0.8764,1,1,0,0,0,2,0,1,0,1,0,2,0,0,1,0,0,1,0,2,6,530,680,412,0,14,1459,293,0,14,0,14,0,14,0,14,0,14,46.6,9.4,0.0,3.2,100.0,3.2,0.0,3.2,0.0,3.2,0.0,3.2,0.0,3.2,0.0,3.2
72,Puerto Rico,PR,72127,San Juan,72127005403,"Census Tract 54.03, San Juan Municipio, Puerto Rico",0.72890073019,5340,784,2580,251,2269,247,2625,685,587,227,573,203,406,252,409,294,1001,291,1157,404,847,298,471,203,2559,608,5320,785,652,161,0,20,37,41,490,190,0,20,49.2,10.6,26.6,9.4,25.3,8.5,11.5,6.4,7.7,5.2,18.7,5.5,21.7,6.9,16.0,5.5,20.8,8.7,48.3,9.0,99.6,1.5,25.3,5.7,0.0,1.8,1.6,1.8,21.6,7.7,0.0,0.4,0.2264,0.8568,0.5894,0.1365,0.6562,2.4653,0.5065,0.3391,0.7551,0.1996,0.9556,0.1939,2.4433,0.4534,0.4594,0.4594,0.4594,0.8895,0.0,0.3922,0.7744,0.0,2.0561,0.5423,7.4241,0.5163,0,0,0,0,0,0,0,0,0,1,0,1,0,0,0,0,0,0,0,0,1,2000,2005,1067,0,20,5320,784,0,20,0,20,0,20,0,20,0,20,37.5,5.5,0.0,0.9,99.6,0.6,0.0,0.9,0.0,0.9,0.0,0.9,0.0,0.9,0.0,0.9
72,Puerto Rico,PR,72127,San Juan,72127005404,"Census Tract 54.04, San Juan Municipio, Puerto Rico",0.357657093456,2279,721,789,214,650,203,920,452,135,125,150,116,227,156,219,207,883,301,307,216,727,306,0,19,927,341,2246,716,59,57,0,14,0,19,72,83,453,235,42.9,15.6,13.3,8.4,23.1,16.3,12.8,8.4,10.2,9.1,38.7,14.1,13.5,8.5,33.9,14.0,0.0,2.9,42.1,7.7,98.6,3.7,7.5,6.9,0.0,5.8,0.0,2.9,11.1,12.0,19.9,8.2,0.1473,0.4631,0.4745,0.1766,0.8286,2.0901,0.3178,0.9946,0.1636,0.9447,0.0,0.1203,2.2232,0.3351,0.2048,0.2048,0.2048,0.7205,0.0,0.0,0.3406,0.9913,2.0524,0.5401,6.5705,0.3167,0,0,0,0,0,0,1,0,1,0,0,2,0,0,0,0,0,0,1,1,3,1718,420,935,0,14,2246,716,0,14,0,14,0,14,0,14,0,14,23.0,8.7,0.0,2.1,98.6,2.3,0.0,2.1,0.0,2.1,0.0,2.1,0.0,2.1,0.0,2.1
72,Puerto Rico,PR,72127,San Juan,72127005405,"Census Tract 54.05, San Juan Municipio, Puerto Rico",0.530371328912,3834,718,2115,279,1641,283,1439,495,222,165,497,192,292,185,197,228,1056,280,845,332,873,280,267,157,1786,543,3748,689,244,128,0,14,32,52,340,152,163,123,38.3,11.0,14.6,9.9,30.3,10.5,10.6,6.0,5.2,5.9,27.5,7.9,22.0,7.6,23.2,6.6,16.3,9.1,48.4,11.7,97.8,25.7,11.5,5.9,0.0,2.2,2.0,3.1,20.7,8.6,4.3,3.1,0.1051,0.5217,0.7876,0.1159,0.3503,1.8806,0.2223,0.8397,0.7736,0.5629,0.8938,0.1961,3.2661,0.8818,0.1224,0.1224,0.1224,0.7714,0.0,0.4778,0.7549,0.9567,2.9608,0.8872,8.2299,0.7115,0,0,0,0,0,0,0,0,0,0,0,0,0,0,0,0,0,0,1,1,1,1699,1465,916,0,14,3748,689,0,14,0,14,0,14,0,14,0,14,39.9,7.7,0.0,1.2,97.8,3.3,0.0,1.2,0.0,1.2,0.0,1.2,0.0,1.2,0.0,1.2
72,Puerto Rico,PR,72127,San Juan,72127005500,"Census Tract 55, San Juan Municipio, Puerto Rico",0.436383677358,3715,779,2207,269,1583,247,1769,648,467,230,482,166,568,218,298,205,1427,442,380,236,965,305,118,102,2109,543,3650,781,637,189,0,14,33,39,406,143,105,68,48.2,14.4,25.7,10.2,30.4,9.4,19.0,6.7,8.1,5.3,38.4,10.6,10.2,6.0,26.3,7.4,7.5,6.3,57.4,8.6,98.3,4.1,28.9,7.8,0.0,2.1,2.1,2.4,25.6,9.0,2.8,1.7,0.2156,0.8373,0.792,0.3814,0.6974,2.9237,0.7104,0.9924,0.052,0.7223,0.4605,0.351,2.5782,0.5304,0.1679,0.1679,0.1679,0.9057,0.0,0.4908,0.833,0.9242,3.1537,0.936,8.8235,0.8189,0,0,0,0,0,0,1,0,0,0,0,1,0,0,1,0,0,0,1,2,3,2131,1422,1037,0,14,3650,781,0,14,0,14,0,14,0,14,0,14,39.4,8.5,0.0,1.3,98.3,2.9,0.0,1.3,0.0,1.3,0.0,1.3,0.0,1.3,0.0,1.3
72,Puerto Rico,PR,72127,San Juan,72127005601,"Census Tract 56.01, San Juan Municipio, Puerto Rico",0.254089479078,2644,421,1504,168,1197,154,1285,379,261,134,349,116,160,71,129,71,803,185,384,175,751,176,91,66,1193,295,2628,422,266,85,0,14,45,52,292,101,42,39,48.6,12.1,21.6,9.1,29.2,8.9,7.9,3.3,4.9,2.6,30.4,7.9,14.5,6.2,28.4,7.0,7.6,5.4,46.4,8.9,99.4,2.1,17.7,5.3,0.0,3.1,3.8,4.3,24.4,7.9,1.6,1.5,0.2199,0.7592,0.7497,0.0672,0.3156,2.1116,0.3275,0.9101,0.2102,0.8189,0.4713,0.1723,2.5828,0.5325,0.3694,0.3694,0.3694,0.8342,0.0,0.7194,0.8189,0.8472,3.2197,0.9458,8.2835,0.7256,0,0,0,0,0,0,1,0,0,0,0,1,0,0,0,0,0,0,0,0,1,1200,1173,575,0,14,2628,421,0,14,0,14,0,14,0,14,0,14,45.1,7.3,0.0,1.8,99.4,1.0,0.0,1.8,0.0,1.8,0.0,1.8,0.0,1.8,0.0,1.8
72,Puerto Rico,PR,72127,San Juan,72127005602,"Census Tract 56.02, San Juan Municipio, Puerto Rico",0.239737681636,3462,619,1967,207,1478,191,2395,588,333,119,422,127,309,132,208,122,657,187,945,305,699,224,285,105,1708,444,3440,621,1152,193,0,14,92,82,421,137,68,47,70.2,11.6,26.2,8.0,28.6,7.8,14.5,5.9,6.1,3.2,19.0,5.6,27.3,7.3,20.5,6.1,19.3,6.7,53.6,10.2,99.4,2.4,58.6,7.6,0.0,2.4,6.2,5.5,28.5,8.0,2.0,1.3,0.6782,0.8492,0.7281,0.2254,0.4642,2.9451,0.7234,0.3662,0.9512,0.4024,0.9415,0.26,2.9213,0.7332,0.3694,0.3694,0.3694,0.9653,0.0,0.9187,0.8807,0.8873,3.652,0.9848,9.8878,0.9328,0,0,0,0,0,0,0,1,0,1,0,2,0,0,1,0,1,0,0,2,4,1539,1528,734,20,34,3408,620,0,14,0,14,0,14,0,14,12,20,45.0,8.1,0.6,1.0,98.4,1.1,0.0,1.4,0.0,1.4,0.0,1.4,0.0,1.4,0.3,0.6
72,Puerto Rico,PR,72127,San Juan,72127005800,"Census Tract 58, San Juan Municipio, Puerto Rico",0.574904333592,2574,547,1452,146,948,173,934,387,223,106,326,136,190,91,224,168,547,149,419,199,459,147,58,55,1033,297,2574,548,234,87,0,14,11,21,102,67,353,161,42.1,14.7,17.2,7.2,34.4,12.9,11.3,4.5,8.7,6.2,21.3,6.0,16.3,6.9,17.8,4.9,6.1,5.7,40.5,7.8,100.0,1.3,16.1,5.8,0.0,3.2,1.2,2.2,10.8,7.2,13.7,5.5,0.1354,0.6236,0.8808,0.1278,0.7321,2.4997,0.5217,0.5276,0.3315,0.2701,0.3489,0.1062,1.5843,0.0911,0.5536,0.5536,0.5536,0.8212,0.0,0.3174,0.3254,0.9881,2.4521,0.7267,7.0897,0.4317,0,0,0,0,0,0,0,0,0,0,0,0,0,0,0,0,0,0,1,1,1,26039,1258,577,0,14,2574,547,0,14,0,14,0,14,0,14,0,14,56.6,12.6,0.0,1.8,100.0,1.8,0.0,1.8,0.0,1.8,0.0,1.8,0.0,1.8,0.0,1.8
72,Puerto Rico,PR,72127,San Juan,72127005900,"Census Tract 59, San Juan Municipio, Puerto Rico",0.087272951672,1331,290,884,117,625,102,768,213,100,65,152,68,263,113,122,75,335,104,136,78,350,107,32,31,858,218,1324,292,27,28,0,14,0,19,133,62,0,14,57.7,9.9,19.1,10.3,24.3,10.1,23.8,8.6,9.2,5.2,25.2,6.6,10.2,5.4,26.3,6.7,5.1,4.9,65.9,8.8,99.5,3.4,3.1,3.1,0.0,5.2,0.0,3.0,21.3,9.0,0.0,1.1,0.3911,0.68,0.5374,0.5569,0.7711,2.9365,0.7169,0.7573,0.052,0.7223,0.2633,0.5525,2.3474,0.3894,0.4193,0.4193,0.4193,0.5796,0.0,0.0,0.7679,0.0,1.3475,0.205,7.0507,0.4187,0,0,0,0,0,0,0,0,0,0,0,0,0,0,0,0,0,0,0,0,0,451,794,343,0,14,1324,290,0,14,0,14,0,14,0,14,0,14,59.7,13.0,0.0,3.5,99.5,0.9,0.0,3.5,0.0,3.5,0.0,3.5,0.0,3.5,0.0,3.5
72,Puerto Rico,PR,72127,San Juan,72127006000,"Census Tract 60, San Juan Municipio, Puerto Rico",0.126900916544,1685,328,1079,116,778,112,1325,302,136,64,160,63,352,122,300,140,283,89,310,138,300,84,74,50,1217,270,1670,327,382,88,0,14,85,52,258,73,0,14,78.6,9.3,19.1,8.5,20.6,7.5,29.0,8.1,17.8,7.6,16.8,5.7,18.4,7.4,17.8,5.3,9.5,6.3,74.6,8.5,99.1,2.1,35.4,7.2,0.0,4.3,10.9,6.5,33.2,8.8,0.0,0.8,0.8689,0.68,0.3554,0.7183,0.9761,3.5987,0.9121,0.2286,0.5168,0.2701,0.6056,0.8061,2.4272,0.4371,0.2914,0.2914,0.2914,0.9274,0.0,0.9957,0.9197,0.0,2.8428,0.8579,9.1601,0.8579,0,0,0,0,1,1,0,0,0,0,0,0,0,0,1,0,1,1,0,3,4,2132,1144,372,0,14,1670,326,0,14,0,14,0,14,0,14,0,14,67.9,13.2,0.0,2.8,99.1,1.3,0.0,2.8,0.0,2.8,0.0,2.8,0.0,2.8,0.0,2.8
72,Puerto Rico,PR,72127,San Juan,72127006101,"Census Tract 61.01, San Juan Municipio, Puerto Rico",0.21747002099,3377,596,2395,272,1864,235,2693,588,390,219,672,204,530,190,281,149,728,205,574,291,1110,278,221,127,2171,466,3345,587,1848,280,0,14,99,92,1212,233,62,91,79.7,10.3,31.2,13.7,36.1,10.0,21.0,7.4,8.3,4.1,21.6,6.7,17.0,8.1,32.9,9.4,11.9,6.6,68.9,8.9,99.1,24.7,77.2,7.7,0.0,2.0,5.3,4.9,65.0,8.7,1.8,2.7,0.8873,0.9121,0.9133,0.4605,0.7093,3.8825,0.9534,0.5493,0.3933,0.9273,0.7573,0.6468,3.274,0.8861,0.2914,0.2914,0.2914,0.987,0.0,0.8613,0.9892,0.8689,3.7064,0.9902,11.1543,0.9935,0,1,1,0,0,2,0,0,1,0,0,1,0,0,1,0,0,1,0,2,5,2412,2585,683,0,14,3345,586,0,14,0,14,0,14,0,14,0,14,78.0,14.3,0.0,1.4,99.1,1.5,0.0,1.4,0.0,1.4,0.0,1.4,0.0,1.4,0.0,1.4
72,Puerto Rico,PR,72127,San Juan,72127006102,"Census Tract 61.02, San Juan Municipio, Puerto Rico",0.260978697064,1247,240,848,101,576,95,620,202,78,52,202,70,226,91,166,78,414,96,130,66,297,81,37,34,519,137,1217,242,182,61,0,14,32,26,201,69,125,78,55.3,13.9,16.0,10.5,35.1,10.7,21.6,9.0,14.8,6.6,33.2,7.7,10.4,4.9,26.5,8.1,6.4,5.8,42.0,7.5,97.6,4.9,21.5,6.7,0.0,5.4,5.6,4.4,34.9,9.2,10.0,6.0,0.3434,0.5748,0.8949,0.4854,0.9458,3.2443,0.8438,0.961,0.0585,0.7375,0.3738,0.1181,2.2489,0.3449,0.1116,0.1116,0.1116,0.8602,0.0,0.8808,0.9306,0.9816,3.6532,0.9859,9.258,0.8698,0,0,0,0,1,1,1,0,0,0,0,1,0,0,0,0,0,1,1,2,4,3155,676,268,0,14,1217,240,0,14,0,14,0,14,0,14,0,14,60.2,12.5,0.0,3.7,97.6,2.1,0.0,3.7,0.0,3.7,0.0,3.7,0.0,3.7,0.0,3.7
72,Puerto Rico,PR,72127,San Juan,72127006200,"Census Tract 62, San Juan Municipio, Puerto Rico",0.102044441988,1821,322,1220,116,842,106,1321,275,189,84,242,81,448,119,273,135,569,119,286,101,479,112,89,52,1189,215,1797,316,75,36,0,14,20,23,332,93,43,88,72.5,8.0,28.3,9.5,28.7,8.9,30.6,6.4,15.0,6.6,31.2,7.2,15.7,4.8,26.3,5.9,10.6,6.0,66.0,1.6,98.7,24.6,6.1,2.9,0.0,3.8,2.4,2.7,39.4,9.0,2.4,4.8,0.7356,0.8883,0.7356,0.766,0.9512,4.0767,0.9761,0.9296,0.2936,0.7223,0.6847,0.5569,3.1871,0.8503,0.2221,0.2221,0.2221,0.6891,0.0,0.5309,0.9555,0.9079,3.0834,0.9187,10.5693,0.9751,0,0,0,0,1,1,1,0,0,0,0,1,0,0,0,0,0,1,1,2,4,772,1146,383,0,14,1797,315,0,14,0,14,0,14,0,14,0,14,64.5,11.2,0.0,2.6,98.7,1.8,0.0,2.6,0.0,2.6,0.0,2.6,0.0,2.6,0.0,2.6
72,Puerto Rico,PR,72127,San Juan,72127006301,"Census Tract 63.01, San Juan Municipio, Puerto Rico",0.229744975774,2601,563,1423,222,1067,200,1115,447,143,177,438,171,286,129,316,192,698,220,322,248,708,221,36,58,1052,399,2583,559,154,79,0,14,0,19,153,93,70,34,44.0,14.8,11.9,13.4,41.0,14.1,14.3,6.3,12.2,6.9,26.8,8.5,12.4,9.1,27.4,7.8,3.4,5.4,41.6,13.0,99.3,30.4,10.8,5.3,0.0,3.3,0.0,1.8,14.3,8.2,2.7,1.2,0.1614,0.3991,0.9675,0.221,0.9013,2.6503,0.5965,0.8169,0.1192,0.7744,0.13,0.1148,1.9553,0.1996,0.3402,0.3402,0.3402,0.7584,0.0,0.0,0.5152,0.922,2.1956,0.6074,7.1414,0.4436,0,0,1,0,1,2,0,0,0,0,0,0,0,0,0,0,0,0,1,1,3,2083,1361,752,11,24,2572,558,0,14,0,14,0,14,0,14,0,14,53.8,11.9,0.4,0.9,98.9,1.4,0.0,1.8,0.0,1.8,0.0,1.8,0.0,1.8,0.0,1.8
72,Puerto Rico,PR,72127,San Juan,72127006302,"Census Tract 63.02, San Juan Municipio, Puerto Rico",0.178186845204,2915,699,1996,241,1467,253,1482,521,196,133,509,198,94,87,224,127,634,204,557,324,409,166,160,121,871,344,2915,710,1268,215,0,14,0,19,230,117,0,14,50.8,13.1,16.1,10.2,34.7,12.1,4.6,4.2,7.7,4.4,21.7,7.8,19.1,10.1,14.0,5.8,10.9,8.0,31.0,9.8,100.0,4.3,63.5,7.6,0.0,2.3,0.0,1.3,15.7,7.8,0.0,0.5,0.2557,0.5803,0.8873,0.0325,0.6562,2.412,0.4805,0.559,0.572,0.1377,0.7031,0.0607,2.0325,0.2364,0.5536,0.5536,0.5536,0.9707,0.0,0.0,0.6009,0.0,1.5716,0.3178,6.5697,0.3156,0,0,0,0,0,0,0,0,0,0,0,0,0,0,1,0,0,0,0,1,1,6210,734,936,0,14,2868,706,47,77,0,14,0,14,0,14,0,14,25.2,6.1,0.0,1.6,98.4,2.7,1.6,2.7,0.0,1.6,0.0,1.6,0.0,1.6,0.0,1.6
72,Puerto Rico,PR,72127,San Juan,72127006500,"Census Tract 65, San Juan Municipio, Puerto Rico",0.270218504026,1446,245,1201,113,765,121,621,180,95,69,286,73,102,63,127,79,449,121,100,47,300,83,34,31,384,121,1418,245,148,44,0,14,33,24,92,45,5,5,42.9,10.1,11.8,7.5,37.4,7.5,8.3,4.9,8.8,5.0,31.1,7.7,6.9,3.0,20.7,5.3,4.4,4.0,26.9,7.1,98.1,3.3,12.3,3.5,0.0,3.9,4.3,3.1,12.0,5.4,0.3,0.3,0.1473,0.3915,0.9242,0.0704,0.7419,2.2753,0.4111,0.9274,0.0184,0.4187,0.2059,0.0488,1.6192,0.0987,0.1452,0.1452,0.1452,0.7866,0.0,0.7757,0.3872,0.5255,2.475,0.7375,6.5147,0.3004,0,0,1,0,0,1,1,0,0,0,0,1,0,0,0,0,0,0,0,0,2,1192,595,303,0,14,1418,243,0,14,0,14,0,14,0,14,0,14,41.3,7.0,0.0,3.2,98.1,1.5,0.0,3.2,0.0,3.2,0.0,3.2,0.0,3.2,0.0,3.2
72,Puerto Rico,PR,72127,San Juan,72127006600,"Census Tract 66, San Juan Municipio, Puerto Rico",0.188687275196,2101,393,1450,174,994,178,1144,317,248,144,399,150,173,135,319,162,227,110,131,103,267,131,94,88,626,250,2035,396,961,174,0,14,23,41,275,112,557,181,69.0,12.3,19.3,9.0,40.1,13.3,14.1,10.0,15.4,6.7,10.8,5.0,6.2,4.8,12.9,6.2,9.5,8.7,30.0,10.6,96.9,5.2,66.3,9.0,0.0,3.2,2.3,4.1,27.7,10.6,26.5,7.0,0.6436,0.6866,0.9512,0.2102,0.9544,3.446,0.8839,0.0412,0.013,0.1063,0.6056,0.0574,0.8235,0.0087,0.078,0.078,0.078,0.974,0.0,0.5179,0.8709,0.9946,3.3574,0.9664,7.7049,0.5835,0,0,1,0,1,2,0,0,0,0,0,0,0,0,1,0,0,0,1,2,4,4127,605,443,7,14,1972,389,56,69,0,14,0,14,0,14,0,14,39.2,8.9,0.3,0.7,93.9,4.5,2.7,3.3,0.0,2.2,0.0,2.2,0.0,2.2,0.0,2.2
72,Puerto Rico,PR,72127,San Juan,72127006701,"Census Tract 67.01, San Juan Municipio, Puerto Rico",0.214851091124,2107,727,1207,202,813,175,485,583,0,14,194,120,178,215,387,576,482,193,305,248,307,174,33,40,177,117,2107,727,353,117,0,14,38,63,81,80,0,14,23.0,26.5,0.0,4.5,23.9,13.8,10.9,12.1,18.4,23.1,22.9,12.1,14.5,10.7,14.6,9.6,4.1,4.8,9.0,5.2,100.0,0.0,29.2,8.4,0.0,3.9,4.7,7.7,10.0,9.4,0.0,0.7,0.0282,0.0,0.5222,0.1224,0.9783,1.6511,0.1388,0.6425,0.2102,0.1551,0.1788,0.0043,1.1909,0.0282,0.5536,0.5536,0.5536,0.9079,0.0,0.805,0.2798,0.0,1.9927,0.5022,5.3883,0.1128,0,0,0,0,1,1,0,0,0,0,0,0,0,0,1,0,0,0,0,1,2,2492,738,861,0,14,2107,727,0,14,0,14,0,14,0,14,0,14,35.0,12.1,0.0,2.2,100.0,2.2,0.0,2.2,0.0,2.2,0.0,2.2,0.0,2.2,0.0,2.2
72,Puerto Rico,PR,72127,San Juan,72127006702,"Census Tract 67.02, San Juan Municipio, Puerto Rico",0.136739567708,2071,535,1828,252,1229,231,636,253,149,139,487,182,17,26,146,147,466,187,143,94,429,194,45,73,285,152,2071,534,1230,241,0,14,0,19,323,153,0,14,30.7,9.3,11.9,9.7,39.6,12.8,1.1,1.7,7.0,6.5,22.5,10.1,6.9,4.2,20.7,9.3,3.7,5.9,14.0,6.5,100.0,36.5,67.3,9.4,0.0,2.6,0.0,1.5,26.3,10.6,0.0,0.7,0.0574,0.3991,0.9458,0.0065,0.5781,1.9869,0.2636,0.6067,0.0184,0.4187,0.1506,0.0076,1.202,0.0304,0.5536,0.5536,0.5536,0.9762,0.0,0.0,0.846,0.0,1.8222,0.4219,5.5647,0.1443,0,0,1,0,0,1,0,0,0,0,0,0,0,0,1,0,0,0,0,1,2,1399,940,671,16,25,2055,533,0,14,0,14,0,14,0,14,0,14,45.4,11.7,0.8,1.2,99.2,1.2,0.0,2.3,0.0,2.3,0.0,2.3,0.0,2.3,0.0,2.3
72,Puerto Rico,PR,72127,San Juan,72127006800,"Census Tract 68, San Juan Municipio, Puerto Rico",0.337397935414,4167,735,3100,287,2409,266,1767,537,109,93,480,185,500,188,263,125,1441,280,443,243,1027,275,102,86,1121,310,4146,737,1849,208,0,14,50,60,664,166,0,14,42.4,10.5,6.1,4.9,19.9,7.4,14.7,5.6,6.3,3.0,34.6,8.1,10.6,5.5,24.6,6.8,4.2,3.5,27.4,5.8,99.5,2.2,59.6,3.8,0.0,1.5,2.1,2.5,27.6,6.8,0.0,0.3,0.1408,0.1399,0.3185,0.2319,0.4892,1.3203,0.0542,0.9751,0.0639,0.6291,0.1874,0.0509,1.9064,0.179,0.4193,0.4193,0.4193,0.9664,0.0,0.4908,0.8698,0.0,2.327,0.6714,5.973,0.2017,0,0,0,0,0,0,1,0,0,0,0,1,0,0,1,0,0,0,0,1,2,3845,1812,925,0,14,4146,737,0,14,0,14,0,14,0,14,0,14,43.5,7.7,0.0,1.1,99.5,0.8,0.0,1.1,0.0,1.1,0.0,1.1,0.0,1.1,0.0,1.1
72,Puerto Rico,PR,72127,San Juan,72127006900,"Census Tract 69, San Juan Municipio, Puerto Rico",0.20774411161,2984,578,1520,185,1205,157,1859,485,35,32,542,148,311,118,212,126,641,164,477,214,605,160,96,72,1815,408,2984,579,0,19,0,14,26,43,173,82,39,20,63.0,10.9,2.6,2.4,45.0,10.8,13.5,5.2,7.2,4.5,21.5,6.3,16.0,6.5,20.5,5.5,8.0,5.9,62.7,7.1,100.0,1.1,0.0,1.3,0.0,3.1,2.2,3.6,14.4,6.7,1.3,0.6,0.5049,0.0315,0.9913,0.1961,0.5965,2.3203,0.4338,0.5385,0.3131,0.4024,0.5016,0.4637,2.2193,0.3308,0.5536,0.5536,0.5536,0.0,0.0,0.5049,0.5184,0.805,1.8283,0.4241,6.9215,0.3883,0,0,1,0,0,1,0,0,0,0,0,0,0,0,0,0,0,0,0,0,1,1306,799,824,0,14,2984,578,0,14,0,14,0,14,0,14,0,14,27.1,5.3,0.0,1.6,100.0,1.6,0.0,1.6,0.0,1.6,0.0,1.6,0.0,1.6,0.0,1.6
72,Puerto Rico,PR,72127,San Juan,72127007004,"Census Tract 70.04, San Juan Municipio, Puerto Rico",1.48220117627,1799,410,1166,189,820,158,939,314,52,49,334,128,334,141,215,122,511,169,260,150,449,167,91,68,1032,274,1792,411,66,48,0,14,10,21,182,96,0,14,52.5,12.8,6.9,5.9,40.7,13.5,23.6,8.6,12.0,6.4,28.4,8.8,14.5,7.7,25.0,8.1,11.1,8.0,61.9,8.7,99.6,2.6,5.7,4.0,0.0,4.0,1.2,2.6,22.2,10.5,0.0,0.8,0.2839,0.1681,0.961,0.5536,0.8937,2.8603,0.6844,0.8678,0.2102,0.6464,0.714,0.454,2.8924,0.7202,0.4594,0.4594,0.4594,0.6728,0.0,0.3174,0.7852,0.0,1.7754,0.4013,7.9875,0.6518,0,0,1,0,0,1,0,0,0,0,0,0,0,0,0,0,0,0,0,0,1,20718,723,534,0,14,1792,410,0,14,0,14,0,14,0,14,0,14,40.2,9.2,0.0,2.6,99.6,0.6,0.0,2.6,0.0,2.6,0.0,2.6,0.0,2.6,0.0,2.6
72,Puerto Rico,PR,72127,San Juan,72127007100,"Census Tract 71, San Juan Municipio, Puerto Rico",0.241065872516,1860,313,919,110,731,99,1082,299,142,66,291,94,341,120,326,113,395,89,320,119,346,78,50,36,881,192,1860,316,10,21,0,14,45,34,118,50,0,14,58.2,12.7,15.4,6.9,39.8,11.7,25.4,7.6,17.5,6.0,21.2,4.7,17.2,5.7,18.6,3.6,6.8,4.8,48.9,6.9,100.0,2.3,1.1,2.3,0.0,5.0,6.2,4.6,16.1,6.5,0.0,0.8,0.4009,0.5477,0.9469,0.6154,0.9718,3.4827,0.8905,0.5135,0.4052,0.3091,0.4052,0.2037,1.8367,0.1475,0.5536,0.5536,0.5536,0.454,0.0,0.9187,0.6204,0.0,1.9931,0.5033,7.8661,0.6226,0,0,1,0,1,2,0,0,0,0,0,0,0,0,0,0,1,0,0,1,3,6269,661,420,35,33,1825,313,0,14,0,14,0,14,0,14,0,14,35.5,6.0,1.9,1.8,98.1,1.8,0.0,2.5,0.0,2.5,0.0,2.5,0.0,2.5,0.0,2.5
72,Puerto Rico,PR,72127,San Juan,72127007300,"Census Tract 73, San Juan Municipio, Puerto Rico",0.452178724076,3233,455,2121,189,1617,150,1320,343,58,59,551,149,280,93,319,115,949,195,351,181,756,182,142,91,1170,263,3179,450,559,121,0,14,32,36,258,111,0,14,40.8,8.9,3.8,3.6,34.1,8.7,10.5,3.3,9.9,3.3,29.4,6.5,10.9,5.4,23.5,5.3,8.8,5.6,36.4,6.4,98.3,1.5,26.4,5.2,0.0,2.2,2.0,2.2,16.0,6.8,0.0,0.4,0.1246,0.064,0.8754,0.1127,0.8167,1.9934,0.2701,0.8852,0.0758,0.577,0.5655,0.0845,2.188,0.3156,0.1679,0.1679,0.1679,0.8938,0.0,0.4778,0.6128,0.0,1.9844,0.5,6.3337,0.2657,0,0,0,0,0,0,0,0,0,0,0,0,0,0,0,0,0,0,0,0,0,1567,818,657,0,14,3179,449,0,14,0,14,0,14,0,14,0,14,25.3,3.6,0.0,1.5,98.3,1.8,0.0,1.5,0.0,1.5,0.0,1.5,0.0,1.5,0.0,1.5
72,Puerto Rico,PR,72127,San Juan,72127007400,"Census Tract 74, San Juan Municipio, Puerto Rico",0.12567040947,2181,370,1067,122,854,125,1395,320,74,53,358,108,446,136,336,158,321,92,485,163,369,106,84,46,1103,206,2159,368,0,19,0,14,34,31,108,49,0,14,64.0,9.9,7.4,5.0,41.9,11.1,29.2,7.4,15.4,6.3,14.7,4.4,22.2,6.5,16.9,4.9,9.8,5.2,54.0,4.0,99.0,1.6,0.0,1.8,0.0,4.4,4.0,3.6,12.6,5.4,0.0,0.6,0.5255,0.1833,0.9772,0.727,0.9544,3.3674,0.8698,0.1192,0.7898,0.2299,0.6327,0.2665,2.0381,0.244,0.2774,0.2774,0.2774,0.0,0.0,0.74,0.423,0.0,1.163,0.1464,6.8459,0.372,0,0,1,0,1,2,0,0,0,0,0,0,0,0,0,0,0,0,0,0,2,871,588,499,0,14,2159,367,0,14,0,14,0,14,0,14,0,14,27.0,4.6,0.0,2.2,99.0,1.2,0.0,2.2,0.0,2.2,0.0,2.2,0.0,2.2,0.0,2.2
72,Puerto Rico,PR,72127,San Juan,72127007500,"Census Tract 75, San Juan Municipio, Puerto Rico",0.222838383198,1900,321,965,104,748,106,1128,267,95,68,302,83,312,131,281,124,282,89,455,162,357,98,101,55,1124,224,1900,322,0,19,0,14,35,29,133,66,0,14,59.4,9.8,10.9,7.3,40.4,9.5,24.0,8.7,14.8,5.8,14.8,4.5,23.9,7.5,18.8,4.5,13.5,7.1,62.8,7.1,100.0,1.3,0.0,2.0,0.0,4.8,4.7,3.8,17.8,8.0,0.0,0.7,0.4269,0.3644,0.9545,0.5645,0.9458,3.2561,0.8471,0.1246,0.87,0.3134,0.8299,0.4659,2.6038,0.5531,0.5536,0.5536,0.5536,0.0,0.0,0.805,0.6822,0.0,1.4872,0.2711,7.9007,0.6312,0,0,1,0,1,2,0,0,0,0,0,0,0,0,0,0,0,0,0,0,2,2058,787,445,11,17,1889,321,0,14,0,14,0,14,0,14,0,14,41.4,7.0,0.6,0.9,99.4,0.9,0.0,2.5,0.0,2.5,0.0,2.5,0.0,2.5,0.0,2.5
72,Puerto Rico,PR,72127,San Juan,72127007600,"Census Tract 76, San Juan Municipio, Puerto Rico",0.163669796106,2705,467,1197,153,1018,143,1499,389,106,76,427,135,500,167,311,160,749,183,397,168,793,247,74,61,1539,347,2705,467,0,19,0,14,9,20,159,75,34,25,56.6,10.9,9.2,6.3,41.9,11.9,23.5,7.2,11.6,5.6,27.7,5.9,14.7,5.7,29.7,8.1,7.3,5.9,60.4,8.6,100.0,0.0,0.0,1.6,0.0,3.9,0.9,2.0,15.6,7.3,1.3,0.9,0.3749,0.2722,0.9772,0.546,0.885,3.0553,0.7701,0.8483,0.2286,0.8579,0.4388,0.4139,2.7875,0.6725,0.5536,0.5536,0.5536,0.0,0.0,0.2622,0.5965,0.805,1.6637,0.3492,8.0601,0.6659,0,0,1,0,0,1,0,0,0,0,0,0,0,0,0,0,0,0,0,0,1,1169,716,651,0,14,2688,466,0,14,0,14,0,14,17,28,0,14,26.8,4.7,0.0,1.7,99.4,1.0,0.0,1.7,0.0,1.7,0.0,1.7,0.6,1.0,0.0,1.7
72,Puerto Rico,PR,72127,San Juan,72127007700,"Census Tract 77, San Juan Municipio, Puerto Rico",0.185252511804,2090,479,1304,185,967,168,1059,371,96,79,442,127,301,125,302,150,391,167,363,217,708,192,93,75,1164,305,2081,480,18,32,0,14,9,19,140,88,0,14,50.7,13.4,9.9,6.9,45.7,10.5,20.2,7.8,14.4,6.7,18.7,8.5,17.4,9.6,33.9,7.7,9.6,7.6,58.8,8.3,99.6,2.5,1.4,2.4,0.0,3.6,0.9,2.0,14.5,9.0,0.0,0.7,0.2535,0.321,0.9967,0.416,0.9371,2.9243,0.7115,0.3391,0.4204,0.9447,0.6197,0.3792,2.7031,0.6117,0.4594,0.4594,0.4594,0.4919,0.0,0.2622,0.5228,0.0,1.2769,0.1833,7.3637,0.4978,0,0,1,0,1,2,0,0,1,0,0,1,0,0,0,0,0,0,0,0,3,1524,301,682,0,14,2081,479,0,14,0,14,0,14,0,14,0,14,14.4,3.3,0.0,2.2,99.6,0.7,0.0,2.2,0.0,2.2,0.0,2.2,0.0,2.2,0.0,2.2
72,Puerto Rico,PR,72127,San Juan,72127007800,"Census Tract 78, San Juan Municipio, Puerto Rico",0.379718189532,5023,895,2659,304,2222,317,3624,810,397,167,839,265,520,236,534,313,866,268,1165,444,1425,442,505,192,2801,582,4976,893,512,200,0,20,64,62,495,191,20,33,72.4,9.7,21.0,8.2,37.8,10.6,16.1,7.1,10.7,5.8,17.2,5.9,23.2,7.8,28.5,7.9,22.7,8.0,59.7,6.6,99.1,2.1,19.3,7.2,0.0,1.8,2.9,2.8,22.3,8.2,0.4,0.7,0.7335,0.7462,0.9285,0.2882,0.8449,3.5413,0.9002,0.2514,0.8451,0.82,0.9675,0.3998,3.2838,0.8905,0.2914,0.2914,0.2914,0.8451,0.0,0.6067,0.7863,0.5688,2.8069,0.8449,9.9234,0.9349,0,0,1,0,0,1,0,0,0,1,0,1,0,0,0,0,0,0,0,0,2,3515,1833,1292,0,20,4976,892,0,20,0,20,0,20,0,20,0,20,36.6,6.5,0.0,0.9,99.1,1.1,0.0,0.9,0.0,0.9,0.0,0.9,0.0,0.9,0.0,0.9
72,Puerto Rico,PR,72127,San Juan,72127007900,"Census Tract 79, San Juan Municipio, Puerto Rico",0.42694773058,2362,421,1393,166,1070,142,514,216,94,69,264,94,135,69,261,135,756,169,305,206,626,185,29,35,601,201,2362,422,276,105,0,14,19,33,143,70,0,14,21.8,8.3,8.9,6.2,24.7,8.2,7.1,3.8,11.0,5.7,32.0,7.1,12.9,8.4,26.5,6.2,2.7,3.3,25.7,7.3,100.0,1.2,19.8,7.2,0.0,3.3,1.8,3.1,13.4,6.2,0.0,0.6,0.026,0.2592,0.5601,0.0607,0.8644,1.7704,0.179,0.9447,0.1354,0.7375,0.0899,0.0433,1.9508,0.1974,0.5536,0.5536,0.5536,0.8494,0.0,0.4345,0.4653,0.0,1.7492,0.3894,6.024,0.2137,0,0,0,0,0,0,1,0,0,0,0,1,0,0,0,0,0,0,0,0,1,4600,422,627,0,14,2362,421,0,14,0,14,0,14,0,14,0,14,17.9,3.2,0.0,2.0,100.0,2.0,0.0,2.0,0.0,2.0,0.0,2.0,0.0,2.0,0.0,2.0
72,Puerto Rico,PR,72127,San Juan,72127008001,"Census Tract 80.01, San Juan Municipio, Puerto Rico",0.278822787096,3535,512,1879,196,1548,180,2262,461,235,116,628,150,407,170,376,191,669,189,727,228,752,183,248,106,1605,394,3514,508,803,158,0,14,16,28,406,121,128,63,64.5,9.1,16.7,7.2,40.6,8.5,17.2,6.7,10.7,4.9,18.9,5.4,20.6,5.7,21.4,4.7,16.0,6.6,48.0,9.3,99.4,20.3,42.7,7.1,0.0,2.5,1.0,1.8,26.2,7.5,3.6,1.7,0.546,0.6009,0.9567,0.3229,0.8449,3.2714,0.8503,0.3586,0.6934,0.4599,0.8917,0.1907,2.5943,0.5412,0.3694,0.3694,0.3694,0.9523,0.0,0.2839,0.8438,0.9458,3.0258,0.9056,9.2609,0.872,0,0,1,0,0,1,0,0,0,0,0,0,0,0,1,0,0,0,1,2,3,1543,1202,698,0,14,3514,507,0,14,0,14,0,14,0,14,0,14,35.3,5.3,0.0,1.3,99.4,0.9,0.0,1.3,0.0,1.3,0.0,1.3,0.0,1.3,0.0,1.3
72,Puerto Rico,PR,72127,San Juan,72127008002,"Census Tract 80.02, San Juan Municipio, Puerto Rico",0.190725121552,3364,571,1871,203,1424,188,2153,518,256,166,533,148,368,126,116,96,603,146,778,265,697,195,246,108,1787,397,3354,570,618,156,30,36,11,22,329,104,0,14,64.0,10.9,19.7,10.8,37.4,9.1,16.2,5.0,3.4,2.8,17.9,5.2,23.1,6.8,20.7,5.1,17.3,7.2,56.6,8.1,99.7,0.8,33.0,7.5,1.6,1.9,0.8,1.5,23.1,6.8,0.0,0.4,0.5255,0.7039,0.9242,0.2904,0.1345,2.5785,0.5618,0.2979,0.8375,0.4187,0.9133,0.3272,2.7946,0.6779,0.4886,0.4886,0.4886,0.9231,0.9555,0.2405,0.795,0.0,2.9141,0.8774,8.7758,0.8145,0,0,1,0,0,1,0,0,0,1,0,1,0,0,1,1,0,0,0,2,4,1194,1041,782,12,18,3342,569,0,14,0,14,0,14,0,14,0,14,30.9,5.3,0.4,0.5,99.3,0.7,0.0,1.4,0.0,1.4,0.0,1.4,0.0,1.4,0.0,1.4
72,Puerto Rico,PR,72127,San Juan,72127008100,"Census Tract 81, San Juan Municipio, Puerto Rico",0.280932834526,1817,400,1226,148,917,150,780,327,42,40,253,104,160,104,50,51,597,159,255,195,404,154,0,19,539,179,1817,401,12,23,0,14,0,19,101,76,20,23,43.2,15.4,5.9,5.4,27.6,10.4,10.7,6.6,2.8,2.8,32.9,10.6,14.0,10.3,22.4,7.2,0.0,2.1,30.3,7.5,100.0,1.6,1.0,1.9,0.0,3.8,0.0,2.1,11.0,7.8,1.1,1.2,0.1538,0.1356,0.6912,0.117,0.0835,1.1811,0.038,0.9545,0.1842,0.5217,0.0,0.0585,1.7189,0.1161,0.5536,0.5536,0.5536,0.4464,0.0,0.0,0.3341,0.7746,1.5551,0.3091,5.0087,0.0803,0,0,0,0,0,0,1,0,0,0,0,1,0,0,0,0,0,0,0,0,1,2067,472,570,0,14,1817,400,0,14,0,14,0,14,0,14,0,14,26.3,5.9,0.0,2.6,100.0,2.6,0.0,2.6,0.0,2.6,0.0,2.6,0.0,2.6,0.0,2.6
72,Puerto Rico,PR,72127,San Juan,72127008201,"Census Tract 82.01, San Juan Municipio, Puerto Rico",0.100453701748,1483,377,956,144,860,156,1459,382,250,145,336,142,355,137,101,86,189,96,443,236,422,145,231,121,989,338,1483,369,465,131,0,14,0,19,650,155,0,14,98.4,6.1,66.5,19.0,39.1,14.9,38.5,12.8,6.8,6.1,12.7,6.9,29.9,14.0,28.5,7.1,26.9,13.2,68.0,15.4,100.0,35.6,48.6,11.6,0.0,4.8,0.0,2.2,75.6,11.4,0.0,0.9,0.9946,0.9978,0.9415,0.922,0.5597,4.4156,0.9946,0.0661,0.9751,0.82,0.9848,0.6154,3.4614,0.9447,0.5536,0.5536,0.5536,0.9567,0.0,0.0,0.9978,0.0,1.9545,0.4848,10.3851,0.9664,1,1,1,1,0,4,0,1,0,1,0,2,0,0,1,0,0,1,0,2,8,1459,909,490,0,14,1460,366,0,14,0,14,0,14,0,14,23,38,61.3,15.6,0.0,3.1,98.4,2.5,0.0,3.1,0.0,3.1,0.0,3.1,0.0,3.1,1.6,2.5
72,Puerto Rico,PR,72127,San Juan,72127008202,"Census Tract 82.02, San Juan Municipio, Puerto Rico",0.299621329632,2956,646,1458,191,1153,192,1727,452,206,131,441,152,231,107,137,93,466,160,795,282,312,133,255,111,1452,441,2883,681,559,131,0,14,46,56,329,134,0,14,58.4,8.4,19.9,10.7,38.2,11.5,13.1,5.8,4.6,2.8,15.8,5.6,26.9,7.5,10.6,3.9,22.1,8.9,53.4,11.0,97.5,8.8,38.3,7.5,0.0,3.2,4.0,4.8,28.5,10.6,0.0,0.5,0.4063,0.7093,0.9317,0.1863,0.2722,2.5058,0.526,0.169,0.9426,0.0597,0.9621,0.2568,2.3902,0.4111,0.1051,0.1051,0.1051,0.9393,0.0,0.74,0.8807,0.0,2.56,0.7777,7.5611,0.5553,0,0,1,0,0,1,0,1,0,1,0,2,0,0,1,0,0,0,0,1,4,1622,1698,777,31,49,2852,679,0,14,0,14,0,14,0,14,0,14,57.4,12.5,1.0,1.7,96.5,5.8,0.0,1.6,0.0,1.6,0.0,1.6,0.0,1.6,0.0,1.6
72,Puerto Rico,PR,72127,San Juan,72127008300,"Census Tract 83, San Juan Municipio, Puerto Rico",0.164251265718,2441,487,1301,165,1007,148,1464,442,154,104,398,124,365,147,296,135,562,173,466,207,530,161,101,69,1301,319,2394,480,29,33,13,22,54,52,155,75,40,35,60.0,13.6,13.5,7.9,39.5,10.9,20.2,7.3,12.1,5.3,23.0,8.3,19.1,7.6,21.7,6.9,10.0,6.7,55.6,8.5,98.1,1.9,2.2,2.5,1.0,1.7,5.4,5.1,15.4,7.7,1.6,1.4,0.4377,0.4718,0.9437,0.416,0.8991,3.1683,0.808,0.6468,0.572,0.4805,0.6479,0.3077,2.6549,0.5813,0.1452,0.1452,0.1452,0.5493,0.8861,0.8646,0.5835,0.8472,3.7307,0.9913,9.6991,0.9165,0,0,1,0,0,1,0,0,0,0,0,0,0,0,0,0,0,0,0,0,1,1116,722,708,0,14,2394,479,0,14,0,14,0,14,0,14,0,14,30.1,6.1,0.0,1.9,98.1,3.1,0.0,1.9,0.0,1.9,0.0,1.9,0.0,1.9,0.0,1.9
72,Puerto Rico,PR,72127,San Juan,72127008400,"Census Tract 84, San Juan Municipio, Puerto Rico",0.782788600228,4063,1056,1874,193,1407,182,1259,300,154,98,509,162,657,300,356,150,1086,267,300,138,687,160,48,49,2331,806,4017,998,326,105,0,14,0,19,271,114,1303,953,44.4,8.5,10.3,6.4,36.2,10.5,20.1,6.2,12.4,5.0,26.7,7.1,7.4,2.8,24.0,5.5,3.4,3.5,57.7,13.2,98.9,35.6,17.4,5.3,0.0,2.5,0.0,1.4,19.3,7.4,32.1,21.9,0.1647,0.3395,0.9155,0.4139,0.9056,2.7392,0.6377,0.8126,0.0228,0.5998,0.13,0.3586,1.9238,0.1822,0.2579,0.2579,0.2579,0.8321,0.0,0.0,0.7299,0.9957,2.5577,0.7766,7.4786,0.5325,0,0,1,0,1,2,0,0,0,0,0,0,0,0,0,0,0,0,1,1,3,17958,954,574,0,14,4017,998,0,14,0,14,0,14,0,14,0,14,34.6,5.2,0.0,1.2,98.9,2.1,0.0,1.2,0.0,1.2,0.0,1.2,0.0,1.2,0.0,1.2
72,Puerto Rico,PR,72127,San Juan,72127008500,"Census Tract 85, San Juan Municipio, Puerto Rico",0.297755684768,3189,433,2159,206,1595,180,1746,389,231,129,512,137,277,118,242,165,803,212,556,223,789,217,158,88,1421,290,3130,425,530,139,0,14,42,50,421,128,15,25,55.0,9.7,17.1,8.1,32.1,7.8,11.3,4.7,7.6,5.1,25.2,6.1,17.4,6.6,24.9,6.4,9.9,5.4,45.3,6.9,98.1,0.4,24.5,6.0,0.0,2.2,2.6,3.1,26.4,7.7,0.5,0.8,0.338,0.6215,0.8429,0.1278,0.6421,2.5723,0.5586,0.7573,0.4204,0.6421,0.6414,0.1571,2.6183,0.5607,0.1452,0.1452,0.1452,0.8862,0.0,0.5666,0.8482,0.6165,2.9175,0.8796,8.2533,0.7158,0,0,0,0,0,0,0,0,0,0,0,0,0,0,0,0,0,0,0,0,0,3187,873,620,0,14,3130,424,0,14,0,14,0,14,0,14,0,14,27.5,3.7,0.0,1.5,98.1,2.2,0.0,1.5,0.0,1.5,0.0,1.5,0.0,1.5,0.0,1.5
72,Puerto Rico,PR,72127,San Juan,72127008601,"Census Tract 86.01, San Juan Municipio, Puerto Rico",0.289198506142,1585,286,1162,139,819,124,599,253,29,34,277,111,49,45,102,78,470,124,224,120,308,118,62,56,364,148,1556,305,209,80,0,14,8,19,56,45,8,4,37.8,14.4,3.9,4.6,33.8,12.5,4.0,3.7,6.4,4.8,29.7,8.4,14.1,7.1,19.4,7.2,7.6,6.7,23.7,8.7,98.2,7.5,18.0,6.5,0.0,4.0,1.0,2.3,6.8,5.3,0.5,0.2,0.0986,0.0683,0.8678,0.0249,0.5076,1.5672,0.1052,0.8927,0.1907,0.3471,0.4713,0.0412,1.943,0.1941,0.1593,0.1593,0.1593,0.8375,0.0,0.2839,0.1139,0.6165,1.8518,0.4317,5.5213,0.1269,0,0,0,0,0,0,0,0,0,0,0,0,0,0,0,0,0,0,0,0,0,4597,455,372,1,4,1466,269,89,143,0,14,0,14,0,14,0,14,28.9,5.2,0.1,0.2,92.5,8.8,5.6,8.6,0.0,2.9,0.0,2.9,0.0,2.9,0.0,2.9
72,Puerto Rico,PR,72127,San Juan,72127008602,"Census Tract 86.02, San Juan Municipio, Puerto Rico",0.460089567954,3380,474,1940,180,1569,181,1248,346,164,107,439,138,73,38,146,78,923,173,478,181,688,141,106,68,959,210,3323,481,815,132,0,14,0,19,138,67,83,62,37.3,8.9,10.8,6.6,28.0,8.2,2.7,1.4,4.4,2.3,27.3,6.1,14.1,5.0,20.5,4.6,6.8,4.3,29.9,5.3,98.3,3.5,42.0,5.6,0.0,2.4,0.0,1.2,8.8,4.3,2.5,1.8,0.0943,0.3579,0.7053,0.0152,0.244,1.4167,0.0705,0.8332,0.1907,0.4024,0.4052,0.0563,1.8878,0.1703,0.1679,0.1679,0.1679,0.9512,0.0,0.0,0.2082,0.9122,2.0716,0.5499,5.544,0.1334,0,0,0,0,0,0,0,0,0,0,0,0,0,0,1,0,0,0,1,2,2,2257,1265,639,0,14,3323,480,0,14,0,14,0,14,0,14,0,14,38.4,5.5,0.0,1.4,98.3,1.7,0.0,1.4,0.0,1.4,0.0,1.4,0.0,1.4,0.0,1.4
72,Puerto Rico,PR,72127,San Juan,72127008603,"Census Tract 86.03, San Juan Municipio, Puerto Rico",0.145370105714,1413,212,923,111,670,85,478,142,17,19,175,63,69,42,84,53,333,99,216,85,270,85,12,19,347,103,1413,214,12,24,0,14,7,17,40,32,0,14,33.8,8.7,2.4,2.7,26.1,8.8,6.2,3.7,6.0,3.8,23.6,6.9,15.3,5.6,19.3,5.3,1.8,2.8,25.7,6.7,100.0,2.1,1.3,2.6,0.0,5.0,1.0,2.5,6.0,4.7,0.0,1.0,0.0672,0.0293,0.6262,0.052,0.4566,1.2313,0.0445,0.6815,0.2698,0.3406,0.0498,0.0433,1.385,0.0531,0.5536,0.5536,0.5536,0.4832,0.0,0.2839,0.0944,0.0,0.8615,0.0705,4.0314,0.0206,0,0,0,0,0,0,0,0,0,0,0,0,0,0,0,0,0,0,0,0,0,1105,471,273,0,14,1413,212,0,14,0,14,0,14,0,14,0,14,33.3,5.0,0.0,3.3,100.0,3.3,0.0,3.3,0.0,3.3,0.0,3.3,0.0,3.3,0.0,3.3
72,Puerto Rico,PR,72127,San Juan,72127008700,"Census Tract 87, San Juan Municipio, Puerto Rico",0.101081117498,2217,389,1804,189,1295,168,1512,338,251,111,591,153,387,199,374,189,499,285,114,62,623,352,87,60,974,289,2170,399,591,150,0,14,61,58,607,135,387,248,71.8,5.3,20.5,8.9,45.6,10.2,25.7,9.9,16.9,8.0,22.5,11.4,5.1,2.6,28.1,13.8,6.7,4.6,44.4,10.6,97.9,5.4,32.8,7.6,0.0,2.6,4.7,4.4,46.9,9.6,17.5,10.8,0.7216,0.7245,0.9957,0.6273,0.9685,4.0376,0.974,0.6067,0.0087,0.7983,0.3933,0.143,1.95,0.1963,0.1278,0.1278,0.1278,0.922,0.0,0.805,0.9718,0.9902,3.689,0.9881,9.8044,0.9262,0,0,1,0,1,2,0,0,0,0,0,0,0,0,1,0,0,1,1,3,5,2171,1056,394,0,14,2170,398,0,14,0,14,0,14,0,14,0,14,57.7,9.7,0.0,2.1,97.9,2.2,0.0,2.1,0.0,2.1,0.0,2.1,0.0,2.1,0.0,2.1
72,Puerto Rico,PR,72127,San Juan,72127008900,"Census Tract 89, San Juan Municipio, Puerto Rico",0.211344126658,1974,416,1988,234,1073,181,1486,340,164,138,548,168,773,256,668,230,581,191,255,162,488,164,44,52,1316,332,1974,414,443,154,0,14,20,34,536,162,0,14,75.3,6.7,17.7,12.7,51.1,13.1,49.5,10.1,33.8,8.9,29.4,8.4,12.9,7.7,24.7,8.0,4.1,4.8,67.9,10.1,100.0,29.7,22.3,7.3,0.0,2.4,1.9,3.2,50.0,11.9,0.0,0.7,0.8017,0.6345,1.0,0.9957,0.9989,4.4308,0.9957,0.8852,0.1354,0.6334,0.1788,0.6132,2.446,0.4544,0.5536,0.5536,0.5536,0.8667,0.0,0.4561,0.9794,0.0,2.3022,0.6627,9.7326,0.9208,0,0,1,1,1,3,0,0,0,0,0,0,0,0,0,0,0,1,0,1,4,4620,1351,503,26,42,1948,411,0,14,0,14,0,14,0,14,0,14,68.4,14.4,1.3,2.1,98.7,2.1,0.0,2.4,0.0,2.4,0.0,2.4,0.0,2.4,0.0,2.4
72,Puerto Rico,PR,72127,San Juan,72127009000,"Census Tract 90, San Juan Municipio, Puerto Rico",0.139325292802,2206,355,1152,127,825,104,1727,338,174,67,318,95,515,154,252,113,390,109,575,200,442,111,179,82,1625,311,2187,346,197,76,0,14,60,38,301,80,24,17,80.1,8.9,18.7,5.9,38.5,10.4,34.9,8.6,11.5,4.4,17.7,5.8,26.1,8.0,20.3,4.9,21.7,9.6,76.9,7.8,99.1,22.4,17.1,6.3,0.0,4.0,7.3,4.5,36.5,8.4,1.1,0.8,0.8971,0.6692,0.9361,0.87,0.8829,4.2553,0.987,0.2828,0.9307,0.3905,0.9599,0.8602,3.4241,0.9349,0.2914,0.2914,0.2914,0.8277,0.0,0.9556,0.9425,0.7746,3.5004,0.9794,11.4712,0.9967,0,0,1,0,0,1,0,1,0,1,0,2,0,0,0,0,1,1,0,2,5,1066,1431,421,12,18,2175,345,0,14,0,14,0,14,0,14,0,14,65.6,10.6,0.5,0.8,98.6,1.5,0.0,2.1,0.0,2.1,0.0,2.1,0.0,2.1,0.0,2.1
72,Puerto Rico,PR,72127,San Juan,72127009111,"Census Tract 91.11, San Juan Municipio, Puerto Rico",0.142130323832,2618,381,1936,177,1490,177,1416,346,120,77,625,156,264,103,109,79,628,142,329,150,591,150,81,64,1083,259,2618,382,1331,163,0,14,38,34,292,99,0,14,54.1,10.6,9.9,5.9,41.9,9.2,13.0,4.8,4.2,2.8,24.0,5.3,12.6,5.4,22.6,4.8,5.4,4.2,43.8,8.4,100.0,1.1,68.8,5.6,0.0,2.4,2.6,2.3,19.6,6.1,0.0,0.5,0.3164,0.321,0.9772,0.182,0.2213,2.0179,0.2809,0.7129,0.1278,0.5347,0.286,0.1387,1.8001,0.1367,0.5536,0.5536,0.5536,0.9783,0.0,0.5666,0.7375,0.0,2.2824,0.6486,6.654,0.3308,0,0,1,0,0,1,0,0,0,0,0,0,0,0,1,0,0,0,0,1,2,2061,1279,466,0,14,2597,380,21,32,0,14,0,14,0,14,0,14,48.9,7.1,0.0,1.8,99.2,1.2,0.8,1.2,0.0,1.8,0.0,1.8,0.0,1.8,0.0,1.8
72,Puerto Rico,PR,72127,San Juan,72127009112,"Census Tract 91.12, San Juan Municipio, Puerto Rico",0.214196648234,2889,525,1856,184,1336,184,1543,366,260,139,513,149,341,152,304,171,691,196,442,171,620,229,192,90,1585,381,2879,555,724,177,0,14,0,19,304,119,5,4,53.4,8.1,19.1,8.9,38.4,9.8,15.6,6.5,10.5,5.9,23.9,6.3,15.3,5.2,21.5,6.8,14.4,6.4,57.0,8.9,99.7,6.4,39.0,8.7,0.0,2.5,0.0,1.4,22.8,8.0,0.2,0.1,0.3001,0.68,0.935,0.2654,0.8406,3.0211,0.7625,0.6988,0.2698,0.4653,0.8548,0.338,2.6267,0.5683,0.4886,0.4886,0.4886,0.9404,0.0,0.0,0.7918,0.4735,2.2057,0.6117,8.3421,0.7364,0,0,1,0,0,1,0,0,0,0,0,0,0,0,1,0,0,0,0,1,2,999,1184,718,1,2,2809,544,69,109,0,14,0,14,0,14,0,14,41.1,7.5,0.0,0.1,97.2,3.9,2.4,3.8,0.0,1.6,0.0,1.6,0.0,1.6,0.0,1.6
72,Puerto Rico,PR,72127,San Juan,72127009121,"Census Tract 91.21, San Juan Municipio, Puerto Rico",0.447619245558,3077,437,1720,185,1272,174,980,315,170,80,340,115,319,158,314,136,1090,212,359,143,567,150,49,49,1090,250,3026,432,389,88,0,14,17,23,159,76,141,74,33.0,9.4,12.4,5.7,26.7,8.3,12.7,5.6,10.6,4.1,35.4,6.4,11.7,4.3,19.1,4.9,3.9,3.8,35.8,6.5,98.3,1.5,22.6,4.5,0.0,2.7,1.3,1.8,12.5,5.7,4.6,2.3,0.0628,0.4252,0.6533,0.1723,0.8427,2.1563,0.3514,0.9805,0.0964,0.3275,0.1668,0.0802,1.6514,0.1052,0.1679,0.1679,0.1679,0.8722,0.0,0.3326,0.4208,0.961,2.5866,0.7874,6.5622,0.3145,0,0,0,0,0,0,1,0,0,0,0,1,0,0,0,0,0,0,1,1,2,2091,1329,540,19,29,3007,430,0,14,0,14,0,14,0,14,0,14,45.3,6.9,0.6,0.9,97.7,1.6,0.0,1.5,0.0,1.5,0.0,1.5,0.0,1.5,0.0,1.5
72,Puerto Rico,PR,72127,San Juan,72127009122,"Census Tract 91.22, San Juan Municipio, Puerto Rico",0.66822480089,5220,801,2511,247,2117,259,2252,551,293,192,694,202,185,100,371,198,869,222,906,311,760,247,251,131,1812,456,5205,802,597,183,0,20,63,76,133,112,0,20,43.1,8.2,11.8,7.4,32.8,8.7,4.9,2.7,7.2,3.9,16.6,4.5,17.4,5.3,14.7,4.6,11.9,6.0,37.0,7.3,99.7,1.4,23.8,6.9,0.0,1.9,3.0,3.6,6.3,5.1,0.0,0.4,0.1517,0.3915,0.8559,0.0347,0.5965,2.0303,0.2896,0.2134,0.4204,0.1573,0.7573,0.0867,1.6351,0.1009,0.4886,0.4886,0.4886,0.8819,0.0,0.6186,0.0998,0.0,1.6003,0.3297,5.7543,0.1703,0,0,0,0,0,0,0,0,0,0,0,0,0,0,0,0,0,0,0,0,0,1966,1770,1092,0,20,5205,801,0,20,0,20,0,20,0,20,0,20,33.9,5.2,0.0,0.9,99.7,0.4,0.0,0.9,0.0,0.9,0.0,0.9,0.0,0.9,0.0,0.9
72,Puerto Rico,PR,72127,San Juan,72127009123,"Census Tract 91.23, San Juan Municipio, Puerto Rico",0.226032605044,2138,295,1052,103,833,91,574,169,59,37,221,71,88,56,194,95,707,116,329,123,411,113,32,34,748,168,2116,297,0,19,0,14,0,19,62,41,52,56,27.5,7.1,6.2,3.8,26.5,8.0,5.1,3.0,9.3,4.2,33.1,5.2,15.4,5.3,19.7,5.4,3.8,4.1,36.2,6.5,99.0,2.5,0.0,1.8,0.0,4.4,0.0,2.3,7.4,4.9,2.4,2.6,0.0433,0.1453,0.6436,0.0368,0.7777,1.6467,0.1345,0.9599,0.2795,0.3601,0.1593,0.0834,1.8422,0.1508,0.2774,0.2774,0.2774,0.0,0.0,0.0,0.1388,0.9079,1.0467,0.1171,4.813,0.0607,0,0,0,0,0,0,1,0,0,0,0,1,0,0,0,0,0,0,1,1,2,1930,766,376,0,14,2116,296,0,14,0,14,0,14,0,14,0,14,36.7,5.1,0.0,2.2,99.0,1.6,0.0,2.2,0.0,2.2,0.0,2.2,0.0,2.2,0.0,2.2
72,Puerto Rico,PR,72127,San Juan,72127009300,"Census Tract 93, San Juan Municipio, Puerto Rico",0.356312686292,2466,426,1687,197,1135,168,1996,387,192,107,471,143,759,228,427,181,532,145,371,161,617,162,46,51,1706,353,2466,427,39,47,0,14,66,55,455,132,103,73,81.9,7.1,15.9,7.9,41.5,11.0,39.7,8.9,17.5,6.9,21.6,6.5,15.0,6.0,25.3,6.7,4.1,4.5,72.5,8.9,100.0,1.2,2.3,2.8,0.0,2.8,5.8,4.8,40.1,10.6,4.2,2.9,0.9198,0.5662,0.974,0.9372,0.9718,4.369,0.9913,0.5493,0.2492,0.6692,0.1788,0.7465,2.393,0.4132,0.5536,0.5536,0.5536,0.5547,0.0,0.896,0.9588,0.9545,3.364,0.9685,10.6796,0.9794,1,0,1,1,1,4,0,0,0,0,0,0,0,0,0,0,0,1,1,2,6,2781,1650,510,0,14,2466,426,0,14,0,14,0,14,0,14,0,14,69.8,12.9,0.0,1.9,100.0,1.9,0.0,1.9,0.0,1.9,0.0,1.9,0.0,1.9,0.0,1.9
72,Puerto Rico,PR,72127,San Juan,72127009400,"Census Tract 94, San Juan Municipio, Puerto Rico",0.428020321936,1476,276,974,117,653,94,731,222,26,29,159,67,288,96,107,57,485,134,141,73,491,131,15,26,847,196,1476,278,13,25,6,10,0,19,135,52,39,21,49.9,12.0,4.5,4.5,24.3,9.6,24.4,7.6,7.3,3.8,32.9,7.9,9.6,4.6,33.5,7.3,2.3,4.0,58.0,8.1,100.0,2.3,1.3,2.6,0.6,1.0,0.0,2.9,20.7,7.4,2.6,1.3,0.2351,0.0835,0.5374,0.5796,0.6106,2.0462,0.2961,0.9545,0.0379,0.9382,0.0683,0.3651,2.364,0.3937,0.5536,0.5536,0.5536,0.4832,0.8048,0.0,0.7549,0.9187,2.9616,0.8883,7.9254,0.6356,0,0,0,0,0,0,1,0,1,0,0,2,0,0,0,0,0,0,1,1,3,1199,766,328,0,14,1476,276,0,14,0,14,0,14,0,14,0,14,53.3,10.2,0.0,3.2,100.0,3.2,0.0,3.2,0.0,3.2,0.0,3.2,0.0,3.2,0.0,3.2
72,Puerto Rico,PR,72127,San Juan,72127009601,"Census Tract 96.01, San Juan Municipio, Puerto Rico",0.449514234174,1242,240,694,78,527,77,478,225,50,49,187,65,79,50,175,66,388,96,162,100,311,102,14,20,275,123,1242,251,0,19,0,14,17,19,50,31,24,46,39.2,16.8,8.5,7.7,35.5,11.2,8.5,5.1,14.4,5.1,31.2,9.2,13.0,7.6,25.5,7.2,2.7,3.8,22.7,9.3,100.0,5.9,0.0,2.7,0.0,6.6,3.2,3.6,9.5,5.8,1.9,3.7,0.1094,0.2332,0.9036,0.0737,0.9371,2.257,0.4024,0.9296,0.1398,0.6822,0.0899,0.0368,1.8783,0.1649,0.5536,0.5536,0.5536,0.0,0.0,0.6403,0.2505,0.8797,1.7705,0.4002,6.4594,0.2907,0,0,1,0,1,2,1,0,0,0,0,1,0,0,0,0,0,0,0,0,3,13822,564,283,0,14,1193,238,49,76,0,14,0,14,0,14,0,14,46.3,9.2,0.0,3.7,96.1,6.1,3.9,6.1,0.0,3.7,0.0,3.7,0.0,3.7,0.0,3.7
72,Puerto Rico,PR,72127,San Juan,72127009602,"Census Tract 96.02, San Juan Municipio, Puerto Rico",0.495214039098,1562,226,967,100,786,101,679,227,167,94,221,78,76,41,108,66,466,101,165,92,295,97,19,26,529,154,1538,219,60,50,0,14,12,23,82,48,15,14,43.7,13.2,21.2,10.3,28.1,9.2,6.1,3.1,6.9,4.2,29.8,6.7,10.6,5.7,18.9,5.8,2.4,3.3,35.6,9.1,98.5,20.0,6.2,5.1,0.0,4.8,1.5,2.9,10.4,5.9,1.0,0.9,0.1582,0.7527,0.7096,0.0498,0.5683,2.2386,0.398,0.896,0.0639,0.3156,0.0748,0.078,1.4283,0.0618,0.1874,0.1874,0.1874,0.6923,0.0,0.3759,0.3015,0.7595,2.1292,0.5748,5.9835,0.205,0,0,0,0,0,0,0,0,0,0,0,0,0,0,0,0,0,0,0,0,0,9303,587,288,1,5,1526,217,0,14,0,14,0,14,11,18,0,14,37.9,5.6,0.1,0.3,97.7,2.1,0.0,3.0,0.0,3.0,0.0,3.0,0.7,1.1,0.0,3.0
72,Puerto Rico,PR,72127,San Juan,72127009603,"Census Tract 96.03, San Juan Municipio, Puerto Rico",0.2894606694,2465,450,1202,152,1071,159,856,281,100,91,241,109,93,67,108,117,858,186,364,195,448,145,30,38,620,166,2423,441,9,19,0,14,11,22,80,61,31,26,35.2,9.5,9.4,8.4,22.5,9.6,4.9,3.3,4.4,4.7,34.8,8.9,14.8,7.4,18.4,6.1,2.8,3.5,25.4,4.9,98.3,25.3,0.7,1.6,0.0,3.9,1.0,2.0,7.5,5.5,1.3,1.0,0.0791,0.2885,0.4496,0.0347,0.244,1.0959,0.0325,0.9772,0.2362,0.2972,0.0953,0.0423,1.6482,0.103,0.1679,0.1679,0.1679,0.4009,0.0,0.2839,0.1432,0.805,1.633,0.3395,4.545,0.0336,0,0,0,0,0,0,1,0,0,0,0,1,0,0,0,0,0,0,0,0,1,2251,1030,585,28,46,2395,438,0,14,0,14,0,14,0,14,0,14,42.3,7.9,1.1,1.8,97.2,3.2,0.0,1.9,0.0,1.9,0.0,1.9,0.0,1.9,0.0,1.9
72,Puerto Rico,PR,72127,San Juan,72127009614,"Census Tract 96.14, San Juan Municipio, Puerto Rico",0.281729362952,1803,278,972,94,776,98,335,116,27,26,197,68,33,34,25,21,487,101,368,131,186,67,0,19,295,101,1797,280,231,63,0,14,6,16,52,37,0,14,18.6,5.8,3.5,3.2,25.4,8.2,2.4,2.5,1.4,1.2,27.0,6.6,20.4,6.5,10.3,3.7,0.0,2.4,17.7,5.5,99.7,2.2,23.8,6.1,0.0,4.8,0.8,2.1,6.7,4.7,0.0,0.8,0.0173,0.0542,0.5991,0.0098,0.0228,0.7032,0.0043,0.8202,0.6771,0.0553,0.0,0.0173,1.5699,0.0879,0.4886,0.4886,0.4886,0.8819,0.0,0.2405,0.1106,0.0,1.233,0.1725,3.9947,0.0195,0,0,0,0,0,0,0,0,0,0,0,0,0,0,0,0,0,0,0,0,0,2404,329,383,0,14,1797,278,0,14,0,14,0,14,0,14,0,14,18.2,2.8,0.0,2.6,99.7,0.5,0.0,2.6,0.0,2.6,0.0,2.6,0.0,2.6,0.0,2.6
72,Puerto Rico,PR,72127,San Juan,72127009624,"Census Tract 96.24, San Juan Municipio, Puerto Rico",0.499141468642,3840,622,1948,193,1615,192,1749,485,223,100,488,136,234,124,323,158,774,185,876,283,481,150,215,91,1385,384,3818,614,367,116,0,14,29,36,341,115,0,14,45.5,10.3,14.1,6.1,30.2,7.6,9.2,4.5,8.4,4.1,20.2,5.3,22.8,6.4,12.5,4.3,13.3,5.4,38.7,9.0,99.4,22.7,18.8,5.7,0.0,2.4,1.8,2.2,21.1,6.7,0.0,0.4,0.1809,0.4989,0.7855,0.091,0.7148,2.2711,0.41,0.4475,0.818,0.0954,0.8212,0.0975,2.2796,0.3579,0.3694,0.3694,0.3694,0.844,0.0,0.4345,0.7657,0.0,2.0442,0.5336,6.9643,0.3926,0,0,0,0,0,0,0,0,0,0,0,0,0,0,0,0,0,0,0,0,0,2299,1460,791,0,14,3782,612,25,40,0,14,0,14,11,17,0,14,38.0,6.2,0.0,1.2,98.5,1.7,0.7,1.0,0.0,1.2,0.0,1.2,0.3,0.4,0.0,1.2
72,Puerto Rico,PR,72127,San Juan,72127009800,"Census Tract 98, San Juan Municipio, Puerto Rico",1.119613560274,5214,834,2218,221,2070,219,1004,424,77,89,426,168,257,167,214,185,1291,256,889,413,875,411,47,76,947,320,4946,791,848,196,0,20,0,28,112,98,14,11,19.3,7.5,3.5,3.9,20.6,7.8,6.8,4.1,4.1,3.4,24.8,5.4,17.1,7.4,16.8,7.2,2.3,3.7,18.4,5.5,94.9,21.5,38.2,8.0,0.0,2.1,0.0,1.4,5.4,4.6,0.3,0.2,0.0195,0.0542,0.3554,0.0574,0.2082,0.6947,0.0033,0.74,0.3976,0.2245,0.0683,0.0238,1.4542,0.0672,0.0368,0.0368,0.0368,0.9382,0.0,0.0,0.0748,0.5255,1.5385,0.2983,3.7242,0.0141,0,0,0,0,0,0,0,0,0,0,0,0,0,0,1,0,0,0,0,1,1,6086,651,1196,0,20,4946,790,0,20,0,20,0,20,0,20,0,20,12.5,2.0,0.0,0.9,94.9,6.4,0.0,0.9,0.0,0.9,0.0,0.9,0.0,0.9,0.0,0.9
72,Puerto Rico,PR,72127,San Juan,72127009901,"Census Tract 99.01, San Juan Municipio, Puerto Rico",0.433698337948,2971,573,1465,182,1205,165,1269,458,164,101,339,117,178,84,98,60,777,149,904,380,391,119,172,94,1033,367,2943,574,339,107,0,14,21,35,300,126,0,14,42.7,13.0,16.2,8.7,28.1,8.9,9.2,4.0,3.3,2.1,26.2,6.4,30.4,11.4,13.2,4.2,14.3,7.6,35.9,10.6,99.1,2.8,23.1,6.7,0.0,3.2,1.7,2.9,24.9,9.1,0.0,0.5,0.143,0.5813,0.7096,0.091,0.1204,1.6453,0.1334,0.7898,0.9772,0.1117,0.8527,0.0813,2.8127,0.6876,0.2914,0.2914,0.2914,0.8776,0.0,0.4139,0.8254,0.0,2.1169,0.5683,6.8663,0.3774,0,0,0,0,0,0,0,1,0,0,0,1,0,0,0,0,0,0,0,0,1,1576,915,699,0,14,2943,573,0,14,0,14,0,14,0,14,0,14,30.8,5.9,0.0,1.6,99.1,1.1,0.0,1.6,0.0,1.6,0.0,1.6,0.0,1.6,0.0,1.6
72,Puerto Rico,PR,72127,San Juan,72127009902,"Census Tract 99.02, San Juan Municipio, Puerto Rico",0.82131810491,4266,621,2097,192,1606,168,1772,558,173,122,257,109,492,147,238,127,972,204,629,274,914,181,71,67,1895,395,4202,626,74,59,0,14,40,45,131,78,85,76,42.3,11.7,9.3,6.0,16.0,6.6,15.1,4.6,5.7,3.0,22.8,5.6,14.7,6.1,21.8,5.1,4.4,4.1,45.6,6.9,98.5,3.1,3.5,2.8,0.0,2.2,2.5,2.8,8.2,5.0,2.0,1.8,0.1365,0.2787,0.1853,0.247,0.4165,1.264,0.0477,0.6316,0.2286,0.4924,0.2059,0.1636,1.7221,0.1171,0.1874,0.1874,0.1874,0.6035,0.0,0.5558,0.1779,0.8873,2.2245,0.6193,5.398,0.115,0,0,0,0,0,0,0,0,0,0,0,0,0,0,0,0,0,0,0,0,0,1799,1718,803,1,3,4201,626,0,14,0,14,0,14,0,14,0,14,41.1,6.1,0.0,0.1,98.5,1.5,0.0,1.1,0.0,1.1,0.0,1.1,0.0,1.1,0.0,1.1
72,Puerto Rico,PR,72127,San Juan,72127009903,"Census Tract 99.03, San Juan Municipio, Puerto Rico",0.909072139674,4177,440,2046,155,1779,152,1178,368,126,70,373,133,267,131,103,86,1126,242,795,223,606,176,99,73,1071,300,4120,440,449,147,0,14,15,28,74,56,47,27,28.3,8.3,6.7,3.4,21.0,7.3,8.7,4.2,2.5,2.0,27.0,5.8,19.0,4.9,14.5,4.1,5.6,4.1,26.2,6.8,98.6,1.8,21.9,7.0,0.0,2.3,0.8,1.6,4.2,3.1,1.1,0.6,0.0477,0.1573,0.3814,0.0802,0.0651,0.7317,0.0076,0.8202,0.5634,0.1508,0.3044,0.0455,1.8843,0.1681,0.2048,0.2048,0.2048,0.8613,0.0,0.2405,0.0466,0.7746,1.923,0.474,4.7438,0.0531,0,0,0,0,0,0,0,0,0,0,0,0,0,0,0,0,0,0,0,0,0,1637,991,603,0,14,4120,439,0,14,0,14,0,14,0,14,0,14,24.0,2.6,0.0,1.1,98.6,1.3,0.0,1.1,0.0,1.1,0.0,1.1,0.0,1.1,0.0,1.1
72,Puerto Rico,PR,72127,San Juan,72127009904,"Census Tract 99.04, San Juan Municipio, Puerto Rico",0.226179323804,1858,234,1066,113,893,106,401,163,27,26,322,96,57,48,80,47,629,125,254,106,403,95,54,39,377,128,1831,239,529,101,0,14,6,16,30,23,38,16,21.6,8.3,3.2,3.3,36.1,9.9,3.8,3.0,4.3,2.5,33.9,6.3,13.7,5.4,21.7,4.5,6.0,4.3,20.6,6.5,98.5,3.4,49.6,7.9,0.0,4.4,0.7,1.8,3.4,2.5,2.0,0.8,0.0249,0.0466,0.9133,0.0228,0.2321,1.2397,0.0456,0.9664,0.1723,0.4805,0.3424,0.0303,1.9919,0.2137,0.1874,0.1874,0.1874,0.9588,0.0,0.2264,0.0347,0.8873,2.1072,0.5651,5.5262,0.128,0,0,1,0,0,1,1,0,0,0,0,1,0,0,1,0,0,0,0,1,3,797,368,316,0,14,1816,236,0,14,0,14,0,14,0,14,15,24,20.2,2.6,0.0,2.5,97.7,2.8,0.0,2.5,0.0,2.5,0.0,2.5,0.0,2.5,0.8,1.3
72,Puerto Rico,PR,72127,San Juan,72127010002,"Census Tract 100.02, San Juan Municipio, Puerto Rico",0.867997450608,4309,845,2011,272,1758,242,465,356,1,2,260,157,0,14,32,53,911,246,648,294,240,111,148,132,270,127,4281,843,652,199,0,14,29,49,15,24,7,9,10.8,8.0,0.0,0.1,14.8,8.7,0.0,1.5,0.7,1.2,21.1,6.6,15.0,6.2,5.6,3.0,8.4,7.4,6.4,2.7,99.4,1.7,32.4,8.9,0.0,2.3,1.6,2.8,0.9,1.4,0.2,0.2,0.0054,0.0,0.1398,0.0,0.0108,0.156,0.0,0.506,0.2492,0.0076,0.5395,0.0022,1.3045,0.038,0.3694,0.3694,0.3694,0.9209,0.0,0.3922,0.0076,0.4735,1.7942,0.4111,3.6241,0.013,0,0,0,0,0,0,0,0,0,0,0,0,0,0,1,0,0,0,0,1,1,3659,474,1174,0,14,4281,843,0,14,0,14,0,14,0,14,0,14,11.0,2.2,0.0,1.1,99.4,0.8,0.0,1.1,0.0,1.1,0.0,1.1,0.0,1.1,0.0,1.1
72,Puerto Rico,PR,72127,San Juan,72127010012,"Census Tract 100.12, San Juan Municipio, Puerto Rico",0.595539941084,4792,769,2672,258,2159,267,1610,541,238,204,508,193,341,178,290,208,945,282,1039,397,671,274,402,193,1428,458,4725,773,593,195,0,14,18,32,266,158,0,14,33.6,9.9,9.8,8.2,23.5,8.5,9.9,5.0,6.1,4.3,19.7,6.2,21.7,7.5,14.0,5.6,18.6,8.6,31.4,8.8,98.6,3.1,22.2,7.0,0.0,1.8,0.8,1.5,12.3,7.0,0.0,0.3,0.0661,0.3189,0.5016,0.0997,0.4642,1.4505,0.0738,0.4106,0.7551,0.1377,0.9296,0.0639,2.2969,0.3655,0.2048,0.2048,0.2048,0.8624,0.0,0.2405,0.4067,0.0,1.5096,0.282,5.4618,0.1204,0,0,0,0,0,0,0,0,0,1,0,1,0,0,0,0,0,0,0,0,1,2350,1500,1037,0,14,4725,773,0,14,0,14,0,14,0,14,0,14,31.3,5.0,0.0,1.0,98.6,1.6,0.0,1.0,0.0,1.0,0.0,1.0,0.0,1.0,0.0,1.0
72,Puerto Rico,PR,72127,San Juan,72127010022,"Census Tract 100.22, San Juan Municipio, Puerto Rico",0.707467049864,2758,431,1560,159,1200,158,559,200,96,60,255,103,60,58,81,56,708,208,237,123,518,178,45,52,607,171,2758,432,290,104,0,14,0,19,126,85,5,6,20.3,6.5,6.7,3.9,21.3,8.1,2.7,2.6,2.9,2.0,25.7,7.3,8.6,4.3,18.8,6.3,3.8,4.3,22.3,5.2,100.0,1.1,18.6,6.4,0.0,3.0,0.0,1.6,10.5,6.7,0.2,0.2,0.0217,0.1573,0.3976,0.0152,0.0954,0.6872,0.0022,0.7801,0.0271,0.3134,0.1593,0.0336,1.3135,0.039,0.5536,0.5536,0.5536,0.8429,0.0,0.0,0.3059,0.4735,1.6223,0.3351,4.1766,0.0249,0,0,0,0,0,0,0,0,0,0,0,0,0,0,0,0,0,0,0,0,0,7329,595,588,0,14,2758,431,0,14,0,14,0,14,0,14,0,14,21.6,3.4,0.0,1.7,100.0,1.7,0.0,1.7,0.0,1.7,0.0,1.7,0.0,1.7,0.0,1.7
72,Puerto Rico,PR,72127,San Juan,72127010032,"Census Tract 100.32, San Juan Municipio, Puerto Rico",0.463259851476,4943,890,2333,262,1916,253,2596,714,481,251,559,197,646,340,73,69,1170,296,1110,444,1092,375,376,176,2457,572,4943,890,863,225,0,14,0,19,470,190,259,107,53.2,10.9,24.0,10.6,29.2,9.5,18.7,9.3,1.5,1.5,23.7,5.9,22.5,8.0,22.4,7.5,19.6,8.8,54.6,8.3,100.0,0.0,37.0,8.7,0.0,2.0,0.0,1.0,24.5,9.2,5.2,2.0,0.2947,0.795,0.7497,0.3727,0.0239,2.236,0.397,0.6858,0.805,0.5217,0.9469,0.2849,3.2443,0.8731,0.5536,0.5536,0.5536,0.9328,0.0,0.0,0.82,0.9653,2.7181,0.8265,8.752,0.8091,0,0,0,0,0,0,0,0,0,1,0,1,0,0,1,0,0,0,1,2,3,2807,2387,1169,0,14,4943,890,0,14,0,14,0,14,0,14,0,14,51.0,9.6,0.0,1.0,100.0,1.0,0.0,1.0,0.0,1.0,0.0,1.0,0.0,1.0,0.0,1.0
72,Puerto Rico,PR,72127,San Juan,72127010043,"Census Tract 100.43, San Juan Municipio, Puerto Rico",0.287522051258,2249,559,1023,190,867,174,823,437,37,41,222,134,58,53,166,148,508,216,362,181,443,206,0,19,577,305,2176,558,35,39,0,14,0,19,88,85,42,54,36.6,17.2,3.9,4.2,25.6,14.6,3.4,3.1,7.4,5.9,22.6,9.2,16.1,7.0,19.7,7.8,0.0,2.2,27.0,12.6,96.8,6.1,3.4,3.8,0.0,4.5,0.0,2.2,10.1,9.7,1.9,2.4,0.0888,0.0683,0.6078,0.0184,0.6236,1.4069,0.0672,0.6132,0.3229,0.3601,0.0,0.0498,1.346,0.0477,0.0758,0.0758,0.0758,0.5948,0.0,0.0,0.2842,0.8797,1.7587,0.3926,4.5874,0.038,0,0,0,0,0,0,0,0,0,0,0,0,0,0,0,0,0,0,0,0,0,1398,487,745,0,14,2176,557,0,14,0,14,0,14,0,14,0,14,22.1,5.5,0.0,2.1,96.8,2.6,0.0,2.1,0.0,2.1,0.0,2.1,0.0,2.1,0.0,2.1
72,Puerto Rico,PR,72127,San Juan,72127010044,"Census Tract 100.44, San Juan Municipio, Puerto Rico",0.36206908101,3363,750,1892,255,1581,246,940,373,234,177,400,179,133,108,163,127,740,261,583,301,558,215,168,103,723,297,3324,748,607,206,37,60,0,19,196,132,0,14,28.0,9.2,16.4,10.1,25.3,10.6,5.6,4.7,4.8,4.0,22.0,8.5,17.3,8.1,16.6,6.5,10.6,6.3,23.1,8.1,98.8,3.0,32.1,10.0,2.0,3.2,0.0,1.2,12.4,8.1,0.0,0.4,0.0444,0.5911,0.5894,0.0412,0.2972,1.5633,0.103,0.5785,0.4128,0.2202,0.6847,0.039,1.9352,0.1898,0.2427,0.2427,0.2427,0.9187,0.9729,0.0,0.4121,0.0,2.3037,0.6638,6.0449,0.2169,0,0,0,0,0,0,0,0,0,0,0,0,0,0,1,1,0,0,0,2,2,1444,976,1025,0,14,3282,745,42,66,0,14,0,14,0,14,0,14,29.0,6.5,0.0,1.4,97.6,2.7,1.2,2.0,0.0,1.4,0.0,1.4,0.0,1.4,0.0,1.4
72,Puerto Rico,PR,72127,San Juan,72127010045,"Census Tract 100.45, San Juan Municipio, Puerto Rico",2.574900338328,2991,705,1720,262,1291,258,1389,478,119,105,204,116,358,212,164,196,809,284,340,157,679,282,18,31,1457,508,2991,705,83,96,0,14,0,19,189,129,11,25,46.6,11.6,9.0,7.5,15.8,8.4,15.2,7.7,5.5,6.5,27.0,8.7,11.4,4.5,22.8,7.8,1.4,2.4,50.2,12.7,100.0,0.0,4.8,5.5,0.0,2.7,0.0,1.5,14.6,9.7,0.4,0.8,0.1939,0.2614,0.1798,0.2535,0.3861,1.2747,0.0488,0.8202,0.0888,0.5434,0.039,0.2167,1.7081,0.115,0.5536,0.5536,0.5536,0.649,0.0,0.0,0.5293,0.5688,1.7471,0.3872,5.2835,0.1009,0,0,0,0,0,0,0,0,0,0,0,0,0,0,0,0,0,0,0,0,0,1544,1104,905,0,14,2991,705,0,14,0,14,0,14,0,14,0,14,37.0,8.8,0.0,1.6,100.0,1.6,0.0,1.6,0.0,1.6,0.0,1.6,0.0,1.6,0.0,1.6
72,Puerto Rico,PR,72127,San Juan,72127010046,"Census Tract 100.46, San Juan Municipio, Puerto Rico",1.549489874524,4398,796,1939,261,1837,264,2091,658,247,156,447,187,576,286,334,200,855,297,1013,352,958,355,111,97,2215,507,4398,796,294,142,0,14,66,84,330,178,41,30,48.0,12.3,12.8,7.3,24.3,9.6,18.0,7.9,7.7,4.6,19.4,7.2,23.0,6.8,22.0,7.0,6.0,5.2,54.3,7.4,100.0,0.0,15.2,7.0,0.0,2.4,3.6,4.5,18.0,8.9,0.9,0.7,0.2124,0.4382,0.5374,0.3489,0.6562,2.1931,0.3731,0.3889,0.8321,0.5054,0.3424,0.2774,2.3462,0.3883,0.5536,0.5536,0.5536,0.8137,0.0,0.688,0.6898,0.7389,2.9304,0.8818,8.0233,0.6584,0,0,0,0,0,0,0,0,0,0,0,0,0,0,0,0,0,0,0,0,0,1642,1984,1108,0,14,4398,796,0,14,0,14,0,14,0,14,0,14,45.5,8.3,0.0,1.1,100.0,1.1,0.0,1.1,0.0,1.1,0.0,1.1,0.0,1.1,0.0,1.1
72,Puerto Rico,PR,72127,San Juan,72127010100,"Census Tract 101, San Juan Municipio, Puerto Rico",3.285697904044,7177,1198,2849,295,2375,310,3271,1107,340,236,288,161,656,284,702,503,1213,369,1089,438,1468,385,31,53,2835,785,6691,1172,83,77,0,20,96,96,232,131,24,15,45.7,13.4,10.3,6.6,12.1,6.6,13.0,5.2,9.8,6.4,16.9,5.1,15.2,5.6,20.5,5.1,1.3,2.2,40.5,8.9,93.2,5.0,2.9,2.7,0.0,1.7,4.0,4.0,9.8,5.3,0.3,0.2,0.1853,0.3395,0.0802,0.182,0.8134,1.6004,0.1182,0.2362,0.2622,0.4024,0.0368,0.1062,1.0438,0.0163,0.0206,0.0206,0.0206,0.572,0.0,0.74,0.2668,0.5255,2.1043,0.564,4.7691,0.0542,0,0,0,0,0,0,0,0,0,0,0,0,0,0,0,0,0,0,0,0,0,9353,2094,1525,0,20,6691,1171,0,20,0,20,0,20,0,20,0,20,29.3,4.9,0.0,0.7,93.2,5.6,0.0,0.7,0.0,0.7,0.0,0.7,0.0,0.7,0.0,0.7
72,Puerto Rico,PR,72127,San Juan,72127010200,"Census Tract 102, San Juan Municipio, Puerto Rico",3.38820721284,6092,956,2768,300,2282,285,3336,953,287,184,441,193,1096,357,250,165,1617,386,809,344,1161,349,119,111,3190,603,6026,935,21,40,0,20,0,28,344,174,67,46,55.2,13.1,11.3,6.3,19.3,8.1,24.1,6.6,4.1,2.6,26.5,6.6,13.3,5.2,19.2,5.6,5.2,4.8,55.4,6.2,98.9,21.8,0.8,1.4,0.0,1.7,0.0,1.2,15.1,7.1,1.1,0.7,0.3424,0.3753,0.2893,0.5677,0.2082,1.7829,0.1833,0.8007,0.1517,0.3319,0.2719,0.3023,1.8585,0.1594,0.2579,0.2579,0.2579,0.4171,0.0,0.0,0.5586,0.7746,1.7503,0.3905,5.6496,0.1551,0,0,0,0,0,0,0,0,0,0,0,0,0,0,0,0,0,0,0,0,0,5047,2383,1288,0,20,6026,934,0,20,0,20,0,20,0,20,0,20,39.6,6.3,0.0,0.8,98.9,1.3,0.0,0.8,0.0,0.8,0.0,0.8,0.0,0.8,0.0,0.8
72,Puerto Rico,PR,72127,San Juan,72127010500,"Census Tract 105, San Juan Municipio, Puerto Rico",1.085482529576,3427,519,2618,319,2122,271,854,271,182,136,524,192,160,100,0,14,682,180,216,130,471,165,41,48,676,249,3396,528,2008,275,0,14,16,28,320,128,0,14,24.9,7.0,8.7,6.2,24.7,8.5,5.8,3.6,0.0,1.4,19.9,5.7,6.3,3.7,13.7,4.5,1.9,2.2,19.9,6.7,99.1,3.5,76.7,4.8,0.0,1.8,0.8,1.3,15.1,5.8,0.0,0.4,0.0314,0.2516,0.5601,0.0455,0.0,0.8886,0.0119,0.4269,0.0141,0.1312,0.0531,0.0282,0.6535,0.0054,0.2914,0.2914,0.2914,0.9859,0.0,0.2405,0.5586,0.0,1.785,0.4089,3.6185,0.0119,0,0,0,0,0,0,0,0,0,0,0,0,0,0,1,0,0,0,0,1,1,22299,996,758,0,14,3396,527,0,14,0,14,0,14,0,14,0,14,29.1,4.4,0.0,1.4,99.1,1.5,0.0,1.4,0.0,1.4,0.0,1.4,0.0,1.4,0.0,1.4
72,Puerto Rico,PR,72127,San Juan,72127980000,"Census Tract 9800, San Juan Municipio, Puerto Rico",0.480452201332,7,9,7,9,7,9,7,9,0,14,0,28,0,14,0,14,0,14,0,14,0,14,0,19,0,56,7,35,0,19,7,9,0,19,7,9,0,14,100.0,0.0,0.0,100.0,0.0,400.0,0.0,100.0,0.0,100.0,0.0,100.0,0.0,200.0,0.0,100.0,0.0,271.4,0.0,800.0,100.0,483.2,0.0,271.4,100.0,100.0,0.0,271.4,100.0,100.0,0.0,200.0,0.9978,0.0,0.0,0.0,0.0,0.9978,0.026,0.0,0.0,0.0,0.0,0.0,0.0,0.0,0.5536,0.5536,0.5536,0.0,1.0,0.0,0.9989,0.0,1.9989,0.5054,3.5503,0.0098,1,0,0,0,0,1,0,0,0,0,0,0,0,0,0,1,0,1,0,2,3,2338,7,16,0,14,7,9,0,14,0,14,0,14,0,14,0,14,100.0,128.6,0.0,100.0,100.0,100.0,0.0,100.0,0.0,100.0,0.0,100.0,0.0,100.0,0.0,100.0
72,Puerto Rico,PR,72127,San Juan,72127980101,"Census Tract 9801.01, San Juan Municipio, Puerto Rico",0.210698564114,0,14,0,14,0,14,0,14,0,14,0,28,0,14,0,14,0,14,0,14,0,14,0,19,0,56,0,37,0,19,0,14,0,19,0,14,0,14,0.0,-999.0,-999.0,-999.0,0.0,-999.0,-999.0,-999.0,-999.0,-999.0,-999.0,-999.0,0.0,-999.0,-999.0,-999.0,0.0,-999.0,0.0,-999.0,0.0,-999.0,0.0,-999.0,-999.0,-999.0,0.0,-999.0,-999.0,-999.0,0.0,-999.0,-999.0,-999.0,-999.0,-999.0,-999.0,-999.0,-999.0,-999.0,-999.0,-999.0,-999.0,-999.0,-999.0,-999.0,-999.0,-999.0,-999.0,-999.0,-999.0,-999.0,-999.0,-999.0,-999.0,-999.0,-999.0,-999.0,-999,-999,-999,-999,-999,-999,-999,-999,-999,-999,-999,-999,-999,-999,-999,-999,-999,-999,-999,-999,-999,1934,0,19,0,14,0,14,0,14,0,14,0,14,0,14,0,14,0.0,-999.0,-999.0,-999.0,-999.0,-999.0,-999.0,-999.0,-999.0,-999.0,-999.0,-999.0,-999.0,-999.0,-999.0,-999.0
72,Puerto Rico,PR,72127,San Juan,72127980102,"Census Tract 9801.02, San Juan Municipio, Puerto Rico",0.093464483344,0,14,0,14,0,14,0,14,0,14,0,28,0,14,0,14,0,14,0,14,0,14,0,19,0,56,0,37,0,19,0,14,0,19,0,14,0,14,0.0,-999.0,-999.0,-999.0,0.0,-999.0,-999.0,-999.0,-999.0,-999.0,-999.0,-999.0,0.0,-999.0,-999.0,-999.0,0.0,-999.0,0.0,-999.0,0.0,-999.0,0.0,-999.0,-999.0,-999.0,0.0,-999.0,-999.0,-999.0,0.0,-999.0,-999.0,-999.0,-999.0,-999.0,-999.0,-999.0,-999.0,-999.0,-999.0,-999.0,-999.0,-999.0,-999.0,-999.0,-999.0,-999.0,-999.0,-999.0,-999.0,-999.0,-999.0,-999.0,-999.0,-999.0,-999.0,-999.0,-999,-999,-999,-999,-999,-999,-999,-999,-999,-999,-999,-999,-999,-999,-999,-999,-999,-999,-999,-999,-999,357,0,19,0,14,0,14,0,14,0,14,0,14,0,14,0,14,0.0,-999.0,-999.0,-999.0,-999.0,-999.0,-999.0,-999.0,-999.0,-999.0,-999.0,-999.0,-999.0,-999.0,-999.0,-999.0
72,Puerto Rico,PR,72127,San Juan,72127980103,"Census Tract 9801.03, San Juan Municipio, Puerto Rico",0.242015683436,729,169,322,55,269,56,716,171,43,39,96,56,89,51,0,14,51,52,394,133,86,52,172,57,523,160,729,172,134,62,0,14,0,19,187,62,0,14,98.2,5.7,35.2,29.6,35.7,19.4,39.7,17.4,0.0,6.3,7.0,7.4,54.0,13.3,11.8,6.7,63.9,16.5,91.3,15.7,100.0,4.4,41.6,17.9,0.0,13.7,0.0,7.1,69.5,17.0,0.0,1.9,0.9924,0.9414,0.909,0.9372,0.0,3.78,0.9403,0.0119,1.0,0.0835,1.0,0.9978,3.0932,0.82,0.5536,0.5536,0.5536,0.948,0.0,0.0,0.9957,0.0,1.9437,0.4794,9.3705,0.8861,1,1,1,1,0,4,0,1,0,1,1,3,0,0,1,0,0,1,0,2,9,4688,624,201,0,14,729,169,0,14,0,14,0,14,0,14,0,14,85.6,19.8,0.0,6.3,100.0,6.3,0.0,6.3,0.0,6.3,0.0,6.3,0.0,6.3,0.0,6.3
72,Puerto Rico,PR,72127,San Juan,72127980104,"Census Tract 9801.04, San Juan Municipio, Puerto Rico",0.613964342422,0,14,0,14,0,14,0,14,0,14,0,28,0,14,0,14,0,14,0,14,0,14,0,19,0,56,0,37,0,19,0,14,0,19,0,14,0,14,0.0,-999.0,-999.0,-999.0,0.0,-999.0,-999.0,-999.0,-999.0,-999.0,-999.0,-999.0,0.0,-999.0,-999.0,-999.0,0.0,-999.0,0.0,-999.0,0.0,-999.0,0.0,-999.0,-999.0,-999.0,0.0,-999.0,-999.0,-999.0,0.0,-999.0,-999.0,-999.0,-999.0,-999.0,-999.0,-999.0,-999.0,-999.0,-999.0,-999.0,-999.0,-999.0,-999.0,-999.0,-999.0,-999.0,-999.0,-999.0,-999.0,-999.0,-999.0,-999.0,-999.0,-999.0,-999.0,-999.0,-999,-999,-999,-999,-999,-999,-999,-999,-999,-999,-999,-999,-999,-999,-999,-999,-999,-999,-999,-999,-999,22309,0,19,0,14,0,14,0,14,0,14,0,14,0,14,0,14,0.0,-999.0,-999.0,-999.0,-999.0,-999.0,-999.0,-999.0,-999.0,-999.0,-999.0,-999.0,-999.0,-999.0,-999.0,-999.0
72,Puerto Rico,PR,72127,San Juan,72127980105,"Census Tract 9801.05, San Juan Municipio, Puerto Rico",0.10117223757,0,14,0,14,0,14,0,14,0,14,0,28,0,14,0,14,0,14,0,14,0,14,0,19,0,56,0,37,0,19,0,14,0,19,0,14,0,14,0.0,-999.0,-999.0,-999.0,0.0,-999.0,-999.0,-999.0,-999.0,-999.0,-999.0,-999.0,0.0,-999.0,-999.0,-999.0,0.0,-999.0,0.0,-999.0,0.0,-999.0,0.0,-999.0,-999.0,-999.0,0.0,-999.0,-999.0,-999.0,0.0,-999.0,-999.0,-999.0,-999.0,-999.0,-999.0,-999.0,-999.0,-999.0,-999.0,-999.0,-999.0,-999.0,-999.0,-999.0,-999.0,-999.0,-999.0,-999.0,-999.0,-999.0,-999.0,-999.0,-999.0,-999.0,-999.0,-999.0,-999,-999,-999,-999,-999,-999,-999,-999,-999,-999,-999,-999,-999,-999,-999,-999,-999,-999,-999,-999,-999,455,0,19,0,14,0,14,0,14,0,14,0,14,0,14,0,14,0.0,-999.0,-999.0,-999.0,-999.0,-999.0,-999.0,-999.0,-999.0,-999.0,-999.0,-999.0,-999.0,-999.0,-999.0,-999.0
72,Puerto Rico,PR,72127,San Juan,72127980107,"Census Tract 9801.07, San Juan Municipio, Puerto Rico",0.041448435802,0,14,0,14,0,14,0,14,0,14,0,28,0,14,0,14,0,14,0,14,0,14,0,19,0,56,0,37,0,19,0,14,0,19,0,14,0,14,0.0,-999.0,-999.0,-999.0,0.0,-999.0,-999.0,-999.0,-999.0,-999.0,-999.0,-999.0,0.0,-999.0,-999.0,-999.0,0.0,-999.0,0.0,-999.0,0.0,-999.0,0.0,-999.0,-999.0,-999.0,0.0,-999.0,-999.0,-999.0,0.0,-999.0,-999.0,-999.0,-999.0,-999.0,-999.0,-999.0,-999.0,-999.0,-999.0,-999.0,-999.0,-999.0,-999.0,-999.0,-999.0,-999.0,-999.0,-999.0,-999.0,-999.0,-999.0,-999.0,-999.0,-999.0,-999.0,-999.0,-999,-999,-999,-999,-999,-999,-999,-999,-999,-999,-999,-999,-999,-999,-999,-999,-999,-999,-999,-999,-999,803,0,19,0,14,0,14,0,14,0,14,0,14,0,14,0,14,0.0,-999.0,-999.0,-999.0,-999.0,-999.0,-999.0,-999.0,-999.0,-999.0,-999.0,-999.0,-999.0,-999.0,-999.0,-999.0
72,Puerto Rico,PR,72127,San Juan,72127980108,"Census Tract 9801.08, San Juan Municipio, Puerto Rico",0.288470703872,0,14,0,14,0,14,0,14,0,14,0,28,0,14,0,14,0,14,0,14,0,14,0,19,0,56,0,37,0,19,0,14,0,19,0,14,0,14,0.0,-999.0,-999.0,-999.0,0.0,-999.0,-999.0,-999.0,-999.0,-999.0,-999.0,-999.0,0.0,-999.0,-999.0,-999.0,0.0,-999.0,0.0,-999.0,0.0,-999.0,0.0,-999.0,-999.0,-999.0,0.0,-999.0,-999.0,-999.0,0.0,-999.0,-999.0,-999.0,-999.0,-999.0,-999.0,-999.0,-999.0,-999.0,-999.0,-999.0,-999.0,-999.0,-999.0,-999.0,-999.0,-999.0,-999.0,-999.0,-999.0,-999.0,-999.0,-999.0,-999.0,-999.0,-999.0,-999.0,-999,-999,-999,-999,-999,-999,-999,-999,-999,-999,-999,-999,-999,-999,-999,-999,-999,-999,-999,-999,-999,3558,0,19,0,14,0,14,0,14,0,14,0,14,0,14,0,14,0.0,-999.0,-999.0,-999.0,-999.0,-999.0,-999.0,-999.0,-999.0,-999.0,-999.0,-999.0,-999.0,-999.0,-999.0,-999.0
72,Puerto Rico,PR,72127,San Juan,72127980200,"Census Tract 9802, San Juan Municipio, Puerto Rico",0.088753652842,39,64,10,16,10,16,39,64,20,32,0,28,20,32,10,17,0,14,19,32,10,17,0,19,39,69,20,46,0,19,0,14,0,19,10,16,0,14,100.0,0.0,100.0,80.2,0.0,280.0,100.0,80.2,25.6,4.6,0.0,57.4,48.7,18.6,25.6,4.6,0.0,190.0,100.0,66.1,51.3,82.6,0.0,190.0,0.0,100.0,0.0,190.0,100.0,100.0,0.0,35.9,0.9978,1.0,0.0,1.0,0.9957,3.9935,0.9675,0.0,0.9989,0.6887,0.0,0.9989,2.6865,0.5987,0.0,0.0,0.0,0.0,0.0,0.0,0.9989,0.0,0.9989,0.0976,7.6789,0.5781,1,1,0,1,1,4,0,1,0,0,1,2,0,0,0,0,0,1,0,1,7,1047,0,90,0,14,20,32,0,14,0,14,0,14,0,14,0,14,0.0,230.8,0.0,57.4,51.3,6.3,0.0,57.4,0.0,57.4,0.0,57.4,0.0,57.4,0.0,57.4
72,Puerto Rico,PR,72127,San Juan,72127980300,"Census Tract 9803, San Juan Municipio, Puerto Rico",0.093535912214,0,14,0,14,0,14,0,14,0,14,0,28,0,14,0,14,0,14,0,14,0,14,0,19,0,56,0,37,0,19,0,14,0,19,0,14,0,14,0.0,-999.0,-999.0,-999.0,0.0,-999.0,-999.0,-999.0,-999.0,-999.0,-999.0,-999.0,0.0,-999.0,-999.0,-999.0,0.0,-999.0,0.0,-999.0,0.0,-999.0,0.0,-999.0,-999.0,-999.0,0.0,-999.0,-999.0,-999.0,0.0,-999.0,-999.0,-999.0,-999.0,-999.0,-999.0,-999.0,-999.0,-999.0,-999.0,-999.0,-999.0,-999.0,-999.0,-999.0,-999.0,-999.0,-999.0,-999.0,-999.0,-999.0,-999.0,-999.0,-999.0,-999.0,-999.0,-999.0,-999,-999,-999,-999,-999,-999,-999,-999,-999,-999,-999,-999,-999,-999,-999,-999,-999,-999,-999,-999,-999,855,0,19,0,14,0,14,0,14,0,14,0,14,0,14,0,14,0.0,-999.0,-999.0,-999.0,-999.0,-999.0,-999.0,-999.0,-999.0,-999.0,-999.0,-999.0,-999.0,-999.0,-999.0,-999.0
72,Puerto Rico,PR,72129,San Lorenzo,72129220100,"Census Tract 2201, San Lorenzo Municipio, Puerto Rico",7.407730964186,6585,975,2996,300,2496,321,3400,799,105,94,749,259,989,318,262,184,1401,355,1201,350,861,257,188,103,3632,631,6576,989,0,28,0,20,42,52,348,150,36,41,51.8,9.4,4.4,3.6,30.0,9.6,20.4,6.3,4.0,2.7,21.3,5.2,18.2,4.6,13.1,3.8,7.5,4.0,57.3,5.2,99.9,2.6,0.0,0.9,0.0,1.6,1.7,2.1,13.9,6.0,0.5,0.6,0.2741,0.0781,0.779,0.4312,0.1985,1.7609,0.1735,0.5276,0.4951,0.1095,0.4605,0.3456,1.9383,0.1909,0.546,0.546,0.546,0.0,0.0,0.4139,0.4935,0.6165,1.5239,0.2907,5.7691,0.1735,0,0,0,0,0,0,0,0,0,0,0,0,0,0,0,0,0,0,0,0,0,4733,1696,1344,0,20,6547,987,29,48,0,20,0,20,0,20,0,20,25.9,3.9,0.0,0.7,99.4,0.8,0.4,0.7,0.0,0.7,0.0,0.7,0.0,0.7,0.0,0.7
72,Puerto Rico,PR,72129,San Lorenzo,72129220200,"Census Tract 2202, San Lorenzo Municipio, Puerto Rico",0.477927094252,2651,449,1248,153,1042,150,2011,436,65,55,471,142,551,175,94,109,524,137,496,183,518,154,162,106,1750,369,2651,450,17,29,0,14,7,19,258,95,43,36,76.7,10.3,6.8,6.0,45.2,12.0,29.5,8.3,3.6,4.1,19.8,5.5,18.7,6.1,19.8,6.4,15.5,9.9,69.4,8.1,100.0,1.1,1.4,2.3,0.0,3.7,0.7,1.8,24.8,8.5,1.6,1.3,0.8342,0.1649,0.9935,0.7356,0.154,2.8822,0.6909,0.4193,0.545,0.3633,0.8819,0.662,2.8715,0.7115,0.5536,0.5536,0.5536,0.4919,0.0,0.2264,0.8243,0.8472,2.3898,0.6996,8.6971,0.8015,0,0,1,0,0,1,0,0,0,0,0,0,0,0,0,0,0,0,0,0,1,7693,855,626,0,14,2651,449,0,14,0,14,0,14,0,14,0,14,32.8,5.5,0.0,1.8,100.0,1.8,0.0,1.8,0.0,1.8,0.0,1.8,0.0,1.8,0.0,1.8
72,Puerto Rico,PR,72129,San Lorenzo,72129220300,"Census Tract 2203, San Lorenzo Municipio, Puerto Rico",0.260776765718,1530,304,972,113,695,118,1242,250,59,56,249,78,346,98,117,74,377,100,309,144,427,119,104,62,1096,248,1530,305,43,37,0,14,0,19,190,60,0,14,81.2,2.6,12.6,10.7,35.8,9.4,32.1,7.5,7.6,4.6,24.6,7.1,20.2,8.5,27.9,7.2,15.0,8.5,72.9,7.8,100.0,1.6,4.4,3.8,0.0,4.8,0.0,2.7,27.3,8.2,0.0,0.9,0.9133,0.4328,0.9101,0.8061,0.6421,3.7044,0.9306,0.7313,0.6587,0.7907,0.8657,0.766,3.8124,0.9881,0.5536,0.5536,0.5536,0.6295,0.0,0.0,0.8612,0.0,1.4907,0.2744,9.5611,0.9046,1,0,1,0,0,2,0,0,0,0,0,0,0,0,0,0,0,0,0,0,2,3469,742,384,0,14,1530,304,0,14,0,14,0,14,0,14,0,14,48.5,9.6,0.0,3.1,100.0,3.1,0.0,3.1,0.0,3.1,0.0,3.1,0.0,3.1,0.0,3.1
72,Puerto Rico,PR,72129,San Lorenzo,72129220401,"Census Tract 2204.01, San Lorenzo Municipio, Puerto Rico",6.147977049788,5003,774,2065,194,1845,216,2721,605,123,83,457,155,590,196,403,230,862,224,958,259,659,208,79,67,3100,563,5003,775,14,29,0,20,19,29,170,90,9,9,54.4,8.7,7.2,4.7,24.8,7.9,16.4,4.5,8.1,4.5,17.2,3.9,19.1,4.3,13.2,3.7,4.3,3.6,64.4,6.0,100.0,0.8,0.7,1.4,0.0,2.3,1.0,1.6,9.2,4.8,0.2,0.2,0.325,0.1735,0.5655,0.2969,0.6974,2.0583,0.3059,0.2514,0.572,0.1117,0.195,0.4984,1.6285,0.0998,0.5536,0.5536,0.5536,0.4009,0.0,0.2839,0.2386,0.4735,1.3969,0.2289,5.6373,0.1518,0,0,0,0,0,0,0,0,0,0,0,0,0,0,0,0,0,0,0,0,0,2702,1382,1052,0,20,5003,774,0,20,0,20,0,20,0,20,0,20,27.7,4.3,0.0,0.9,100.0,0.9,0.0,0.9,0.0,0.9,0.0,0.9,0.0,0.9,0.0,0.9
72,Puerto Rico,PR,72129,San Lorenzo,72129220402,"Census Tract 2204.02, San Lorenzo Municipio, Puerto Rico",3.63865227514,4888,715,2122,183,1861,198,3426,623,109,81,633,157,664,188,433,168,840,184,1225,386,853,235,242,119,3283,542,4888,717,26,43,0,14,157,93,275,104,7,10,70.2,7.6,7.1,5.5,34.0,7.6,21.2,5.5,8.9,3.5,17.2,4.3,25.1,7.0,17.5,4.2,13.0,6.2,70.8,5.5,100.0,1.1,1.2,2.0,0.0,2.2,8.4,4.9,14.8,5.5,0.1,0.2,0.6782,0.1725,0.8732,0.468,0.7484,2.9403,0.7202,0.2514,0.9079,0.2516,0.8137,0.6966,2.9212,0.7321,0.5536,0.5536,0.5536,0.4713,0.0,0.974,0.5445,0.4334,2.4232,0.7115,8.8383,0.82,0,0,0,0,0,0,0,1,0,0,0,1,0,0,0,0,1,0,0,1,2,3112,2081,972,0,14,4865,716,23,38,0,14,0,14,0,14,0,14,42.6,6.2,0.0,1.0,99.5,0.8,0.5,0.8,0.0,1.0,0.0,1.0,0.0,1.0,0.0,1.0
72,Puerto Rico,PR,72129,San Lorenzo,72129220501,"Census Tract 2205.01, San Lorenzo Municipio, Puerto Rico",3.840642694746,3709,671,1295,145,1138,132,2036,515,67,48,36,51,905,227,139,83,557,156,702,296,442,143,82,65,2810,513,3709,671,0,19,0,14,123,80,173,91,0,14,54.9,9.7,5.6,3.9,3.2,4.5,33.3,6.9,3.7,2.3,15.0,4.8,18.9,7.2,11.9,3.8,7.2,5.7,79.4,3.6,100.0,0.0,0.0,1.5,0.0,3.6,10.8,6.9,15.2,7.6,0.0,0.4,0.3348,0.1204,0.0054,0.8353,0.1649,1.4608,0.077,0.1322,0.5569,0.0846,0.4334,0.9036,2.1107,0.282,0.5536,0.5536,0.5536,0.0,0.0,0.9946,0.5694,0.0,1.564,0.3134,5.6891,0.1584,0,0,0,0,0,0,0,0,0,0,1,1,0,0,0,0,1,0,0,1,2,1944,1246,1007,0,14,3709,671,0,14,0,14,0,14,0,14,0,14,33.6,6.1,0.0,1.3,100.0,1.3,0.0,1.3,0.0,1.3,0.0,1.3,0.0,1.3,0.0,1.3
72,Puerto Rico,PR,72129,San Lorenzo,72129220502,"Census Tract 2205.02, San Lorenzo Municipio, Puerto Rico",3.709597359334,4098,718,1825,191,1533,200,2200,563,140,98,189,92,647,206,260,173,639,147,750,344,616,232,125,89,2426,449,4098,718,0,19,0,14,32,50,272,119,0,14,53.7,10.0,9.7,6.5,12.3,5.8,22.2,6.4,6.3,4.3,15.6,4.2,18.3,7.8,15.0,5.0,8.2,5.7,61.8,5.1,100.0,0.0,0.0,1.0,0.0,2.6,2.1,3.3,17.7,7.1,0.0,0.3,0.3055,0.3134,0.0834,0.5038,0.4892,1.6953,0.1486,0.1593,0.5038,0.1681,0.5255,0.4507,1.8074,0.141,0.5536,0.5536,0.5536,0.0,0.0,0.4908,0.6779,0.0,1.1687,0.1497,5.225,0.0954,0,0,0,0,0,0,0,0,0,0,0,0,0,0,0,0,0,0,0,0,0,2316,1278,966,0,14,4098,718,0,14,0,14,0,14,0,14,0,14,31.2,5.5,0.0,1.2,100.0,1.2,0.0,1.2,0.0,1.2,0.0,1.2,0.0,1.2,0.0,1.2
72,Puerto Rico,PR,72129,San Lorenzo,72129220600,"Census Tract 2206, San Lorenzo Municipio, Puerto Rico",6.63165513333,2901,543,1501,157,1131,164,2086,485,93,78,164,92,750,206,231,193,557,179,510,226,441,167,67,78,2104,468,2901,550,0,19,0,14,28,48,269,116,0,14,72.5,9.8,9.0,7.3,14.5,7.9,36.4,8.5,8.0,6.5,19.2,6.6,17.6,7.1,15.2,5.5,5.9,6.8,75.0,9.2,100.0,3.0,0.0,1.3,0.0,3.1,2.5,4.2,23.8,10.1,0.0,0.5,0.7356,0.2614,0.1322,0.8917,0.6876,2.7085,0.6247,0.3738,0.441,0.1757,0.3326,0.8191,2.1422,0.2918,0.5536,0.5536,0.5536,0.0,0.0,0.5558,0.8026,0.0,1.3584,0.2072,6.7627,0.3514,0,0,0,0,0,0,0,0,0,0,0,0,0,0,0,0,0,0,0,0,0,1711,940,734,22,35,2814,539,65,102,0,14,0,14,0,14,0,14,32.4,6.1,0.8,1.2,97.0,3.7,2.2,3.5,0.0,1.6,0.0,1.6,0.0,1.6,0.0,1.6
72,Puerto Rico,PR,72129,San Lorenzo,72129220700,"Census Tract 2207, San Lorenzo Municipio, Puerto Rico",20.99258388763,5221,982,2152,293,1935,285,3689,936,306,252,229,138,1778,429,233,152,1184,275,581,325,899,312,0,28,4357,789,5221,983,0,28,0,20,26,46,405,165,0,20,70.7,12.0,24.1,16.1,11.8,6.9,42.1,8.9,4.5,3.0,22.7,5.8,11.1,5.9,17.2,5.8,0.0,1.4,85.6,22.3,100.0,0.8,0.0,1.3,0.0,2.2,1.3,2.4,20.9,8.2,0.0,0.4,0.6945,0.7983,0.0726,0.9697,0.2592,2.7943,0.6627,0.6208,0.0813,0.2397,0.0,0.9772,1.919,0.18,0.5536,0.5536,0.5536,0.0,0.0,0.3326,0.7636,0.0,1.0962,0.1291,6.3631,0.2722,0,0,0,1,0,1,0,0,0,0,1,1,0,0,0,0,0,0,0,0,2,3275,2430,1231,0,20,5221,982,0,20,0,20,0,20,0,20,0,20,46.5,8.7,0.0,0.9,100.0,0.9,0.0,0.9,0.0,0.9,0.0,0.9,0.0,0.9,0.0,0.9
72,Puerto Rico,PR,72131,San Sebastián,72131009200,"Census Tract 92, San Sebastián Municipio, Puerto Rico",0.51369905845,2309,558,1365,176,871,144,1726,493,108,81,228,96,625,160,84,64,493,121,721,330,680,150,72,70,1403,389,2140,519,125,78,0,14,40,47,256,97,5,3,74.8,11.4,18.4,12.0,26.2,10.1,42.9,9.2,3.6,2.8,21.4,7.2,31.2,12.1,29.4,7.8,8.3,7.9,68.2,9.3,92.7,1.8,9.2,5.6,0.0,3.4,4.6,5.3,29.4,10.3,0.2,0.1,0.7909,0.6605,0.6327,0.9762,0.154,3.2143,0.8297,0.5363,0.9837,0.8514,0.5309,0.6262,3.5285,0.9577,0.0173,0.0173,0.0173,0.7465,0.0,0.7952,0.8861,0.4735,2.9013,0.8764,9.6614,0.9121,0,0,0,1,0,1,0,1,0,0,0,1,0,0,0,0,0,0,0,0,2,3562,1356,716,0,14,2078,515,12,20,0,14,0,14,50,56,0,14,58.9,14.3,0.0,2.0,90.0,4.2,0.5,0.9,0.0,2.0,0.0,2.0,2.2,2.3,0.0,2.0
72,Puerto Rico,PR,72131,San Sebastián,72131958500,"Census Tract 9585, San Sebastián Municipio, Puerto Rico",11.762968474022,4847,663,2118,183,1617,175,3337,574,201,105,269,103,1266,256,351,186,1138,232,1036,316,1249,290,55,50,3209,537,4723,640,33,39,13,22,18,34,144,86,42,17,69.0,7.1,13.4,7.1,16.6,6.1,36.6,7.0,7.3,3.7,23.5,5.1,21.4,5.8,25.8,6.3,3.4,3.1,68.3,6.6,97.4,18.8,1.6,1.8,0.6,1.1,1.1,2.1,8.9,5.3,0.9,0.3,0.6436,0.4685,0.2015,0.8938,0.6106,2.818,0.6703,0.6761,0.74,0.7007,0.13,0.6295,2.8763,0.7148,0.0997,0.0997,0.0997,0.5157,0.8048,0.3055,0.2158,0.7389,2.5807,0.7831,8.3747,0.7419,0,0,0,0,0,0,0,0,0,0,0,0,0,0,0,0,0,0,0,0,0,2863,2779,899,0,14,4723,640,0,14,0,14,0,14,0,14,0,14,57.8,8.0,0.0,1.0,97.4,2.0,0.0,1.0,0.0,1.0,0.0,1.0,0.0,1.0,0.0,1.0
72,Puerto Rico,PR,72131,San Sebastián,72131958700,"Census Tract 9587, San Sebastián Municipio, Puerto Rico",8.645897915764,4755,712,2249,222,1866,239,3061,593,204,130,298,148,1118,280,227,129,1138,264,635,256,1228,302,121,105,3057,550,4579,695,0,19,0,14,0,19,201,104,0,14,64.4,7.9,14.0,8.2,16.0,7.7,30.6,6.7,4.8,2.6,23.9,5.4,13.4,5.0,25.8,6.1,6.5,5.6,64.8,6.4,96.3,2.4,0.0,0.8,0.0,2.1,0.0,1.0,10.8,5.6,0.0,0.3,0.5406,0.4924,0.1853,0.766,0.2972,2.2815,0.4165,0.6988,0.1571,0.7007,0.3759,0.507,2.4395,0.449,0.0639,0.0639,0.0639,0.0,0.0,0.0,0.3254,0.0,0.3254,0.0108,5.1103,0.0846,0,0,0,0,0,0,0,0,0,0,0,0,0,0,0,0,0,0,0,0,0,7070,2495,919,0,14,4556,694,0,14,0,14,0,14,0,14,23,36,52.5,7.9,0.0,1.0,95.8,2.9,0.0,1.0,0.0,1.0,0.0,1.0,0.0,1.0,0.5,0.8
72,Puerto Rico,PR,72131,San Sebastián,72131958800,"Census Tract 9588, San Sebastián Municipio, Puerto Rico",13.914134994818,5610,767,2701,252,2035,240,3975,700,319,189,506,176,1415,412,373,239,1169,304,977,367,1501,438,153,108,3750,674,5406,799,0,28,51,59,37,61,205,123,33,72,71.3,8.0,17.9,10.3,24.9,8.1,34.9,8.7,6.7,4.5,20.8,5.7,17.4,6.1,26.9,7.8,7.5,5.2,69.8,8.3,96.4,5.4,0.0,1.0,1.9,2.2,1.8,3.0,10.1,5.9,0.6,1.3,0.7064,0.6432,0.5731,0.87,0.5434,3.3361,0.8612,0.4908,0.4204,0.7484,0.4605,0.6739,2.794,0.6768,0.0661,0.0661,0.0661,0.0,0.9685,0.4345,0.2842,0.6522,2.3394,0.6768,8.5356,0.7679,0,0,0,0,0,0,0,0,0,0,0,0,0,0,0,1,0,0,0,1,1,3503,3156,1041,0,20,5290,777,0,20,0,20,0,20,116,182,0,20,56.6,7.7,0.0,0.8,94.3,3.8,0.0,0.8,0.0,0.8,0.0,0.8,2.1,3.3,0.0,0.8
72,Puerto Rico,PR,72131,San Sebastián,72131958900,"Census Tract 9589, San Sebastián Municipio, Puerto Rico",0.71636399825,2351,391,1134,148,915,132,1539,367,280,174,186,87,549,158,17,27,548,155,473,199,618,217,88,77,1608,329,2351,392,101,55,0,14,15,26,129,78,0,14,65.5,11.2,43.9,22.6,20.3,9.0,33.6,8.8,0.7,1.2,23.3,6.7,20.1,7.8,26.3,8.5,9.6,8.3,73.7,9.8,100.0,1.2,8.9,4.7,0.0,4.1,1.6,2.8,14.1,8.4,0.0,0.6,0.571,0.9794,0.3369,0.8451,0.0108,2.7432,0.641,0.6587,0.6511,0.7223,0.6197,0.7909,3.4427,0.9393,0.5536,0.5536,0.5536,0.7432,0.0,0.3922,0.5054,0.0,1.6408,0.3427,8.3803,0.744,0,1,0,0,0,1,0,0,0,0,0,0,0,0,0,0,0,0,0,0,1,3001,957,573,0,14,2351,391,0,14,0,14,0,14,0,14,0,14,40.7,6.8,0.0,2.0,100.0,2.0,0.0,2.0,0.0,2.0,0.0,2.0,0.0,2.0,0.0,2.0
72,Puerto Rico,PR,72131,San Sebastián,72131959000,"Census Tract 9590, San Sebastián Municipio, Puerto Rico",0.81842620093,3087,454,1841,166,1322,171,1796,442,133,98,312,128,636,179,137,85,897,185,522,203,817,201,132,76,2103,368,3067,456,42,40,0,14,0,19,284,115,0,14,58.2,11.5,16.0,11.1,23.6,9.2,27.0,6.7,4.4,2.6,29.1,6.4,16.9,6.1,26.5,7.0,10.0,5.6,69.2,6.5,99.4,2.1,2.3,2.2,0.0,2.5,0.0,1.4,21.5,7.8,0.0,0.5,0.4009,0.5748,0.5027,0.6587,0.244,2.3811,0.462,0.8787,0.3857,0.7375,0.6479,0.6566,3.3064,0.8959,0.3694,0.3694,0.3694,0.5547,0.0,0.0,0.7733,0.0,1.328,0.2028,7.3849,0.5033,0,0,0,0,0,0,0,0,0,0,0,0,0,0,0,0,0,0,0,0,0,1673,1904,561,0,14,3067,455,0,14,0,14,0,14,0,14,0,14,61.7,9.1,0.0,1.5,99.4,1.0,0.0,1.5,0.0,1.5,0.0,1.5,0.0,1.5,0.0,1.5
72,Puerto Rico,PR,72131,San Sebastián,72131959200,"Census Tract 9592, San Sebastián Municipio, Puerto Rico",12.522236898716,4665,783,2384,283,1779,288,2564,682,89,84,500,195,847,255,139,138,1163,255,854,319,924,287,98,95,2969,592,4526,759,26,45,0,14,19,34,228,131,106,96,55.9,11.3,5.7,5.3,28.1,10.0,25.3,7.1,3.0,3.1,24.9,6.2,18.3,6.1,20.2,5.7,5.5,5.3,65.1,7.1,97.0,23.0,1.1,1.9,0.0,2.0,1.1,1.9,12.8,6.9,2.3,2.0,0.3586,0.1258,0.7096,0.6132,0.103,1.9102,0.231,0.7421,0.5038,0.385,0.2969,0.5211,2.4489,0.4577,0.0834,0.0834,0.0834,0.454,0.0,0.3055,0.4317,0.9025,2.0937,0.5607,6.5362,0.3069,0,0,0,0,0,0,0,0,0,0,0,0,0,0,0,0,0,0,1,1,1,4215,1979,1073,0,14,4495,757,0,14,0,14,0,14,0,14,31,48,43.4,7.6,0.0,1.0,96.4,2.5,0.0,1.0,0.0,1.0,0.0,1.0,0.0,1.0,0.7,1.0
72,Puerto Rico,PR,72131,San Sebastián,72131959300,"Census Tract 9593, San Sebastián Municipio, Puerto Rico",13.3262333096,4022,626,2083,198,1475,198,3218,582,114,113,302,117,1237,244,208,151,849,204,863,279,866,204,85,73,2904,469,3847,614,17,32,17,27,0,19,130,65,27,21,80.5,7.2,10.7,9.5,20.5,7.4,43.4,6.5,5.2,3.9,21.1,5.3,21.5,6.1,21.7,4.1,5.8,4.9,77.2,4.3,95.6,3.4,0.8,1.5,0.8,1.3,0.0,1.3,8.8,4.4,0.7,0.5,0.9025,0.3557,0.351,0.9783,0.3503,2.9378,0.7191,0.506,0.7465,0.4805,0.325,0.8646,2.9226,0.7354,0.0455,0.0455,0.0455,0.4171,0.8427,0.0,0.2082,0.6956,2.1636,0.5944,8.0695,0.6681,1,0,0,1,0,2,0,0,0,0,0,0,0,0,0,0,0,0,0,0,2,2766,1951,838,0,14,3847,614,0,14,0,14,0,14,0,14,0,14,48.8,7.7,0.0,1.2,95.6,2.5,0.0,1.2,0.0,1.2,0.0,1.2,0.0,1.2,0.0,1.2
72,Puerto Rico,PR,72131,San Sebastián,72131959500,"Census Tract 9595, San Sebastián Municipio, Puerto Rico",8.203077531964,4646,745,2350,281,1860,279,3225,638,224,128,295,150,799,296,144,124,1041,272,673,284,1163,336,66,78,2999,602,4585,759,0,19,0,14,46,55,142,96,8,7,69.5,8.0,15.9,9.0,15.9,7.7,22.3,7.8,3.1,2.7,22.4,6.3,14.5,5.7,25.0,7.4,3.5,4.2,66.5,8.4,98.7,4.0,0.0,0.8,0.0,2.0,2.5,2.9,7.6,5.1,0.2,0.1,0.6566,0.5662,0.1831,0.506,0.1085,2.0204,0.282,0.5991,0.2102,0.6464,0.1398,0.5688,2.1643,0.3026,0.2221,0.2221,0.2221,0.0,0.0,0.5558,0.1497,0.4735,1.179,0.154,5.5858,0.1464,0,0,0,0,0,0,0,0,0,0,0,0,0,0,0,0,0,0,0,0,0,5412,2616,1005,0,14,4515,755,0,14,0,14,0,14,0,14,70,80,56.4,9.1,0.0,1.0,97.2,2.5,0.0,1.0,0.0,1.0,0.0,1.0,0.0,1.0,1.5,1.8
72,Puerto Rico,PR,72133,Santa Isabel,72133953300,"Census Tract 9533, Santa Isabel Municipio, Puerto Rico",9.54572909017,4367,654,1895,201,1535,216,2097,475,93,67,394,137,625,228,291,172,550,169,768,223,1057,335,226,113,2818,524,4367,654,0,19,0,14,13,25,85,59,0,14,48.0,8.2,4.4,3.3,25.7,8.2,19.8,6.9,6.7,3.7,12.6,4.0,17.6,4.4,24.2,6.3,14.7,7.1,67.1,7.3,100.0,0.0,0.0,1.0,0.0,2.5,0.8,1.6,5.5,3.8,0.0,0.3,0.2124,0.0781,0.6121,0.4074,0.5434,1.8534,0.2093,0.0618,0.441,0.6095,0.8624,0.5937,2.5684,0.5271,0.5536,0.5536,0.5536,0.0,0.0,0.2405,0.0792,0.0,0.3197,0.0087,5.2951,0.102,0,0,0,0,0,0,0,0,0,0,0,0,0,0,0,0,0,0,0,0,0,1851,1140,904,0,14,4367,654,0,14,0,14,0,14,0,14,0,14,26.1,3.9,0.0,1.1,100.0,1.1,0.0,1.1,0.0,1.1,0.0,1.1,0.0,1.1,0.0,1.1
72,Puerto Rico,PR,72133,Santa Isabel,72133953500,"Census Tract 9535, Santa Isabel Municipio, Puerto Rico",12.948708951632,3833,689,1698,235,1306,224,2801,657,91,77,428,172,620,272,478,223,542,150,705,258,1279,368,159,82,2504,543,3833,689,0,19,16,26,0,19,216,95,0,14,73.1,11.0,6.3,5.1,32.8,11.9,22.8,8.7,12.6,5.7,14.1,4.0,18.4,5.9,33.6,7.1,12.2,5.9,66.4,8.4,100.0,0.0,0.0,1.1,0.9,1.5,0.0,1.5,16.5,6.6,0.0,0.4,0.7551,0.1475,0.8559,0.5211,0.91,3.1896,0.8178,0.0964,0.5168,0.9403,0.7714,0.5655,2.8904,0.7191,0.5536,0.5536,0.5536,0.0,0.8633,0.0,0.6345,0.0,1.4978,0.2787,8.1314,0.6855,0,0,0,0,1,1,0,0,1,0,0,1,0,0,0,0,0,0,0,0,2,4917,1652,865,0,14,3833,689,0,14,0,14,0,14,0,14,0,14,43.1,7.8,0.0,1.2,100.0,1.2,0.0,1.2,0.0,1.2,0.0,1.2,0.0,1.2,0.0,1.2
72,Puerto Rico,PR,72133,Santa Isabel,72133953600,"Census Tract 9536, Santa Isabel Municipio, Puerto Rico",8.846146243146,6113,983,2456,238,1924,274,4136,994,144,167,528,188,593,221,607,347,1123,314,1395,349,1779,490,230,153,3977,859,6065,985,0,28,44,49,71,69,155,100,5,8,67.7,12.1,5.8,6.5,27.4,9.0,14.4,5.2,9.9,5.4,18.4,4.7,22.8,4.4,29.1,6.6,12.0,7.8,67.0,9.6,99.2,2.3,0.0,1.1,1.8,2.0,3.7,3.5,8.1,5.2,0.1,0.1,0.6197,0.128,0.6804,0.2221,0.8167,2.4669,0.5087,0.3239,0.818,0.8395,0.7638,0.5894,3.3346,0.9056,0.3218,0.3218,0.3218,0.0,0.962,0.7064,0.1768,0.4334,2.2786,0.6475,8.4019,0.7495,0,0,0,0,0,0,0,0,0,0,0,0,0,0,0,1,0,0,0,1,1,7381,2042,1310,0,20,6065,984,0,20,0,20,0,20,0,20,0,20,33.4,5.4,0.0,0.8,99.2,1.2,0.0,0.8,0.0,0.8,0.0,0.8,0.0,0.8,0.0,0.8
72,Puerto Rico,PR,72133,Santa Isabel,72133953700,"Census Tract 9537, Santa Isabel Municipio, Puerto Rico",0.45506560873,2448,460,1052,128,871,130,1623,397,46,40,253,90,270,107,119,123,460,114,554,193,604,159,149,72,1632,374,2448,461,0,19,0,14,15,28,136,61,0,14,66.3,10.4,6.7,5.7,29.0,9.4,16.1,6.0,4.9,4.7,18.8,4.6,22.6,6.6,24.7,5.1,17.1,7.9,71.0,8.9,100.0,1.2,0.0,1.8,0.0,4.4,1.7,3.2,15.6,6.7,0.0,0.6,0.5872,0.1573,0.7454,0.2882,0.3156,2.0937,0.3189,0.3521,0.8093,0.6334,0.9101,0.701,3.4059,0.9284,0.5536,0.5536,0.5536,0.0,0.0,0.4139,0.5965,0.0,1.0104,0.103,7.0636,0.4252,0,0,0,0,0,0,0,0,0,1,0,1,0,0,0,0,0,0,0,0,1,1529,888,605,0,14,2448,460,0,14,0,14,0,14,0,14,0,14,36.3,6.8,0.0,1.9,100.0,1.9,0.0,1.9,0.0,1.9,0.0,1.9,0.0,1.9,0.0,1.9
72,Puerto Rico,PR,72133,Santa Isabel,72133953800,"Census Tract 9538, Santa Isabel Municipio, Puerto Rico",2.239286194154,4713,831,2118,203,1732,222,3076,683,190,121,443,189,428,134,410,258,831,196,1122,357,806,237,194,139,3074,627,4713,831,104,64,0,14,34,41,290,111,0,14,65.3,8.8,9.9,6.0,25.6,10.4,14.0,5.0,8.7,5.4,17.6,4.8,23.8,6.3,17.1,5.1,11.2,7.9,70.4,7.4,100.0,0.0,4.9,3.0,0.0,2.2,2.0,2.4,16.7,6.6,0.0,0.3,0.5666,0.321,0.6078,0.2059,0.7321,2.4334,0.4924,0.2763,0.8646,0.2364,0.7172,0.688,2.7825,0.6714,0.5536,0.5536,0.5536,0.6522,0.0,0.4778,0.6399,0.0,1.7699,0.3991,7.5394,0.5521,0,0,0,0,0,0,0,0,0,0,0,0,0,0,0,0,0,0,0,0,0,4173,1941,1098,0,14,4713,831,0,14,0,14,0,14,0,14,0,14,41.2,7.3,0.0,1.0,100.0,1.0,0.0,1.0,0.0,1.0,0.0,1.0,0.0,1.0,0.0,1.0
72,Puerto Rico,PR,72135,Toa Alta,72135510101,"Census Tract 5101.01, Toa Alta Municipio, Puerto Rico",1.083584066042,9647,1191,3132,320,2776,338,2494,826,465,233,1263,328,552,292,447,220,1153,320,1925,423,817,307,301,148,3820,802,9453,1139,67,81,0,20,84,73,23,39,15,40,25.9,7.9,10.0,4.8,45.5,10.4,8.5,4.1,4.7,2.2,12.0,3.2,20.0,3.6,8.5,3.0,10.8,5.2,41.7,6.9,98.0,16.9,2.1,2.6,0.0,1.5,3.0,2.6,0.8,1.4,0.2,0.4,0.0347,0.3265,0.9946,0.0737,0.2809,1.7104,0.154,0.052,0.6414,0.0315,0.6988,0.117,1.5407,0.0824,0.1343,0.1343,0.1343,0.545,0.0,0.6186,0.0065,0.4735,1.6436,0.346,5.029,0.0813,0,0,1,0,0,1,0,0,0,0,0,0,0,0,0,0,0,0,0,0,1,3872,2827,1573,0,20,9453,1138,0,20,0,20,0,20,0,20,0,20,29.4,3.6,0.0,0.5,98.0,2.5,0.0,0.5,0.0,0.5,0.0,0.5,0.0,0.5,0.0,0.5
72,Puerto Rico,PR,72135,Toa Alta,72135510102,"Census Tract 5101.02, Toa Alta Municipio, Puerto Rico",0.861096649562,3839,719,1730,228,1383,201,2491,552,375,227,352,129,1010,241,532,232,602,145,615,265,671,252,156,94,2229,473,3825,718,0,19,17,28,36,41,159,66,36,26,65.5,7.6,20.8,9.9,25.5,8.6,34.9,6.3,14.0,5.7,15.7,4.6,16.0,6.2,17.6,5.6,11.3,6.6,60.9,6.3,99.6,1.4,0.0,1.1,1.0,1.6,2.6,2.9,11.5,4.7,0.9,0.7,0.571,0.7364,0.6046,0.87,0.9349,3.7169,0.9338,0.1636,0.3131,0.2581,0.727,0.4312,1.893,0.1725,0.4594,0.4594,0.4594,0.0,0.8861,0.5666,0.3623,0.7389,2.5539,0.7711,8.6232,0.7896,0,0,0,0,1,1,0,0,0,0,0,0,0,0,0,0,0,0,0,0,1,3561,1573,922,0,14,3825,718,0,14,0,14,0,14,0,14,0,14,41.4,7.8,0.0,1.2,99.6,0.6,0.0,1.2,0.0,1.2,0.0,1.2,0.0,1.2,0.0,1.2
72,Puerto Rico,PR,72135,Toa Alta,72135510200,"Census Tract 5102, Toa Alta Municipio, Puerto Rico",3.374694801146,9185,1135,3262,310,2784,295,4372,986,428,216,891,276,1594,510,764,340,1359,309,1616,469,799,272,293,156,4326,906,9175,1118,0,28,28,46,27,48,122,115,69,23,47.6,9.0,10.5,5.0,32.0,9.3,24.8,6.5,8.3,3.5,14.8,3.4,17.6,4.6,8.7,3.0,10.5,5.5,47.3,8.1,99.9,17.3,0.0,0.9,0.9,1.4,1.0,1.7,4.4,4.0,0.8,0.2,0.208,0.3427,0.8407,0.5959,0.7093,2.6966,0.615,0.1246,0.441,0.038,0.675,0.1798,1.4584,0.0683,0.546,0.546,0.546,0.0,0.8633,0.2839,0.0531,0.7226,1.9229,0.4729,6.6239,0.3265,0,0,0,0,0,0,0,0,0,0,0,0,0,0,0,0,0,0,0,0,0,4572,3832,1559,62,74,9058,1112,0,20,0,20,0,20,0,20,55,87,42.0,5.2,0.7,0.8,98.6,1.2,0.0,0.5,0.0,0.5,0.0,0.5,0.0,0.5,0.6,0.9
72,Puerto Rico,PR,72135,Toa Alta,72135510300,"Census Tract 5103, Toa Alta Municipio, Puerto Rico",0.522754694758,2981,654,1158,150,919,148,1838,544,94,92,323,109,268,129,313,200,479,131,602,227,613,206,152,93,2090,455,2945,646,74,64,8,13,10,22,187,85,0,14,61.7,12.2,9.3,8.5,35.1,10.4,12.6,5.9,10.5,6.1,16.1,4.2,20.2,6.2,20.6,6.0,16.5,9.8,72.4,2.7,98.8,30.7,6.4,5.5,0.7,1.1,1.1,2.4,20.3,8.2,0.0,0.5,0.4756,0.2787,0.8949,0.1668,0.8406,2.6566,0.5987,0.1842,0.6587,0.4121,0.9003,0.7432,2.8985,0.7234,0.2427,0.2427,0.2427,0.701,0.8275,0.3055,0.7451,0.0,2.5791,0.782,8.3769,0.743,0,0,0,0,0,0,0,0,0,1,0,1,0,0,0,0,0,0,0,0,1,4865,1542,811,30,50,2915,644,0,14,0,14,0,14,0,14,0,14,51.7,11.3,1.0,1.7,97.8,1.8,0.0,1.6,0.0,1.6,0.0,1.6,0.0,1.6,0.0,1.6
72,Puerto Rico,PR,72135,Toa Alta,72135510400,"Census Tract 5104, Toa Alta Municipio, Puerto Rico",2.705705132194,5491,736,2018,165,1589,174,3854,793,476,250,445,144,1207,314,298,172,913,216,1126,298,991,287,108,82,4030,606,5427,728,0,28,40,47,24,42,186,87,32,68,70.6,10.9,23.4,11.6,28.0,8.5,31.4,6.9,5.4,3.1,16.6,4.1,20.5,4.7,18.0,5.5,6.8,5.1,77.4,5.9,98.8,0.6,0.0,1.4,2.0,2.3,1.5,2.6,11.7,5.1,0.6,1.2,0.6901,0.7907,0.7053,0.7941,0.372,3.3522,0.8666,0.2134,0.6869,0.2787,0.4052,0.8711,2.4553,0.461,0.2427,0.2427,0.2427,0.0,0.9729,0.3759,0.3709,0.6522,2.3719,0.6909,8.4221,0.7538,0,0,0,0,0,0,0,0,0,0,0,0,0,0,0,1,0,0,0,1,1,3032,3356,953,0,20,5427,727,0,20,0,20,0,20,0,20,0,20,61.5,8.3,0.0,0.9,98.8,1.2,0.0,0.9,0.0,0.9,0.0,0.9,0.0,0.9,0.0,0.9
72,Puerto Rico,PR,72135,Toa Alta,72135510502,"Census Tract 5105.02, Toa Alta Municipio, Puerto Rico",0.931752157256,4179,797,1534,198,1255,191,2399,658,267,164,291,111,631,215,164,120,606,170,818,291,816,317,60,58,2666,586,4179,800,0,19,13,20,32,39,86,61,0,14,57.4,11.3,14.5,7.4,23.2,8.1,21.2,6.4,3.9,2.9,14.5,4.4,19.6,5.9,19.5,6.8,4.8,4.6,66.9,7.5,100.0,1.7,0.0,1.2,0.8,1.3,2.5,3.1,6.9,4.6,0.0,0.3,0.3824,0.5184,0.4778,0.468,0.1844,2.031,0.2907,0.1094,0.6186,0.3557,0.234,0.5829,1.9006,0.1768,0.5536,0.5536,0.5536,0.0,0.8427,0.5558,0.1193,0.0,1.5178,0.2885,6.003,0.2104,0,0,0,0,0,0,0,0,0,0,0,0,0,0,0,0,0,0,0,0,0,3608,1610,1036,31,35,4148,799,0,14,0,14,0,14,0,14,0,14,38.5,7.3,0.7,0.9,99.3,0.9,0.0,1.1,0.0,1.1,0.0,1.1,0.0,1.1,0.0,1.1
72,Puerto Rico,PR,72135,Toa Alta,72135510503,"Census Tract 5105.03, Toa Alta Municipio, Puerto Rico",0.926101168384,9081,1169,2823,285,2727,284,3134,871,235,218,948,255,419,175,481,240,992,234,1933,472,979,325,309,164,3985,734,8947,1200,88,100,0,20,14,30,83,54,53,74,34.8,8.5,5.9,5.2,34.8,8.6,6.8,2.8,5.3,2.7,10.9,2.4,21.3,4.4,10.8,3.1,11.3,5.9,45.8,6.0,98.5,3.7,3.1,3.5,0.0,1.7,0.5,1.1,3.0,2.0,0.6,0.8,0.0758,0.1356,0.8884,0.0574,0.359,1.5162,0.0889,0.0423,0.7302,0.0651,0.727,0.1668,1.7314,0.1193,0.1874,0.1874,0.1874,0.5796,0.0,0.2134,0.0304,0.6522,1.4756,0.2657,4.9106,0.0705,0,0,0,0,0,0,0,0,0,0,0,0,0,0,0,0,0,0,0,0,0,6522,3806,1498,0,20,8947,1200,0,20,0,20,0,20,0,20,0,20,42.2,5.5,0.0,0.5,98.5,1.5,0.0,0.5,0.0,0.5,0.0,0.5,0.0,0.5,0.0,0.5
72,Puerto Rico,PR,72135,Toa Alta,72135510504,"Census Tract 5105.04, Toa Alta Municipio, Puerto Rico",0.495516356964,5473,814,1789,187,1631,191,2466,670,137,121,676,178,114,68,404,187,389,150,1553,438,588,301,194,103,2323,541,5388,802,377,146,0,20,76,60,62,54,0,20,45.1,10.2,5.4,4.3,41.4,9.8,3.4,2.0,7.4,3.1,7.1,2.9,28.4,6.8,10.7,5.7,11.9,6.2,44.6,8.2,98.4,0.7,21.1,7.9,0.0,2.6,4.7,3.6,3.8,3.3,0.0,0.4,0.1733,0.1085,0.9729,0.0184,0.6236,1.8967,0.2267,0.013,0.961,0.064,0.7573,0.1463,1.9416,0.1931,0.1788,0.1788,0.1788,0.8592,0.0,0.805,0.0412,0.0,1.7054,0.3709,5.7225,0.1638,0,0,1,0,0,1,0,1,0,0,0,1,0,0,0,0,0,0,0,0,2,2592,2188,1063,0,20,5388,801,0,20,0,20,0,20,0,20,0,20,40.0,6.0,0.0,0.9,98.4,1.7,0.0,0.9,0.0,0.9,0.0,0.9,0.0,0.9,0.0,0.9
72,Puerto Rico,PR,72135,Toa Alta,72135510505,"Census Tract 5105.05, Toa Alta Municipio, Puerto Rico",0.666729041742,3631,849,1334,179,1035,177,1924,617,89,69,367,132,200,90,360,192,471,156,793,347,375,111,102,79,1504,408,3631,854,0,19,0,14,28,34,41,44,0,14,53.0,11.6,5.8,4.4,35.5,11.2,8.6,3.8,9.9,5.1,13.0,4.6,21.8,8.1,10.3,3.0,9.9,7.4,42.7,6.0,100.0,2.5,0.0,1.4,0.0,3.5,2.7,3.3,4.0,4.2,0.0,0.4,0.2914,0.128,0.9036,0.0769,0.8167,2.2166,0.385,0.0737,0.766,0.0553,0.6414,0.1289,1.6653,0.1085,0.5536,0.5536,0.5536,0.0,0.0,0.5872,0.0434,0.0,0.6306,0.0249,5.0661,0.0824,0,0,1,0,0,1,0,0,0,0,0,0,0,0,0,0,0,0,0,0,1,1783,952,1134,0,14,3612,853,19,33,0,14,0,14,0,14,0,14,26.2,6.1,0.0,1.3,99.5,0.9,0.5,0.9,0.0,1.3,0.0,1.3,0.0,1.3,0.0,1.3
72,Puerto Rico,PR,72135,Toa Alta,72135510601,"Census Tract 5106.01, Toa Alta Municipio, Puerto Rico",3.13170807118,5405,771,1827,179,1565,160,1661,549,214,117,371,129,379,180,221,158,601,168,1124,346,670,215,76,71,2610,571,5298,752,27,30,17,27,35,59,49,46,48,53,30.9,9.2,9.4,4.8,23.7,7.9,10.4,4.8,4.1,3.0,11.1,3.2,20.8,5.7,12.5,4.2,4.9,4.5,49.7,8.0,98.0,19.7,1.5,1.6,0.9,1.5,2.2,3.8,3.1,2.9,0.9,1.0,0.0585,0.2885,0.5103,0.1116,0.2082,1.1771,0.0369,0.0433,0.7042,0.0954,0.2427,0.2091,1.2947,0.0358,0.1343,0.1343,0.1343,0.5016,0.8633,0.5049,0.0315,0.7389,2.6402,0.808,5.2463,0.0965,0,0,0,0,0,0,0,0,0,0,0,0,0,0,0,0,0,0,0,0,0,2712,2509,1100,0,20,5298,751,0,20,0,20,0,20,0,20,0,20,46.8,6.8,0.0,0.9,98.0,1.9,0.0,0.9,0.0,0.9,0.0,0.9,0.0,0.9,0.0,0.9
72,Puerto Rico,PR,72135,Toa Alta,72135510602,"Census Tract 5106.02, Toa Alta Municipio, Puerto Rico",5.024648029968,4970,1048,2151,252,1695,262,3352,1040,94,111,443,181,532,217,208,140,936,270,1057,401,965,280,63,75,3043,727,4970,1045,0,19,0,14,23,38,128,87,50,61,67.4,15.4,5.8,6.8,26.1,9.9,14.1,6.0,4.2,3.0,18.8,6.5,21.3,6.7,19.4,5.8,3.7,4.4,65.1,7.5,100.0,29.8,0.0,0.9,0.0,2.2,1.4,2.2,7.6,5.2,1.0,1.2,0.6089,0.128,0.6262,0.2102,0.2213,1.7946,0.1866,0.3521,0.7302,0.3471,0.1506,0.5211,2.1011,0.2798,0.5536,0.5536,0.5536,0.0,0.0,0.3597,0.1497,0.7595,1.2689,0.1811,5.7182,0.1627,0,0,0,0,0,0,0,0,0,0,0,0,0,0,0,0,0,0,0,0,0,3077,2569,1326,0,14,4965,1045,0,14,0,14,5,11,0,14,0,14,52.2,11.1,0.0,0.9,99.9,0.2,0.0,0.9,0.0,0.9,0.1,0.2,0.0,0.9,0.0,0.9
72,Puerto Rico,PR,72135,Toa Alta,72135510701,"Census Tract 5107.01, Toa Alta Municipio, Puerto Rico",4.74770131249,3814,671,1532,171,1259,169,1794,498,38,49,302,113,570,215,288,199,579,204,562,205,576,242,55,52,2243,496,3771,657,0,19,14,23,37,46,132,69,10,11,47.2,10.1,2.1,2.6,24.0,8.4,20.7,7.1,7.6,5.1,15.2,5.2,14.7,4.7,15.1,6.0,4.4,4.1,61.5,8.5,98.9,24.5,0.0,1.2,0.9,1.5,2.9,3.6,10.5,5.6,0.3,0.3,0.2015,0.0239,0.5309,0.4507,0.6421,1.8491,0.2061,0.1408,0.2286,0.1703,0.2059,0.442,1.1876,0.026,0.2579,0.2579,0.2579,0.0,0.8633,0.6067,0.3059,0.5255,2.3014,0.6616,5.596,0.1486,0,0,0,0,0,0,0,0,0,0,0,0,0,0,0,0,0,0,0,0,0,1807,1784,945,0,14,3771,657,0,14,0,14,0,14,0,14,0,14,46.9,8.3,0.0,1.2,98.9,1.8,0.0,1.2,0.0,1.2,0.0,1.2,0.0,1.2,0.0,1.2
72,Puerto Rico,PR,72135,Toa Alta,72135510702,"Census Tract 5107.02, Toa Alta Municipio, Puerto Rico",2.544557354352,4754,718,2094,177,1795,178,3181,677,220,143,492,166,1287,331,219,150,1289,253,756,286,1152,380,124,80,3440,569,4729,717,0,19,20,32,70,56,255,100,6,4,66.9,10.0,16.7,9.0,27.4,8.8,34.7,7.3,4.6,3.2,27.1,5.2,15.9,5.5,24.2,6.9,6.9,4.4,74.4,3.8,99.5,1.3,0.0,0.9,1.0,1.5,3.9,3.1,14.2,5.4,0.1,0.1,0.5959,0.6009,0.6804,0.8657,0.2722,3.0151,0.7549,0.8288,0.3066,0.6095,0.4117,0.8007,2.9573,0.7549,0.4193,0.4193,0.4193,0.0,0.8861,0.7281,0.5076,0.4334,2.5552,0.7744,8.9469,0.8362,0,0,0,0,0,0,0,0,0,0,0,0,0,0,0,0,0,0,0,0,0,5180,2636,926,0,14,4729,717,0,14,0,14,0,14,0,14,0,14,55.5,8.4,0.0,1.0,99.5,0.9,0.0,1.0,0.0,1.0,0.0,1.0,0.0,1.0,0.0,1.0
72,Puerto Rico,PR,72137,Toa Baja,72137120200,"Census Tract 1202, Toa Baja Municipio, Puerto Rico",0.835896544226,3603,518,1873,179,1454,165,1640,399,129,105,353,104,357,160,210,178,714,219,592,179,735,206,177,98,1348,286,3595,522,204,72,10,16,39,49,126,74,25,14,45.5,8.9,7.4,5.8,24.3,6.6,13.4,5.6,5.8,4.7,19.8,6.0,16.4,4.4,20.4,5.4,12.2,6.6,38.6,6.2,99.8,2.0,10.9,3.7,0.5,0.8,2.7,3.4,8.7,5.2,0.7,0.4,0.1809,0.1833,0.5374,0.1939,0.4273,1.5228,0.09,0.4193,0.3434,0.3959,0.7714,0.0953,2.0253,0.231,0.5255,0.5255,0.5255,0.7616,0.7928,0.5872,0.2028,0.6956,3.04,0.9089,7.1136,0.4393,0,0,0,0,0,0,0,0,0,0,0,0,0,0,0,0,0,0,0,0,0,6556,1246,719,0,14,3561,519,0,14,0,14,0,14,34,53,0,14,34.8,5.0,0.0,1.3,98.8,1.6,0.0,1.3,0.0,1.3,0.0,1.3,0.9,1.5,0.0,1.3
72,Puerto Rico,PR,72137,Toa Baja,72137120300,"Census Tract 1203, Toa Baja Municipio, Puerto Rico",0.225920249362,2175,480,1251,132,870,147,1192,456,135,112,298,106,247,130,291,153,461,143,309,176,403,143,99,71,1068,323,2155,483,0,19,0,14,20,35,91,62,55,98,56.5,17.5,13.8,10.2,34.3,10.7,15.7,7.3,13.7,6.9,21.2,7.9,14.2,7.5,19.0,5.8,11.4,7.9,52.7,11.9,99.1,3.9,0.0,1.5,0.0,3.7,2.3,4.0,10.5,7.1,2.5,4.5,0.3673,0.4837,0.8787,0.2676,0.9317,2.929,0.7148,0.5135,0.1961,0.32,0.7346,0.2481,2.0123,0.2267,0.2914,0.2914,0.2914,0.0,0.0,0.5179,0.3059,0.9122,1.736,0.3818,6.9687,0.397,0,0,0,0,1,1,0,0,0,0,0,0,0,0,0,0,0,0,1,1,2,1562,633,663,0,14,2155,482,0,14,0,14,0,14,0,14,0,14,29.9,6.7,0.0,2.2,99.1,1.5,0.0,2.2,0.0,2.2,0.0,2.2,0.0,2.2,0.0,2.2
72,Puerto Rico,PR,72137,Toa Baja,72137120400,"Census Tract 1204, Toa Baja Municipio, Puerto Rico",0.5096971112199999,1641,285,886,91,666,80,686,196,107,63,206,66,124,59,176,78,383,122,213,88,420,124,41,34,711,182,1641,287,0,19,0,14,38,35,56,33,37,45,42.8,9.6,13.4,7.6,30.9,9.2,9.3,4.2,11.0,4.8,23.3,7.2,13.0,4.9,26.2,6.9,6.2,5.1,44.6,8.4,100.0,2.1,0.0,2.1,0.0,5.2,5.7,5.2,8.4,4.9,2.3,2.7,0.1452,0.4685,0.8061,0.0932,0.8644,2.3774,0.461,0.6587,0.1398,0.7148,0.3564,0.1463,2.016,0.2289,0.5536,0.5536,0.5536,0.0,0.0,0.8852,0.1876,0.9025,1.9753,0.4957,6.9223,0.3894,0,0,0,0,0,0,0,0,0,0,0,0,0,0,0,0,0,0,1,1,1,897,476,377,0,14,1641,285,0,14,0,14,0,14,0,14,0,14,29.7,5.2,0.0,2.8,100.0,2.8,0.0,2.8,0.0,2.8,0.0,2.8,0.0,2.8,0.0,2.8
72,Puerto Rico,PR,72137,Toa Baja,72137120500,"Census Tract 1205, Toa Baja Municipio, Puerto Rico",0.097858710206,1218,275,561,93,455,76,525,219,69,50,120,53,62,41,73,56,226,64,223,107,275,113,44,38,507,131,1195,274,20,16,0,14,10,21,11,13,0,14,43.1,15.1,11.8,7.8,26.4,10.8,7.2,4.7,6.0,4.5,18.6,6.0,18.3,7.8,22.6,7.3,9.7,8.2,44.5,6.3,98.1,3.9,3.6,2.8,0.0,8.1,2.2,4.6,2.4,2.8,0.0,1.1,0.1517,0.3915,0.6392,0.0628,0.4566,1.7018,0.1508,0.3326,0.5038,0.5347,0.6284,0.1452,2.1447,0.295,0.1452,0.1452,0.1452,0.6056,0.0,0.5049,0.0217,0.0,1.1322,0.1377,5.1239,0.0857,0,0,0,0,0,0,0,0,0,0,0,0,0,0,0,0,0,0,0,0,0,448,204,387,0,14,1195,272,0,14,0,14,0,14,0,14,0,14,16.7,3.8,0.0,3.8,98.1,1.9,0.0,3.8,0.0,3.8,0.0,3.8,0.0,3.8,0.0,3.8
72,Puerto Rico,PR,72137,Toa Baja,72137120600,"Census Tract 1206, Toa Baja Municipio, Puerto Rico",0.245565119122,3064,451,1376,143,1163,147,1447,404,126,89,346,122,286,108,221,101,779,181,447,164,709,185,69,59,1177,315,3042,457,21,36,0,14,8,18,66,44,0,14,47.2,11.2,9.3,6.1,29.8,9.8,12.5,4.3,7.2,3.3,25.4,5.9,14.6,4.9,23.1,6.4,5.9,5.0,39.3,8.7,99.3,3.0,1.5,2.6,0.0,3.4,0.7,1.5,5.7,3.9,0.0,0.5,0.2015,0.2787,0.7736,0.1614,0.5965,2.0117,0.2766,0.7692,0.2189,0.5564,0.3326,0.1008,1.9779,0.2082,0.3402,0.3402,0.3402,0.5016,0.0,0.2264,0.0835,0.0,0.8115,0.0575,5.1413,0.0879,0,0,0,0,0,0,0,0,0,0,0,0,0,0,0,0,0,0,0,0,0,1338,967,630,21,33,3021,455,0,14,0,14,0,14,0,14,0,14,31.6,4.7,0.7,1.1,98.6,1.9,0.0,1.5,0.0,1.5,0.0,1.5,0.0,1.5,0.0,1.5
72,Puerto Rico,PR,72137,Toa Baja,72137120900,"Census Tract 1209, Toa Baja Municipio, Puerto Rico",0.247125357304,3138,539,1376,164,1226,176,1421,407,99,80,256,99,56,50,324,186,716,160,556,229,490,156,117,79,1313,362,3138,540,0,19,0,14,0,19,110,67,0,14,45.3,10.4,7.3,5.3,20.9,7.5,2.6,2.2,10.3,5.8,22.8,6.0,17.7,6.6,15.6,4.8,9.5,6.3,42.6,9.3,100.0,1.0,0.0,1.4,0.0,3.4,0.0,1.5,9.0,5.4,0.0,0.4,0.1766,0.1779,0.3716,0.013,0.8308,1.5699,0.1085,0.6316,0.455,0.1876,0.6056,0.1278,2.0076,0.2234,0.5536,0.5536,0.5536,0.0,0.0,0.0,0.2267,0.0,0.2267,0.0043,4.3578,0.0293,0,0,0,0,0,0,0,0,0,0,0,0,0,0,0,0,0,0,0,0,0,1594,821,737,0,14,3138,539,0,14,0,14,0,14,0,14,0,14,26.2,4.5,0.0,1.5,100.0,1.5,0.0,1.5,0.0,1.5,0.0,1.5,0.0,1.5,0.0,1.5
72,Puerto Rico,PR,72137,Toa Baja,72137121001,"Census Tract 1210.01, Toa Baja Municipio, Puerto Rico",0.312743392204,4445,717,1615,166,1410,178,1866,521,407,171,455,131,492,186,199,106,640,200,948,286,787,246,105,76,1634,454,4445,715,53,43,14,22,64,53,90,75,0,14,42.0,9.6,20.3,7.1,32.3,8.3,17.5,6.1,4.5,2.4,14.4,4.9,21.3,5.4,17.7,5.1,7.4,5.3,38.6,8.8,100.0,22.8,3.3,2.6,0.9,1.4,4.5,3.7,6.4,5.3,0.0,0.3,0.1322,0.7213,0.8483,0.3315,0.2592,2.2925,0.423,0.1073,0.7302,0.2636,0.4475,0.0953,1.6439,0.102,0.5536,0.5536,0.5536,0.5883,0.8633,0.7909,0.103,0.0,2.3455,0.68,6.8355,0.3688,0,0,0,0,0,0,0,0,0,0,0,0,0,0,0,0,0,0,0,0,0,1747,651,1050,22,35,4423,714,0,14,0,14,0,14,0,14,0,14,14.6,2.4,0.5,0.8,99.5,0.8,0.0,1.1,0.0,1.1,0.0,1.1,0.0,1.1,0.0,1.1
72,Puerto Rico,PR,72137,Toa Baja,72137121002,"Census Tract 1210.02, Toa Baja Municipio, Puerto Rico",0.291287704064,3077,572,1503,176,1223,185,946,299,111,82,341,121,248,108,248,194,978,209,365,172,733,175,44,51,1397,302,3061,560,0,19,17,19,0,19,66,56,33,54,31.5,8.1,9.0,6.3,27.9,8.9,9.9,4.3,8.1,5.9,31.8,6.6,11.9,5.1,24.1,5.7,3.6,4.1,47.9,5.7,99.5,25.9,0.0,1.3,1.1,1.3,0.0,1.6,5.4,4.5,1.1,1.7,0.0618,0.2614,0.6999,0.0997,0.6974,1.8202,0.1952,0.9415,0.1051,0.6052,0.1452,0.1874,1.9844,0.2115,0.4193,0.4193,0.4193,0.0,0.898,0.0,0.0748,0.7746,1.7474,0.3883,5.9713,0.2007,0,0,0,0,0,0,1,0,0,0,0,1,0,0,0,0,0,0,0,0,1,1379,892,766,0,14,3032,558,0,14,0,14,0,14,0,14,29,46,29.3,5.4,0.0,1.5,98.5,1.5,0.0,1.5,0.0,1.5,0.0,1.5,0.0,1.5,0.9,1.4
72,Puerto Rico,PR,72137,Toa Baja,72137121200,"Census Tract 1212, Toa Baja Municipio, Puerto Rico",0.343967460944,2882,567,1568,196,1172,199,2294,542,197,116,265,91,854,237,486,221,603,171,450,191,814,264,41,46,1824,408,2882,568,17,32,0,14,61,47,238,94,0,14,79.6,10.4,20.4,10.4,22.6,6.7,38.5,8.4,16.9,6.7,20.9,5.6,15.6,5.9,28.2,8.2,3.5,3.9,66.1,7.3,100.0,1.2,1.1,2.0,0.0,3.0,5.2,3.9,20.3,8.0,0.0,0.5,0.8841,0.7234,0.455,0.922,0.9685,3.953,0.9642,0.4962,0.2893,0.8048,0.1398,0.5601,2.2902,0.3623,0.5536,0.5536,0.5536,0.454,0.0,0.8527,0.7451,0.0,2.0518,0.539,8.8486,0.8232,0,0,0,1,1,2,0,0,0,0,0,0,0,0,0,0,0,0,0,0,2,1165,1231,739,0,14,2882,567,0,14,0,14,0,14,0,14,0,14,42.7,8.4,0.0,1.6,100.0,1.6,0.0,1.6,0.0,1.6,0.0,1.6,0.0,1.6,0.0,1.6
72,Puerto Rico,PR,72137,Toa Baja,72137121400,"Census Tract 1214, Toa Baja Municipio, Puerto Rico",1.664007341622,4930,891,2090,247,1851,245,1285,532,207,131,430,186,215,123,717,466,679,202,1186,456,612,272,141,114,1441,426,4814,872,333,135,0,14,19,31,72,66,0,14,26.1,9.7,8.5,5.1,23.2,9.6,6.3,3.7,14.5,9.0,13.8,4.8,24.1,8.2,12.4,5.3,7.6,6.1,31.3,7.5,97.6,1.3,15.9,6.2,0.0,2.2,1.0,1.7,3.9,3.5,0.0,0.3,0.0368,0.2332,0.4778,0.0531,0.9425,1.7434,0.1638,0.0899,0.8776,0.0933,0.4713,0.0628,1.5949,0.0933,0.1116,0.1116,0.1116,0.818,0.0,0.2839,0.0423,0.0,1.1442,0.141,4.5941,0.039,0,0,0,0,1,1,0,0,0,0,0,0,0,0,0,0,0,0,0,0,1,2384,1550,1190,0,14,4814,872,0,14,0,14,0,14,0,14,0,14,31.4,5.7,0.0,1.0,97.6,2.3,0.0,1.0,0.0,1.0,0.0,1.0,0.0,1.0,0.0,1.0
72,Puerto Rico,PR,72137,Toa Baja,72137121701,"Census Tract 1217.01, Toa Baja Municipio, Puerto Rico",2.699993139206,3573,507,1144,133,1069,124,1922,447,281,134,326,104,210,86,300,140,199,78,1039,254,556,148,236,97,2262,422,3535,500,0,19,10,16,71,42,28,32,0,14,53.8,9.9,15.9,6.6,30.5,9.1,10.7,4.4,8.4,3.6,5.6,2.4,29.1,5.8,15.6,4.1,22.1,8.7,64.8,7.9,98.9,19.8,0.0,1.7,0.9,1.4,6.6,3.9,2.6,2.9,0.0,0.4,0.3088,0.5662,0.7931,0.117,0.7148,2.4999,0.5228,0.0076,0.9675,0.1876,0.9621,0.507,2.6318,0.5716,0.2579,0.2579,0.2579,0.0,0.8633,0.9317,0.026,0.0,1.821,0.4208,7.2106,0.4555,0,0,0,0,0,0,0,1,0,1,0,2,0,0,0,0,1,0,0,1,3,2046,1343,717,0,14,3535,499,0,14,0,14,0,14,0,14,0,14,37.6,5.3,0.0,1.3,98.9,1.0,0.0,1.3,0.0,1.3,0.0,1.3,0.0,1.3,0.0,1.3
72,Puerto Rico,PR,72137,Toa Baja,72137121702,"Census Tract 1217.02, Toa Baja Municipio, Puerto Rico",3.615297737364,4497,858,2227,274,1685,264,3494,835,388,222,336,159,969,278,280,179,1019,256,1078,394,1290,388,153,100,2844,664,4385,834,0,19,0,14,144,102,126,91,0,14,77.7,11.2,24.1,13.8,19.9,8.9,30.5,7.8,6.3,4.0,22.7,6.5,24.0,7.5,28.9,7.6,9.1,5.8,65.8,9.0,97.5,26.3,0.0,0.9,0.0,2.1,8.5,5.9,7.5,5.2,0.0,0.3,0.8537,0.7983,0.3185,0.7616,0.4892,3.2213,0.833,0.6208,0.8743,0.8297,0.5764,0.5493,3.4505,0.9414,0.1051,0.1051,0.1051,0.0,0.0,0.9762,0.1432,0.0,1.1194,0.1323,7.8963,0.6291,0,0,0,0,0,0,0,0,0,0,0,0,0,0,0,0,1,0,0,1,1,1778,2179,1171,0,14,4385,834,0,14,0,14,0,14,0,14,0,14,48.5,9.3,0.0,1.0,97.5,2.8,0.0,1.0,0.0,1.0,0.0,1.0,0.0,1.0,0.0,1.0
72,Puerto Rico,PR,72137,Toa Baja,72137121801,"Census Tract 1218.01, Toa Baja Municipio, Puerto Rico",1.440982471158,4273,965,1922,287,1476,294,3256,845,267,189,299,140,974,348,238,182,721,284,768,341,911,306,140,111,3068,776,4273,965,0,19,39,61,88,83,279,150,14,30,76.4,9.7,16.3,10.7,20.3,8.6,31.8,9.4,5.6,4.0,16.9,6.9,18.0,6.9,21.4,5.5,9.5,7.3,76.0,7.9,100.0,0.0,0.0,1.0,2.0,3.2,6.0,5.5,18.9,9.3,0.3,0.7,0.8277,0.5857,0.3369,0.7996,0.4002,2.9501,0.7278,0.2362,0.4778,0.4599,0.6056,0.8429,2.6224,0.564,0.5536,0.5536,0.5536,0.0,0.9729,0.9025,0.7169,0.5255,3.1178,0.9273,9.2439,0.8677,0,0,0,0,0,0,0,0,0,0,0,0,0,0,0,1,1,0,0,2,2,2731,2375,1224,0,14,4273,965,0,14,0,14,0,14,0,14,0,14,55.8,12.6,0.0,1.1,100.0,1.1,0.0,1.1,0.0,1.1,0.0,1.1,0.0,1.1,0.0,1.1
72,Puerto Rico,PR,72137,Toa Baja,72137121802,"Census Tract 1218.02, Toa Baja Municipio, Puerto Rico",2.058078486902,4918,1045,2317,311,1954,320,2829,869,369,231,610,228,338,169,248,151,929,260,916,432,809,199,175,140,2544,603,4918,1045,17,30,0,14,69,87,95,72,0,14,57.5,12.8,19.5,10.1,31.2,10.5,9.6,4.5,5.0,3.0,18.9,6.1,18.6,7.8,16.4,4.1,9.0,7.0,54.4,6.3,100.0,0.0,0.7,1.3,0.0,2.0,3.5,4.4,4.9,3.8,0.0,0.3,0.3846,0.6931,0.8212,0.0943,0.3275,2.3207,0.4349,0.3586,0.5385,0.2148,0.5753,0.2784,1.9656,0.2039,0.5536,0.5536,0.5536,0.4009,0.0,0.6793,0.0597,0.0,1.1399,0.1388,5.9798,0.2039,0,0,0,0,0,0,0,0,0,0,0,0,0,0,0,0,0,0,0,0,0,6485,2124,1349,0,14,4918,1045,0,14,0,14,0,14,0,14,0,14,43.2,9.2,0.0,1.0,100.0,1.0,0.0,1.0,0.0,1.0,0.0,1.0,0.0,1.0,0.0,1.0
72,Puerto Rico,PR,72137,Toa Baja,72137121900,"Census Tract 1219, Toa Baja Municipio, Puerto Rico",0.45555981929,2922,470,1252,136,1041,136,1164,402,137,78,237,90,309,154,72,68,699,177,464,173,566,202,57,54,1355,340,2922,471,0,19,0,14,34,35,68,56,0,14,39.8,12.2,11.7,5.9,22.8,8.1,13.6,5.9,2.5,2.2,23.9,5.0,15.9,5.3,19.4,6.3,5.5,5.1,48.2,9.1,100.0,1.0,0.0,1.5,0.0,3.7,3.3,3.3,6.5,5.3,0.0,0.5,0.1138,0.3872,0.4637,0.1983,0.0651,1.2281,0.0434,0.6988,0.3066,0.3471,0.2969,0.1928,1.8422,0.1508,0.5536,0.5536,0.5536,0.0,0.0,0.6544,0.1052,0.0,0.7596,0.0488,4.3835,0.0315,0,0,0,0,0,0,0,0,0,0,0,0,0,0,0,0,0,0,0,0,0,2885,883,693,0,14,2922,470,0,14,0,14,0,14,0,14,0,14,30.2,4.9,0.0,1.6,100.0,1.6,0.0,1.6,0.0,1.6,0.0,1.6,0.0,1.6,0.0,1.6
72,Puerto Rico,PR,72137,Toa Baja,72137122001,"Census Tract 1220.01, Toa Baja Municipio, Puerto Rico",0.758178458748,4090,692,1784,160,1403,171,2157,580,239,120,247,96,638,173,270,149,821,179,530,196,537,161,79,68,2445,475,4030,681,14,26,13,20,48,48,128,69,61,68,53.2,11.0,12.5,5.8,17.6,6.5,20.6,5.9,6.7,3.3,20.1,4.8,13.0,4.3,13.3,3.8,5.6,4.8,61.3,5.8,98.5,23.6,0.8,1.5,0.7,1.2,3.4,3.4,9.1,4.6,1.5,1.6,0.2947,0.4262,0.2243,0.441,0.5434,1.9296,0.2397,0.4388,0.1398,0.1193,0.3044,0.4377,1.44,0.064,0.1874,0.1874,0.1874,0.4171,0.8275,0.6663,0.2332,0.8375,2.9816,0.8948,6.5386,0.308,0,0,0,0,0,0,0,0,0,0,0,0,0,0,0,0,0,0,0,0,0,2216,1725,943,0,14,4030,681,0,14,0,14,0,14,0,14,0,14,42.8,7.4,0.0,1.2,98.5,1.3,0.0,1.2,0.0,1.2,0.0,1.2,0.0,1.2,0.0,1.2
72,Puerto Rico,PR,72137,Toa Baja,72137122002,"Census Tract 1220.02, Toa Baja Municipio, Puerto Rico",0.867107099396,3826,636,1476,159,1332,161,1623,458,101,77,283,106,257,111,235,146,466,169,848,260,791,218,121,76,1858,443,3728,640,70,56,39,48,19,33,39,30,0,14,42.4,9.7,6.0,4.5,21.2,7.5,9.6,3.9,6.2,3.9,12.2,4.4,22.2,5.7,20.8,5.7,9.1,5.6,50.1,8.3,97.4,4.2,4.7,3.8,2.6,3.2,1.4,2.5,2.9,2.1,0.0,0.4,0.1408,0.1377,0.3922,0.0943,0.4783,1.2433,0.0466,0.0531,0.7898,0.4262,0.5764,0.2156,2.0611,0.256,0.0997,0.0997,0.0997,0.6425,0.9859,0.3597,0.0293,0.0,2.0174,0.5163,5.4215,0.1171,0,0,0,0,0,0,0,0,0,0,0,0,0,0,0,1,0,0,0,1,1,1536,1295,883,0,14,3728,640,0,14,0,14,0,14,0,14,0,14,33.8,5.6,0.0,1.2,97.4,2.3,0.0,1.2,0.0,1.2,0.0,1.2,0.0,1.2,0.0,1.2
72,Puerto Rico,PR,72137,Toa Baja,72137122100,"Census Tract 1221, Toa Baja Municipio, Puerto Rico",1.14397196325,2544,400,1115,98,859,102,2016,402,59,39,152,62,732,189,333,199,515,106,553,169,715,190,32,31,2090,331,2531,398,0,19,13,14,60,42,188,68,0,14,80.1,9.9,7.3,5.2,17.7,6.9,40.2,8.8,13.1,7.2,20.2,4.4,21.7,5.7,28.1,7.0,3.7,3.6,87.8,4.1,99.5,0.0,0.0,1.7,1.2,1.3,7.0,4.8,21.9,7.4,0.0,0.6,0.8971,0.1779,0.2275,0.9469,0.9252,3.1746,0.8102,0.4475,0.7551,0.7983,0.1506,0.9913,3.1428,0.8406,0.4193,0.4193,0.4193,0.0,0.9132,0.9447,0.7787,0.0,2.6366,0.8059,9.3733,0.8872,0,0,0,1,1,2,0,0,0,0,1,1,0,0,0,1,1,0,0,2,5,1298,1467,494,0,14,2531,397,0,14,0,14,0,14,0,14,0,14,57.7,9.1,0.0,1.8,99.5,0.8,0.0,1.8,0.0,1.8,0.0,1.8,0.0,1.8,0.0,1.8
72,Puerto Rico,PR,72137,Toa Baja,72137122201,"Census Tract 1222.01, Toa Baja Municipio, Puerto Rico",0.37446681623,2964,554,1464,173,1071,165,2060,465,175,112,228,109,587,169,225,179,583,202,685,243,838,287,134,86,1992,394,2849,522,0,19,20,31,90,73,176,82,5,3,69.5,8.8,18.0,11.1,21.3,9.6,30.0,7.2,7.6,5.8,19.7,7.0,23.1,7.0,28.3,9.0,12.5,7.8,71.4,6.0,96.1,25.2,0.0,1.3,1.4,2.1,8.4,6.7,16.4,8.1,0.2,0.1,0.6566,0.6486,0.3976,0.753,0.6421,3.0979,0.7831,0.4106,0.8375,0.8091,0.7876,0.7107,3.5555,0.961,0.0574,0.0574,0.0574,0.0,0.9393,0.974,0.6323,0.4735,3.0191,0.9035,9.7299,0.9197,0,0,0,0,0,0,0,0,0,0,0,0,0,0,0,1,1,0,0,2,2,1550,1564,738,0,14,2849,521,0,14,0,14,0,14,0,14,0,14,52.9,9.9,0.0,1.6,96.1,2.5,0.0,1.6,0.0,1.6,0.0,1.6,0.0,1.6,0.0,1.6
72,Puerto Rico,PR,72137,Toa Baja,72137122202,"Census Tract 1222.02, Toa Baja Municipio, Puerto Rico",0.266997641142,1972,481,978,147,692,135,1489,439,271,158,162,82,567,167,87,66,324,126,365,187,618,227,29,34,1456,364,1972,482,0,19,18,30,0,19,88,60,0,14,75.5,12.5,32.5,13.5,23.4,10.9,41.2,10.0,4.4,3.3,16.4,5.7,18.5,8.3,31.3,9.4,4.2,4.8,76.6,4.6,100.0,1.6,0.0,1.9,1.8,3.1,0.0,2.7,12.7,8.7,0.0,0.7,0.8061,0.9208,0.4951,0.9556,0.244,3.4216,0.8785,0.1993,0.5244,0.9013,0.1874,0.8548,2.6672,0.59,0.5536,0.5536,0.5536,0.0,0.962,0.0,0.4284,0.0,1.3904,0.2256,8.0328,0.6594,0,1,0,1,0,2,0,0,1,0,0,1,0,0,0,1,0,0,0,1,4,965,1346,581,0,14,1972,481,0,14,0,14,0,14,0,14,0,14,68.3,16.7,0.0,2.4,100.0,2.4,0.0,2.4,0.0,2.4,0.0,2.4,0.0,2.4,0.0,2.4
72,Puerto Rico,PR,72137,Toa Baja,72137122400,"Census Tract 1224, Toa Baja Municipio, Puerto Rico",3.440592759996,1790,366,811,116,629,102,1244,294,124,63,182,72,193,71,85,59,250,85,381,161,352,113,49,38,1015,287,1704,332,24,30,0,14,0,19,110,55,53,22,69.5,8.2,16.8,8.5,28.9,10.4,15.7,5.5,4.7,3.2,14.0,5.2,21.3,7.9,19.7,6.0,7.8,5.9,57.8,11.3,95.2,26.9,3.0,3.7,0.0,5.7,0.0,3.0,17.5,8.4,3.0,1.1,0.6566,0.6095,0.7432,0.2676,0.2809,2.5578,0.5477,0.0953,0.7302,0.3601,0.4865,0.3597,2.0318,0.2354,0.0401,0.0401,0.0401,0.5753,0.0,0.0,0.6735,0.9307,2.1795,0.602,6.8092,0.3633,0,0,0,0,0,0,0,0,0,0,0,0,0,0,0,0,0,0,1,1,1,5688,828,457,15,24,1689,330,0,14,0,14,0,14,0,14,0,14,47.7,10.0,0.8,1.4,94.4,3.2,0.0,2.6,0.0,2.6,0.0,2.6,0.0,2.6,0.0,2.6
72,Puerto Rico,PR,72137,Toa Baja,72137122500,"Census Tract 1225, Toa Baja Municipio, Puerto Rico",0.547750938238,4164,643,2074,174,1576,156,2062,472,153,148,377,117,409,122,301,137,1091,230,774,223,825,184,153,92,1908,383,4028,635,150,65,17,27,22,26,142,61,71,105,50.3,8.5,9.3,8.4,23.9,7.0,13.0,3.8,7.4,3.5,26.2,5.4,18.6,4.5,20.2,4.5,9.7,5.8,47.2,6.1,96.7,3.1,7.2,3.1,0.8,1.3,1.4,1.6,9.0,3.9,1.7,2.5,0.2481,0.2787,0.5222,0.182,0.6236,1.8546,0.2115,0.7898,0.5385,0.385,0.6284,0.1788,2.5205,0.4957,0.0737,0.0737,0.0737,0.7151,0.8427,0.3597,0.2267,0.8613,3.0055,0.8991,7.4543,0.526,0,0,0,0,0,0,0,0,0,0,0,0,0,0,0,0,0,0,0,0,0,3658,1409,824,13,20,3993,634,0,14,0,14,0,14,0,14,22,34,34.4,5.3,0.3,0.5,95.9,3.5,0.0,1.1,0.0,1.1,0.0,1.1,0.0,1.1,0.5,0.8
72,Puerto Rico,PR,72137,Toa Baja,72137122600,"Census Tract 1226, Toa Baja Municipio, Puerto Rico",0.800954699328,4302,675,2253,190,1638,197,3134,630,412,177,226,99,952,223,235,107,1035,211,724,286,1195,292,83,64,2832,527,4300,675,0,19,11,17,80,56,284,100,38,17,72.8,9.2,25.0,9.0,13.8,5.8,30.1,5.7,5.5,2.3,24.1,4.6,16.8,6.1,27.8,5.7,5.1,3.9,67.6,7.3,100.0,0.0,0.0,0.8,0.5,0.8,4.9,3.4,17.3,5.6,0.9,0.4,0.7421,0.8221,0.1116,0.7541,0.3861,2.816,0.6692,0.7183,0.377,0.7863,0.2633,0.6056,2.7505,0.6475,0.5536,0.5536,0.5536,0.0,0.7928,0.8299,0.6594,0.7389,3.021,0.9046,9.1411,0.8525,0,0,0,0,0,0,0,0,0,0,0,0,0,0,0,0,0,0,0,0,0,2259,1892,932,0,14,4300,675,0,14,0,14,0,14,0,14,0,14,44.4,7.0,0.0,1.1,100.0,0.1,0.0,1.1,0.0,1.1,0.0,1.1,0.0,1.1,0.0,1.1
72,Puerto Rico,PR,72137,Toa Baja,72137990000,"Census Tract 9900, Toa Baja Municipio, Puerto Rico",0.0,0,14,0,14,0,14,0,14,0,14,0,28,0,14,0,14,0,14,0,14,0,14,0,19,0,56,0,37,0,19,0,14,0,19,0,14,0,14,0.0,-999.0,-999.0,-999.0,0.0,-999.0,-999.0,-999.0,-999.0,-999.0,-999.0,-999.0,0.0,-999.0,-999.0,-999.0,0.0,-999.0,0.0,-999.0,0.0,-999.0,0.0,-999.0,-999.0,-999.0,0.0,-999.0,-999.0,-999.0,0.0,-999.0,-999.0,-999.0,-999.0,-999.0,-999.0,-999.0,-999.0,-999.0,-999.0,-999.0,-999.0,-999.0,-999.0,-999.0,-999.0,-999.0,-999.0,-999.0,-999.0,-999.0,-999.0,-999.0,-999.0,-999.0,-999.0,-999.0,-999,-999,-999,-999,-999,-999,-999,-999,-999,-999,-999,-999,-999,-999,-999,-999,-999,-999,-999,-999,-999,0,0,19,0,14,0,14,0,14,0,14,0,14,0,14,0,14,0.0,-999.0,-999.0,-999.0,-999.0,-999.0,-999.0,-999.0,-999.0,-999.0,-999.0,-999.0,-999.0,-999.0,-999.0,-999.0
72,Puerto Rico,PR,72139,Trujillo Alto,72139060102,"Census Tract 601.02, Trujillo Alto Municipio, Puerto Rico",0.511424145466,3142,470,1721,173,1430,169,1314,331,112,92,431,161,217,101,226,149,872,217,437,191,654,167,143,92,1180,301,3114,477,535,152,0,14,10,20,255,118,26,34,41.9,8.5,8.5,6.6,30.1,10.7,9.0,4.1,7.2,4.7,27.8,6.8,13.9,5.7,20.9,5.2,10.0,6.3,39.6,8.3,99.1,3.3,31.1,8.3,0.0,2.7,0.7,1.4,17.8,8.1,0.8,1.1,0.1311,0.2332,0.7822,0.0878,0.5965,1.8308,0.1996,0.8516,0.1798,0.4317,0.6479,0.104,2.215,0.3286,0.2914,0.2914,0.2914,0.9155,0.0,0.2264,0.6822,0.7226,2.5467,0.7668,6.8839,0.3796,0,0,0,0,0,0,0,0,0,0,0,0,0,0,1,0,0,0,0,1,1,3117,563,678,0,14,3070,471,0,14,0,14,0,14,44,71,0,14,18.1,2.7,0.0,1.5,97.7,2.5,0.0,1.5,0.0,1.5,0.0,1.5,1.4,2.2,0.0,1.5
72,Puerto Rico,PR,72139,Trujillo Alto,72139060103,"Census Tract 601.03, Trujillo Alto Municipio, Puerto Rico",0.42220832853,2993,575,1659,174,1272,181,1866,475,103,89,359,144,479,198,196,116,637,221,490,182,625,168,159,94,2147,425,2973,568,77,59,24,39,10,20,182,103,18,28,62.3,10.4,7.6,6.2,28.2,10.6,21.7,7.8,6.5,3.7,21.3,6.8,16.4,5.2,20.9,5.6,12.5,7.2,75.6,5.1,99.3,26.9,4.6,3.5,1.4,2.3,0.8,1.6,14.3,7.7,0.6,0.9,0.4897,0.1974,0.7161,0.4908,0.5184,2.4124,0.4816,0.5276,0.3434,0.4317,0.7876,0.8321,2.9224,0.7343,0.3402,0.3402,0.3402,0.6381,0.9393,0.2405,0.5152,0.6522,2.9853,0.8959,8.6603,0.795,0,0,0,0,0,0,0,0,0,0,0,0,0,0,0,1,0,0,0,1,1,4952,654,783,0,14,2973,567,0,14,0,14,0,14,0,14,0,14,22.0,4.2,0.0,1.6,99.3,1.0,0.0,1.6,0.0,1.6,0.0,1.6,0.0,1.6,0.0,1.6
72,Puerto Rico,PR,72139,Trujillo Alto,72139060104,"Census Tract 601.04, Trujillo Alto Municipio, Puerto Rico",1.292394205274,5988,925,2816,286,2364,285,2418,602,25,39,624,225,277,141,591,276,626,168,974,372,902,301,170,103,2672,572,5911,936,491,163,0,20,160,134,177,102,0,20,40.4,7.9,0.8,1.3,26.4,9.0,6.8,3.5,9.9,4.8,10.5,3.1,16.3,5.7,15.1,5.1,7.2,4.3,46.1,7.1,98.7,3.4,17.4,5.5,0.0,1.7,6.8,5.6,7.5,4.5,0.0,0.3,0.1159,0.013,0.6392,0.0574,0.8167,1.6422,0.1291,0.0379,0.3315,0.1703,0.4334,0.1679,1.141,0.0249,0.2221,0.2221,0.2221,0.8321,0.0,0.9393,0.1432,0.0,1.9146,0.4664,4.9199,0.0738,0,0,0,0,0,0,0,0,0,0,0,0,0,0,0,0,1,0,0,1,1,3358,456,1318,0,20,5911,935,0,20,0,20,0,20,0,20,0,20,7.6,1.2,0.0,0.8,98.7,1.3,0.0,0.8,0.0,0.8,0.0,0.8,0.0,0.8,0.0,0.8
72,Puerto Rico,PR,72139,Trujillo Alto,72139060212,"Census Tract 602.12, Trujillo Alto Municipio, Puerto Rico",0.361753249574,4117,648,1998,182,1584,200,1655,388,140,99,438,146,350,187,190,114,1017,204,908,306,925,313,271,143,2352,451,4117,648,748,170,0,14,0,19,237,104,65,58,40.8,6.9,9.5,6.8,27.7,8.5,12.4,6.3,4.7,2.7,24.7,5.7,22.1,6.6,22.8,7.0,17.1,8.8,59.7,6.3,100.0,0.0,37.4,7.8,0.0,2.3,0.0,1.2,15.0,6.4,1.6,1.4,0.1246,0.3026,0.6956,0.1593,0.2809,1.563,0.102,0.7378,0.7801,0.5434,0.9101,0.3998,3.3712,0.9165,0.5536,0.5536,0.5536,0.935,0.0,0.0,0.5553,0.8472,2.3375,0.6757,7.8253,0.615,0,0,0,0,0,0,0,0,0,1,0,1,0,0,1,0,0,0,0,1,2,3397,639,945,0,14,4117,648,0,14,0,14,0,14,0,14,0,14,15.8,2.6,0.0,1.1,100.0,1.1,0.0,1.1,0.0,1.1,0.0,1.1,0.0,1.1,0.0,1.1
72,Puerto Rico,PR,72139,Trujillo Alto,72139060213,"Census Tract 602.13, Trujillo Alto Municipio, Puerto Rico",0.337299865506,2838,399,1144,121,1003,120,540,226,97,59,192,73,177,78,157,83,673,136,384,161,438,115,49,58,878,197,2821,401,0,19,0,14,20,23,43,28,0,14,19.0,7.5,7.3,4.5,19.1,6.9,8.1,3.7,5.5,2.9,23.7,5.2,13.5,5.3,15.4,4.2,4.9,5.8,31.9,5.5,99.4,2.1,0.0,1.7,0.0,4.1,2.0,2.3,4.3,2.9,0.0,0.5,0.0184,0.1779,0.2795,0.0693,0.3861,0.9312,0.0141,0.6858,0.1636,0.1822,0.2427,0.0672,1.3415,0.0456,0.3694,0.3694,0.3694,0.0,0.0,0.4778,0.0499,0.0,0.5277,0.0174,3.1698,0.0,0,0,0,0,0,0,0,0,0,0,0,0,0,0,0,0,0,0,0,0,0,1267,447,591,0,14,2821,400,0,14,0,14,0,14,0,14,0,14,15.8,2.2,0.0,1.7,99.4,0.7,0.0,1.7,0.0,1.7,0.0,1.7,0.0,1.7,0.0,1.7
72,Puerto Rico,PR,72139,Trujillo Alto,72139060222,"Census Tract 602.22, Trujillo Alto Municipio, Puerto Rico",0.308529474976,5114,717,1926,197,1670,182,1939,593,128,82,536,154,541,175,578,276,746,174,970,323,1079,340,155,106,2858,573,5070,717,0,28,0,20,112,84,144,81,50,71,38.1,10.4,5.6,3.6,32.1,8.5,14.8,4.1,11.4,5.2,14.6,3.8,19.0,5.7,21.2,6.1,9.3,6.3,57.1,8.2,99.1,1.9,0.0,1.5,0.0,2.4,6.7,5.0,8.6,4.7,1.0,1.4,0.1018,0.1204,0.8429,0.2362,0.8796,2.1809,0.3666,0.1138,0.5634,0.449,0.5915,0.3402,2.0579,0.2538,0.2914,0.2914,0.2914,0.0,0.0,0.935,0.1952,0.7595,1.8897,0.4523,6.4199,0.2787,0,0,0,0,0,0,0,0,0,0,0,0,0,0,0,0,1,0,0,1,1,1825,972,999,0,20,5070,716,0,20,0,20,0,20,0,20,0,20,19.2,2.7,0.0,0.9,99.1,1.1,0.0,0.9,0.0,0.9,0.0,0.9,0.0,0.9,0.0,0.9
72,Puerto Rico,PR,72139,Trujillo Alto,72139060223,"Census Tract 602.23, Trujillo Alto Municipio, Puerto Rico",0.64124592364,3045,488,1582,179,1257,171,1145,300,86,57,297,114,346,138,339,194,730,178,512,226,633,179,121,89,2061,378,3009,487,49,55,0,14,24,42,108,74,84,57,37.7,7.8,6.5,4.5,23.6,8.5,14.8,5.2,11.2,6.4,24.0,5.7,16.8,6.9,20.8,6.1,9.6,7.0,71.8,6.3,98.8,2.3,3.1,3.5,0.0,3.0,1.9,3.3,8.6,5.8,2.8,1.8,0.0975,0.1508,0.5027,0.2362,0.8742,1.8614,0.2148,0.7129,0.377,0.4262,0.6197,0.7205,2.8563,0.705,0.2427,0.2427,0.2427,0.5796,0.0,0.4561,0.1952,0.9242,2.1551,0.59,7.1155,0.4414,0,0,0,0,0,0,0,0,0,0,0,0,0,0,0,0,0,0,1,1,1,2466,659,680,0,14,3009,486,0,14,0,14,0,14,0,14,0,14,22.3,3.7,0.0,1.5,98.8,1.3,0.0,1.5,0.0,1.5,0.0,1.5,0.0,1.5,0.0,1.5
72,Puerto Rico,PR,72139,Trujillo Alto,72139060224,"Census Tract 602.24, Trujillo Alto Municipio, Puerto Rico",0.32980446738,2406,633,1167,239,955,199,1410,574,93,102,295,186,205,138,139,121,484,211,579,282,527,315,135,145,1382,476,2392,631,367,208,0,14,33,56,218,151,0,14,58.6,18.2,9.3,10.6,30.9,18.4,12.8,7.9,5.8,5.0,20.1,9.4,24.1,9.9,21.9,11.0,14.1,14.9,63.0,11.7,99.4,2.0,31.4,16.6,0.0,4.0,3.5,5.8,22.8,15.8,0.0,0.6,0.4106,0.2787,0.8061,0.1766,0.4273,2.0993,0.3221,0.4388,0.8776,0.4989,0.8483,0.4702,3.1338,0.8351,0.3694,0.3694,0.3694,0.9177,0.0,0.6793,0.7918,0.0,2.3888,0.6985,7.9913,0.654,0,0,0,0,0,0,0,0,0,0,0,0,0,0,1,0,0,0,0,1,1,1113,336,951,0,14,2392,631,0,14,0,14,0,14,0,14,0,14,14.0,3.7,0.0,2.0,99.4,0.9,0.0,2.0,0.0,2.0,0.0,2.0,0.0,2.0,0.0,2.0
72,Puerto Rico,PR,72139,Trujillo Alto,72139060225,"Census Tract 602.25, Trujillo Alto Municipio, Puerto Rico",0.425572049154,1666,544,1044,237,707,203,834,402,34,55,99,111,172,125,46,73,324,174,285,195,364,178,86,96,815,360,1666,545,219,126,0,14,36,59,56,52,85,92,50.9,17.9,4.2,6.9,14.0,15.2,12.9,9.0,2.9,4.2,19.4,8.8,17.1,10.3,22.6,9.6,12.2,13.1,50.0,14.7,100.0,2.0,21.0,11.1,0.0,4.4,5.1,8.2,7.9,7.7,5.1,5.3,0.26,0.0748,0.1181,0.1788,0.0954,0.7271,0.0065,0.3889,0.3976,0.5347,0.7714,0.2145,2.3071,0.3688,0.5536,0.5536,0.5536,0.8581,0.0,0.8451,0.1659,0.9642,2.8333,0.8547,6.4211,0.2798,0,0,0,0,0,0,0,0,0,0,0,0,0,0,0,0,0,0,1,1,1,4059,322,743,0,14,1666,544,0,14,0,14,0,14,0,14,0,14,20.4,6.9,0.0,2.8,100.0,2.8,0.0,2.8,0.0,2.8,0.0,2.8,0.0,2.8,0.0,2.8
72,Puerto Rico,PR,72139,Trujillo Alto,72139060226,"Census Tract 602.26, Trujillo Alto Municipio, Puerto Rico",0.090448640622,1040,339,539,146,470,141,294,186,32,38,51,65,134,128,125,133,388,177,158,134,242,154,0,19,687,260,1040,340,0,19,0,14,0,19,82,82,0,14,28.3,15.3,10.0,13.5,10.9,13.4,15.9,13.6,12.0,13.2,37.3,18.2,15.2,11.9,23.3,13.8,0.0,4.0,66.1,12.7,100.0,2.5,0.0,3.5,0.0,8.4,0.0,4.0,17.4,17.4,0.0,1.3,0.0477,0.3265,0.0477,0.2774,0.8937,1.593,0.1139,0.9892,0.2622,0.5672,0.0,0.5601,2.3787,0.4013,0.5536,0.5536,0.5536,0.0,0.0,0.0,0.6649,0.0,0.6649,0.0347,5.1902,0.0933,0,0,0,0,0,0,1,0,0,0,0,1,0,0,0,0,0,0,0,0,1,918,458,444,0,14,1040,339,0,14,0,14,0,14,0,14,0,14,44.0,14.3,0.0,4.5,100.0,4.5,0.0,4.5,0.0,4.5,0.0,4.5,0.0,4.5,0.0,4.5
72,Puerto Rico,PR,72139,Trujillo Alto,72139060301,"Census Tract 603.01, Trujillo Alto Municipio, Puerto Rico",1.304326301482,4714,669,2043,184,1686,199,1602,547,70,50,400,138,351,168,443,212,927,216,968,272,959,269,177,111,2605,471,4689,672,0,19,0,14,96,63,99,59,71,49,34.3,10.7,3.5,2.6,23.7,7.7,10.2,4.7,9.5,4.1,19.7,4.7,20.5,5.0,20.5,5.0,10.5,6.5,59.1,6.5,99.5,2.0,0.0,0.9,0.0,2.3,5.7,3.7,5.9,3.5,1.5,1.0,0.0704,0.0542,0.5103,0.1083,0.7907,1.5339,0.0944,0.4106,0.6869,0.4024,0.675,0.3857,2.5606,0.5206,0.4193,0.4193,0.4193,0.0,0.0,0.8852,0.0868,0.8375,1.8095,0.4154,6.3233,0.2603,0,0,0,0,0,0,0,0,0,0,0,0,0,0,0,0,0,0,0,0,0,1946,421,937,0,14,4689,672,0,14,0,14,0,14,0,14,0,14,9.1,1.3,0.0,1.0,99.5,0.8,0.0,1.0,0.0,1.0,0.0,1.0,0.0,1.0,0.0,1.0
72,Puerto Rico,PR,72139,Trujillo Alto,72139060302,"Census Tract 603.02, Trujillo Alto Municipio, Puerto Rico",3.345557999818,6203,898,2867,306,2202,281,2308,814,82,93,455,202,776,253,300,199,993,267,1333,411,897,289,137,115,3302,672,6203,899,225,156,0,20,48,59,159,105,15,33,37.2,12.0,2.6,3.0,20.7,8.8,18.4,6.1,4.8,3.4,16.0,4.4,21.5,5.8,14.5,4.4,6.2,5.2,55.5,8.1,100.0,0.7,7.8,5.4,0.0,1.6,2.2,2.7,7.2,4.6,0.2,0.5,0.0921,0.0315,0.364,0.364,0.2972,1.1488,0.0358,0.1831,0.7465,0.1508,0.3564,0.3034,1.7402,0.1215,0.5536,0.5536,0.5536,0.727,0.0,0.5049,0.1312,0.4735,1.8366,0.4273,5.2792,0.0998,0,0,0,0,0,0,0,0,0,0,0,0,0,0,0,0,0,0,0,0,0,2875,1251,1330,0,20,6203,898,0,20,0,20,0,20,0,20,0,20,20.2,2.9,0.0,0.8,100.0,0.8,0.0,0.8,0.0,0.8,0.0,0.8,0.0,0.8,0.0,0.8
72,Puerto Rico,PR,72139,Trujillo Alto,72139060401,"Census Tract 604.01, Trujillo Alto Municipio, Puerto Rico",2.388009209636,4332,578,1689,143,1440,148,2806,624,45,59,147,82,599,183,503,316,978,202,756,302,1127,253,84,82,3267,514,4332,579,0,19,20,31,75,63,191,111,76,38,65.3,11.6,2.8,3.6,10.2,5.6,19.0,5.8,11.7,6.9,22.6,5.9,17.5,6.6,26.2,6.3,5.8,5.7,76.4,6.0,100.0,0.8,0.0,1.1,1.2,1.9,5.2,4.3,13.3,7.5,1.8,0.8,0.5666,0.039,0.0412,0.3814,0.8872,1.9154,0.2375,0.6132,0.4312,0.7148,0.325,0.8505,2.9347,0.7451,0.5536,0.5536,0.5536,0.0,0.9132,0.8527,0.4599,0.8689,3.0947,0.9219,8.4984,0.7625,0,0,0,0,0,0,0,0,0,0,0,0,0,0,0,1,0,0,0,1,1,1684,868,862,0,14,4332,578,0,14,0,14,0,14,0,14,0,14,20.4,2.8,0.0,1.1,100.0,1.1,0.0,1.1,0.0,1.1,0.0,1.1,0.0,1.1,0.0,1.1
72,Puerto Rico,PR,72139,Trujillo Alto,72139060403,"Census Tract 604.03, Trujillo Alto Municipio, Puerto Rico",1.892591694784,3554,545,1647,169,1329,174,919,377,46,51,310,112,324,144,175,105,769,165,578,221,717,230,41,51,1227,313,3513,536,249,104,0,14,0,19,54,60,0,14,25.9,9.8,3.0,3.2,23.3,7.9,12.5,5.4,4.9,2.9,21.6,5.4,16.3,5.7,20.2,5.5,3.1,3.8,35.2,7.3,98.8,21.4,15.1,6.1,0.0,2.8,0.0,1.4,4.1,4.4,0.0,0.4,0.0347,0.0445,0.4865,0.1614,0.3156,1.0427,0.0282,0.5493,0.3315,0.385,0.1083,0.0748,1.4489,0.0651,0.2427,0.2427,0.2427,0.8115,0.0,0.0,0.0445,0.0,0.856,0.0672,3.5903,0.0108,0,0,0,0,0,0,0,0,0,0,0,0,0,0,0,0,0,0,0,0,0,1901,282,770,0,14,3513,535,0,14,0,14,0,14,0,14,0,14,7.9,1.2,0.0,1.3,98.8,1.4,0.0,1.3,0.0,1.3,0.0,1.3,0.0,1.3,0.0,1.3
72,Puerto Rico,PR,72139,Trujillo Alto,72139060404,"Census Tract 604.04, Trujillo Alto Municipio, Puerto Rico",0.821116559666,4213,640,1438,161,1262,167,1059,406,47,40,313,120,180,130,151,116,600,173,1090,318,370,137,60,59,1521,410,4059,646,0,19,0,14,60,60,79,51,0,14,25.1,8.9,2.6,2.2,24.8,8.9,6.7,4.7,3.6,2.8,14.2,4.3,25.9,6.4,8.8,3.2,4.8,4.6,37.0,8.3,96.3,4.6,0.0,1.3,0.0,3.2,4.8,4.7,6.3,4.0,0.0,0.3,0.0336,0.0315,0.5655,0.0563,0.154,0.8409,0.0108,0.0986,0.9231,0.039,0.234,0.0867,1.3814,0.051,0.0639,0.0639,0.0639,0.0,0.0,0.8147,0.0998,0.0,0.9145,0.0824,3.2007,0.0011,0,0,0,0,0,0,0,1,0,0,0,1,0,0,0,0,0,0,0,0,1,2200,633,895,0,14,4059,646,0,14,0,14,0,14,0,14,0,14,15.0,2.3,0.0,1.1,96.3,3.0,0.0,1.1,0.0,1.1,0.0,1.1,0.0,1.1,0.0,1.1
72,Puerto Rico,PR,72139,Trujillo Alto,72139060501,"Census Tract 605.01, Trujillo Alto Municipio, Puerto Rico",2.731485934938,5368,697,2188,214,1833,203,2979,621,52,44,397,147,850,220,520,164,884,203,1152,319,1102,220,157,87,3916,644,5296,692,9,24,0,20,101,77,269,97,39,48,55.5,9.0,2.5,2.1,21.7,7.7,22.5,5.1,9.7,3.0,16.5,3.8,21.5,5.2,20.5,4.0,8.6,4.6,76.9,7.7,98.7,1.4,0.4,1.1,0.0,2.1,5.5,4.2,14.7,5.3,0.7,0.9,0.351,0.0304,0.4193,0.5157,0.8037,2.1201,0.333,0.2059,0.7465,0.4024,0.5525,0.8602,2.7675,0.6605,0.2221,0.2221,0.2221,0.3824,0.0,0.8722,0.5358,0.6956,2.486,0.7451,7.5957,0.564,0,0,0,0,0,0,0,0,0,0,0,0,0,0,0,0,0,0,0,0,0,2005,1097,1026,0,20,5296,691,0,20,0,20,0,20,0,20,0,20,20.6,2.7,0.0,0.9,98.7,1.4,0.0,0.9,0.0,0.9,0.0,0.9,0.0,0.9,0.0,0.9
72,Puerto Rico,PR,72139,Trujillo Alto,72139060502,"Census Tract 605.02, Trujillo Alto Municipio, Puerto Rico",3.554388602456,4278,680,1612,158,1341,161,2563,651,135,88,102,82,1027,241,367,215,803,181,747,302,860,202,70,63,2984,608,4276,680,0,19,30,50,81,67,157,99,270,149,61.6,12.2,7.6,5.0,7.6,6.0,32.7,6.5,8.9,5.3,18.8,4.5,17.5,6.5,20.8,4.9,5.2,4.7,70.4,9.0,100.0,0.0,0.0,1.2,1.9,3.1,6.0,4.9,11.7,7.4,6.3,3.3,0.4713,0.1974,0.0119,0.8212,0.7484,2.2502,0.4013,0.3521,0.4312,0.4262,0.2719,0.688,2.1694,0.3037,0.5536,0.5536,0.5536,0.0,0.9685,0.9025,0.3709,0.9729,3.2148,0.9447,8.188,0.7028,0,0,0,0,0,0,0,0,0,0,0,0,0,0,0,1,1,0,1,3,3,1930,746,987,0,14,4276,680,0,14,0,14,0,14,0,14,0,14,18.6,3.1,0.0,1.1,100.0,0.1,0.0,1.1,0.0,1.1,0.0,1.1,0.0,1.1,0.0,1.1
72,Puerto Rico,PR,72141,Utuado,72141956900,"Census Tract 9569, Utuado Municipio, Puerto Rico",27.722553717628,3712,528,1739,179,1245,144,2829,595,417,233,232,107,860,169,249,161,806,163,969,306,803,205,124,87,2772,456,3693,521,0,19,0,14,32,36,174,84,0,14,76.2,11.8,35.8,15.5,18.6,8.3,34.6,5.6,6.7,4.3,21.7,5.0,26.1,7.4,21.6,5.1,10.0,6.9,79.5,7.0,99.5,19.9,0.0,1.1,0.0,2.7,2.6,2.9,14.0,6.4,0.0,0.4,0.8245,0.9469,0.2644,0.8635,0.5434,3.4427,0.8807,0.559,0.9307,0.4729,0.6479,0.9047,3.5152,0.9534,0.4193,0.4193,0.4193,0.0,0.0,0.5666,0.5011,0.0,1.0677,0.1226,8.4449,0.7581,0,1,0,0,0,1,0,1,0,0,1,2,0,0,0,0,0,0,0,0,3,2710,1702,788,0,14,3669,519,0,14,0,14,0,14,0,14,24,39,45.9,6.5,0.0,1.3,98.8,1.1,0.0,1.3,0.0,1.3,0.0,1.3,0.0,1.3,0.6,1.0
72,Puerto Rico,PR,72141,Utuado,72141957000,"Census Tract 9570, Utuado Municipio, Puerto Rico",17.923187273822,4732,712,2034,208,1668,205,3463,611,538,251,370,133,928,250,327,184,965,221,814,234,989,329,165,97,3391,567,4701,710,0,19,0,14,0,19,253,96,0,14,73.7,6.6,37.8,10.9,22.2,7.5,27.4,6.1,6.9,3.9,20.4,5.1,17.2,4.2,20.9,6.5,9.9,5.7,73.4,5.3,99.3,1.4,0.0,0.9,0.0,2.3,0.0,1.1,15.2,6.0,0.0,0.3,0.7681,0.962,0.4388,0.6696,0.5683,3.4068,0.8764,0.4594,0.4052,0.4317,0.6414,0.7822,2.7199,0.6226,0.3402,0.3402,0.3402,0.0,0.0,0.0,0.5694,0.0,0.5694,0.0206,7.0363,0.4143,0,1,0,0,0,1,0,0,0,0,0,0,0,0,0,0,0,0,0,0,1,2831,1777,1025,0,14,4701,710,0,14,0,14,0,14,0,14,0,14,37.6,5.7,0.0,1.0,99.3,0.8,0.0,1.0,0.0,1.0,0.0,1.0,0.0,1.0,0.0,1.0
72,Puerto Rico,PR,72141,Utuado,72141957100,"Census Tract 9571, Utuado Municipio, Puerto Rico",29.459389549,4439,654,2084,197,1548,181,3104,612,449,218,323,116,848,247,418,214,761,198,815,260,787,218,130,88,2935,487,4368,646,0,19,18,29,14,25,175,91,0,14,69.9,9.2,26.3,10.1,20.9,7.1,27.3,7.1,9.4,4.7,17.1,4.8,18.4,5.2,17.7,4.8,8.4,5.6,68.4,6.2,98.4,1.3,0.0,0.9,0.9,1.4,0.9,1.6,11.3,5.5,0.0,0.3,0.6706,0.8514,0.3716,0.6663,0.7852,3.3451,0.8633,0.2438,0.5168,0.2636,0.5395,0.6338,2.1975,0.321,0.1788,0.1788,0.1788,0.0,0.8633,0.2622,0.3503,0.0,1.4758,0.2668,7.1972,0.4534,0,0,0,0,0,0,0,0,0,0,0,0,0,0,0,0,0,0,0,0,0,3916,1656,927,0,14,4368,646,0,14,0,14,0,14,0,14,0,14,37.3,5.5,0.0,1.1,98.4,1.2,0.0,1.1,0.0,1.1,0.0,1.1,0.0,1.1,0.0,1.1
72,Puerto Rico,PR,72141,Utuado,72141957200,"Census Tract 9572, Utuado Municipio, Puerto Rico",17.12369898989,3843,600,2044,190,1412,177,2659,496,370,178,265,106,841,232,254,151,1057,200,819,283,907,238,114,86,3074,527,3843,600,13,24,19,30,0,19,179,86,70,24,69.6,7.0,34.5,12.3,18.8,7.1,30.1,6.8,6.6,3.8,27.5,6.2,21.3,6.6,23.7,5.5,8.1,6.0,82.7,6.6,100.0,0.0,0.6,1.2,0.9,1.5,0.0,1.3,12.7,6.0,1.8,0.6,0.6631,0.936,0.2676,0.7541,0.5315,3.1523,0.8059,0.8397,0.7302,0.59,0.5146,0.9512,3.6257,0.9729,0.5536,0.5536,0.5536,0.3944,0.8633,0.0,0.4284,0.8689,2.555,0.7733,9.8866,0.9317,0,1,0,0,0,1,0,0,0,0,1,1,0,0,0,0,0,0,0,0,2,6118,1773,812,0,14,3843,600,0,14,0,14,0,14,0,14,0,14,47.0,7.5,0.0,1.2,100.0,1.2,0.0,1.2,0.0,1.2,0.0,1.2,0.0,1.2,0.0,1.2
72,Puerto Rico,PR,72141,Utuado,72141957300,"Census Tract 9573, Utuado Municipio, Puerto Rico",0.983177082636,3699,630,1624,175,1413,180,2618,484,273,134,283,114,493,150,124,81,905,194,644,268,549,153,152,76,2293,441,3657,629,55,42,9,13,7,17,250,90,0,14,70.8,5.1,21.0,9.1,20.0,7.7,18.0,5.4,3.4,2.3,24.5,5.1,17.4,6.6,14.8,3.7,10.8,5.2,64.9,6.5,98.9,2.3,3.4,2.6,0.6,0.8,0.5,1.2,17.7,6.3,0.0,0.4,0.6966,0.7462,0.3229,0.3489,0.1345,2.2491,0.4002,0.7291,0.4204,0.1627,0.6988,0.5135,2.5245,0.5,0.2579,0.2579,0.2579,0.5948,0.8048,0.2134,0.6779,0.0,2.2909,0.6551,7.3224,0.4816,0,0,0,0,0,0,0,0,0,0,0,0,0,0,0,0,0,0,0,0,0,5373,1143,846,0,14,3657,629,0,14,0,14,0,14,0,14,0,14,30.9,5.3,0.0,1.3,98.9,1.1,0.0,1.3,0.0,1.3,0.0,1.3,0.0,1.3,0.0,1.3
72,Puerto Rico,PR,72141,Utuado,72141957400,"Census Tract 9574, Utuado Municipio, Puerto Rico",0.979647724254,1652,285,939,100,648,91,1444,285,210,103,150,62,444,109,80,66,406,106,376,137,448,133,105,51,1116,247,1652,287,32,33,0,14,0,19,227,75,4,6,87.6,8.3,63.4,17.3,23.1,9.0,38.6,7.5,4.8,4.0,24.6,7.1,22.8,7.3,27.1,7.8,16.2,7.5,69.8,9.6,100.0,2.0,3.4,3.5,0.0,4.9,0.0,2.9,35.0,9.1,0.2,0.4,0.9642,0.9957,0.4745,0.9252,0.2972,3.6568,0.923,0.7313,0.818,0.7592,0.8927,0.6739,3.8751,0.9913,0.5536,0.5536,0.5536,0.5948,0.0,0.0,0.9317,0.4735,2.0,0.5065,10.0855,0.9469,1,1,0,1,0,3,0,0,0,0,0,0,0,0,0,0,0,1,0,1,4,1087,1011,359,0,14,1652,285,0,14,0,14,0,14,0,14,0,14,61.3,10.6,0.0,2.8,100.0,2.8,0.0,2.8,0.0,2.8,0.0,2.8,0.0,2.8,0.0,2.8
72,Puerto Rico,PR,72141,Utuado,72141957500,"Census Tract 9575, Utuado Municipio, Puerto Rico",0.977048099488,2682,498,1437,180,1024,165,2267,471,316,175,259,96,575,171,200,113,585,157,356,181,706,191,159,89,1963,418,2682,484,0,19,12,19,0,19,441,140,11,10,84.5,7.9,37.8,13.6,25.3,8.4,27.4,7.3,7.5,4.2,21.8,6.0,13.3,6.3,26.3,6.6,15.5,8.3,75.1,7.8,100.0,25.9,0.0,1.3,0.8,1.3,0.0,1.9,43.1,10.2,0.4,0.4,0.9415,0.962,0.5894,0.6696,0.6323,3.7948,0.9436,0.5666,0.1517,0.7223,0.8819,0.8212,3.1437,0.8427,0.5536,0.5536,0.5536,0.0,0.8427,0.0,0.9664,0.5688,2.3779,0.6941,9.87,0.9295,1,1,0,0,0,2,0,0,0,0,0,0,0,0,0,0,0,1,0,1,3,3116,1068,722,0,14,2618,477,0,14,0,14,0,14,0,14,64,78,40.0,7.5,0.0,1.8,97.6,2.8,0.0,1.8,0.0,1.8,0.0,1.8,0.0,1.8,2.4,2.8
72,Puerto Rico,PR,72141,Utuado,72141957600,"Census Tract 9576, Utuado Municipio, Puerto Rico",18.362812663572,3282,600,1474,165,1129,158,2202,557,453,273,95,64,610,206,351,166,654,169,511,207,450,178,65,62,2392,470,3281,596,12,23,19,29,18,31,105,72,8,6,67.1,11.7,36.3,15.0,8.4,5.5,24.3,7.3,10.7,5.2,19.9,5.7,15.6,5.6,13.7,4.9,5.8,5.4,77.6,5.4,100.0,25.8,0.8,1.6,1.3,2.0,1.6,2.7,9.3,6.2,0.2,0.2,0.6013,0.9501,0.0195,0.5753,0.8449,2.9911,0.7451,0.4269,0.2893,0.1312,0.325,0.8765,2.0489,0.2505,0.5536,0.5536,0.5536,0.4171,0.9306,0.3922,0.244,0.4735,2.4574,0.7289,8.051,0.6638,0,1,0,0,0,1,0,0,0,0,0,0,0,0,0,1,0,0,0,1,2,2084,1286,808,21,33,3260,595,0,14,0,14,0,14,0,14,0,14,39.3,7.2,0.6,1.0,99.3,1.0,0.0,1.4,0.0,1.4,0.0,1.4,0.0,1.4,0.0,1.4
72,Puerto Rico,PR,72143,Vega Alta,72143550101,"Census Tract 5501.01, Vega Alta Municipio, Puerto Rico",1.161488638786,3866,855,1731,252,1346,265,1348,584,215,172,314,174,418,186,194,159,628,207,780,421,566,309,96,94,1495,515,3773,856,98,92,21,34,29,50,111,85,0,14,34.9,13.0,12.3,9.5,23.3,12.1,15.9,6.7,5.0,3.9,16.2,5.7,20.2,9.9,14.6,7.4,7.1,6.8,40.6,10.8,97.6,4.9,5.7,5.2,1.2,2.0,2.2,3.7,8.2,5.9,0.0,0.4,0.078,0.4197,0.4865,0.2774,0.3275,1.5891,0.1128,0.1885,0.6587,0.1551,0.4236,0.1094,1.5353,0.0803,0.1116,0.1116,0.1116,0.6728,0.9132,0.5049,0.1779,0.0,2.2688,0.6399,5.5048,0.1236,0,0,0,0,0,0,0,0,0,0,0,0,0,0,0,1,0,0,0,1,1,1770,813,1177,85,105,3688,849,0,14,0,14,0,14,0,14,0,14,21.0,4.7,2.2,2.7,95.4,4.1,0.0,1.2,0.0,1.2,0.0,1.2,0.0,1.2,0.0,1.2
72,Puerto Rico,PR,72143,Vega Alta,72143550102,"Census Tract 5501.02, Vega Alta Municipio, Puerto Rico",0.840063743112,2820,987,837,170,704,173,1737,679,280,271,111,91,533,253,99,114,424,182,759,343,484,222,35,55,2112,835,2820,987,0,19,38,60,0,19,90,74,0,14,61.6,10.7,25.3,14.1,15.8,12.3,30.5,10.0,3.5,3.5,15.0,5.8,26.9,7.7,17.2,8.1,5.0,7.7,78.3,15.9,100.0,0.0,0.0,2.3,4.5,7.2,0.0,2.7,12.8,10.0,0.0,0.5,0.4713,0.8286,0.1798,0.7616,0.1443,2.3856,0.4631,0.1322,0.9426,0.2397,0.2535,0.8895,2.4575,0.4653,0.5536,0.5536,0.5536,0.0,0.9957,0.0,0.4317,0.0,1.4274,0.2408,6.8241,0.3677,0,0,0,0,0,0,0,1,0,0,0,1,0,0,0,1,0,0,0,1,2,691,575,1384,0,14,2820,987,0,14,0,14,0,14,0,14,0,14,20.4,7.2,0.0,1.7,100.0,1.7,0.0,1.7,0.0,1.7,0.0,1.7,0.0,1.7,0.0,1.7
72,Puerto Rico,PR,72143,Vega Alta,72143550103,"Census Tract 5501.03, Vega Alta Municipio, Puerto Rico",3.318633949052,4895,957,2458,275,1657,282,2641,799,380,275,419,186,707,297,285,178,812,293,1165,400,1005,308,303,158,2525,717,4770,977,202,139,49,59,0,19,241,129,38,22,54.8,12.6,20.0,12.2,25.3,10.4,21.4,9.1,5.9,3.8,16.6,6.3,23.8,6.7,20.6,5.8,18.3,9.0,54.6,11.2,97.4,6.0,8.2,5.6,2.0,2.4,0.0,1.1,14.5,7.5,0.8,0.4,0.3326,0.7126,0.5894,0.481,0.4458,2.5614,0.5521,0.2134,0.8646,0.4121,0.922,0.2849,2.697,0.6095,0.0997,0.0997,0.0997,0.7346,0.9729,0.0,0.5228,0.7226,2.9529,0.8861,8.311,0.7289,0,0,0,0,0,0,0,0,0,1,0,1,0,0,0,1,0,0,0,1,2,4430,1419,1384,24,40,4739,976,0,14,0,14,0,14,0,14,7,16,29.2,5.8,0.5,0.8,96.8,2.9,0.0,1.0,0.0,1.0,0.0,1.0,0.0,1.0,0.1,0.3
72,Puerto Rico,PR,72143,Vega Alta,72143550200,"Census Tract 5502, Vega Alta Municipio, Puerto Rico",4.493027274984,4161,913,1800,232,1383,240,3371,875,331,244,323,146,1129,420,229,212,939,272,977,361,1236,356,242,115,2853,692,4161,913,119,89,0,14,112,84,160,104,57,73,81.0,11.2,24.9,15.5,23.4,9.7,39.6,10.7,5.5,4.9,22.6,6.7,23.5,7.0,29.7,6.6,17.5,7.7,73.3,8.8,100.0,0.0,6.6,4.9,0.0,2.6,8.1,5.9,11.6,7.2,1.4,1.7,0.9122,0.8178,0.4951,0.9361,0.3861,3.5473,0.9024,0.6132,0.8548,0.8579,0.9187,0.7779,4.0225,0.9967,0.5536,0.5536,0.5536,0.7021,0.0,0.9686,0.3677,0.8277,2.8661,0.8655,10.9895,0.9902,1,0,0,1,0,2,0,0,0,1,0,1,0,0,0,0,1,0,0,1,4,4477,1114,1260,0,14,4161,913,0,14,0,14,0,14,0,14,0,14,27.1,6.0,0.0,1.1,100.0,1.1,0.0,1.1,0.0,1.1,0.0,1.1,0.0,1.1,0.0,1.1
72,Puerto Rico,PR,72143,Vega Alta,72143550300,"Census Tract 5503, Vega Alta Municipio, Puerto Rico",9.802516263922,4676,785,1809,186,1352,172,3253,745,425,207,293,119,780,272,286,206,757,276,943,341,1325,417,129,85,3333,702,4676,785,0,19,0,14,65,60,112,71,7,4,69.6,10.8,25.0,9.7,21.7,8.4,24.6,7.4,6.1,4.1,16.2,5.9,20.2,6.5,28.3,7.8,9.5,6.2,72.3,9.4,100.0,0.0,0.0,1.1,0.0,2.6,4.8,4.4,8.3,5.1,0.1,0.1,0.6631,0.8221,0.4193,0.5905,0.4642,2.9592,0.7332,0.1885,0.6587,0.8091,0.6056,0.7378,2.9997,0.7744,0.5536,0.5536,0.5536,0.0,0.0,0.8147,0.1811,0.4334,1.4292,0.2419,7.9417,0.6421,0,0,0,0,0,0,0,0,0,0,0,0,0,0,0,0,0,0,0,0,0,4439,1455,1092,0,14,4676,785,0,14,0,14,0,14,0,14,0,14,31.2,5.3,0.0,1.0,100.0,1.0,0.0,1.0,0.0,1.0,0.0,1.0,0.0,1.0,0.0,1.0
72,Puerto Rico,PR,72143,Vega Alta,72143550400,"Census Tract 5504, Vega Alta Municipio, Puerto Rico",0.792788642028,4623,747,1897,177,1442,170,3438,699,433,185,414,122,997,300,269,148,996,217,844,305,1211,259,99,74,2791,581,4578,737,62,45,0,14,87,72,328,111,5,8,74.4,9.2,28.0,9.3,28.7,7.8,29.6,7.9,5.8,3.0,21.5,4.7,18.3,5.9,26.2,5.1,6.9,5.1,63.6,8.3,99.0,22.6,3.3,2.4,0.0,2.5,6.0,4.9,22.7,7.3,0.1,0.2,0.7822,0.8807,0.7356,0.7378,0.4273,3.5636,0.9056,0.5385,0.5038,0.7148,0.4117,0.4821,2.6509,0.577,0.2774,0.2774,0.2774,0.5883,0.0,0.9025,0.7907,0.4334,2.7149,0.8254,9.2068,0.8633,0,0,0,0,0,0,0,0,0,0,0,0,0,0,0,0,1,0,0,1,1,7729,2031,987,18,28,4560,736,0,14,0,14,0,14,0,14,0,14,44.0,7.1,0.4,0.6,98.6,1.3,0.0,1.0,0.0,1.0,0.0,1.0,0.0,1.0,0.0,1.0
72,Puerto Rico,PR,72143,Vega Alta,72143550500,"Census Tract 5505, Vega Alta Municipio, Puerto Rico",1.237807104514,5159,673,2298,252,1891,235,2693,628,342,222,284,136,885,273,298,149,916,299,854,324,1051,298,111,89,3090,563,5126,656,75,68,17,27,92,97,326,128,300,97,55.4,10.6,15.9,9.5,15.0,6.9,23.2,7.2,6.1,2.9,17.8,6.2,16.6,5.9,21.6,6.5,5.9,4.6,60.7,7.5,99.4,18.2,3.3,2.9,0.7,1.2,4.9,5.1,17.2,6.6,5.8,1.7,0.3467,0.5662,0.1463,0.5341,0.4642,2.0575,0.3048,0.2882,0.3619,0.4729,0.3326,0.428,1.8836,0.167,0.3694,0.3694,0.3694,0.5883,0.8275,0.8299,0.654,0.9686,3.8683,0.9924,8.1788,0.6985,0,0,0,0,0,0,0,0,0,0,0,0,0,0,0,0,0,0,1,1,1,4219,2022,945,0,20,5069,651,0,20,0,20,0,20,13,22,44,68,41.6,5.6,0.0,0.9,98.3,1.6,0.0,0.9,0.0,0.9,0.0,0.9,0.3,0.4,0.9,1.3
72,Puerto Rico,PR,72143,Vega Alta,72143550601,"Census Tract 5506.01, Vega Alta Municipio, Puerto Rico",4.495384041592,3461,552,1939,179,1334,167,2167,476,202,129,263,115,721,224,207,160,806,235,525,191,1027,307,38,44,2389,465,3461,547,0,19,0,14,13,24,237,97,28,31,62.8,9.4,17.1,9.9,19.7,8.3,26.6,7.0,6.0,4.4,23.3,6.7,15.2,5.0,29.7,7.8,2.8,3.3,70.9,7.8,100.0,22.5,0.0,1.0,0.0,2.4,1.0,1.8,17.8,6.8,0.8,0.9,0.5005,0.6215,0.3142,0.6468,0.4566,2.5396,0.538,0.6587,0.2622,0.8579,0.0953,0.6988,2.5729,0.5293,0.5536,0.5536,0.5536,0.0,0.0,0.2839,0.6822,0.7226,1.6887,0.3644,7.3548,0.4946,0,0,0,0,0,0,0,0,0,0,0,0,0,0,0,0,0,0,0,0,0,1928,1139,813,0,14,3423,545,0,14,0,14,0,14,0,14,38,43,33.2,5.3,0.0,1.4,98.9,1.2,0.0,1.4,0.0,1.4,0.0,1.4,0.0,1.4,1.1,1.2
72,Puerto Rico,PR,72143,Vega Alta,72143550602,"Census Tract 5506.02, Vega Alta Municipio, Puerto Rico",1.58671126563,2898,508,1234,156,1015,149,1696,421,101,84,256,100,457,198,209,138,452,156,662,253,522,189,85,65,1817,362,2898,509,77,64,0,14,18,33,176,79,20,30,58.5,10.3,9.4,7.3,25.2,9.1,23.9,8.0,7.2,4.9,15.6,5.4,22.8,7.8,18.0,5.9,8.4,6.3,67.9,6.3,100.0,1.1,6.2,5.1,0.0,3.8,1.8,3.2,17.3,7.3,0.7,1.0,0.4085,0.2885,0.585,0.5623,0.5965,2.4408,0.4967,0.1593,0.818,0.2787,0.5395,0.6132,2.4087,0.4252,0.5536,0.5536,0.5536,0.6923,0.0,0.4345,0.6594,0.6956,2.4818,0.743,7.8849,0.628,0,0,0,0,0,0,0,0,0,0,0,0,0,0,0,0,0,0,0,0,0,1582,1070,664,0,14,2898,508,0,14,0,14,0,14,0,14,0,14,37.2,6.6,0.0,1.6,100.0,1.6,0.0,1.6,0.0,1.6,0.0,1.6,0.0,1.6,0.0,1.6
72,Puerto Rico,PR,72145,Vega Baja,72145560100,"Census Tract 5601, Vega Baja Municipio, Puerto Rico",4.376217520312,3705,640,1848,168,1328,177,3068,572,296,145,349,107,841,230,499,235,587,142,794,207,931,229,156,84,2348,440,3600,640,0,19,0,14,35,40,311,102,18,29,83.4,5.9,26.5,10.2,26.3,7.3,33.8,7.2,13.5,6.3,15.8,3.9,21.4,4.2,25.1,5.2,11.7,6.1,68.0,4.4,97.2,4.1,0.0,1.0,0.0,2.5,2.6,3.0,23.4,7.3,0.5,0.8,0.935,0.8547,0.636,0.8462,0.9284,4.2003,0.9837,0.169,0.74,0.654,0.7476,0.6154,2.926,0.7386,0.091,0.091,0.091,0.0,0.0,0.5666,0.7983,0.6165,1.9814,0.4967,9.1987,0.8623,1,0,0,0,1,2,0,0,0,0,0,0,0,0,0,0,0,0,0,0,2,4390,1930,844,0,14,3541,636,0,14,0,14,0,14,0,14,59,67,52.3,9.0,0.0,1.3,95.6,2.2,0.0,1.3,0.0,1.3,0.0,1.3,0.0,1.3,1.6,1.8
72,Puerto Rico,PR,72145,Vega Baja,72145560201,"Census Tract 5602.01, Vega Baja Municipio, Puerto Rico",0.872355769984,4930,770,2930,284,2048,235,2284,783,158,159,442,197,529,208,392,276,1071,245,890,279,992,307,115,98,2579,644,4707,757,208,119,24,39,0,19,162,85,21,22,46.3,14.1,8.8,8.3,21.6,9.3,14.8,5.4,8.0,5.4,21.7,4.6,18.1,4.9,20.1,5.7,5.6,4.7,54.5,10.6,95.5,3.6,7.1,4.0,0.8,1.3,0.0,0.9,7.9,4.1,0.4,0.4,0.1907,0.2549,0.415,0.2362,0.6876,1.7844,0.1844,0.559,0.4865,0.3764,0.3044,0.2806,2.0069,0.2202,0.0433,0.0433,0.0433,0.7129,0.8427,0.0,0.1659,0.5688,2.2903,0.654,6.1249,0.2267,0,0,0,0,0,0,0,0,0,0,0,0,0,0,0,0,0,0,0,0,0,2846,2008,1061,0,14,4707,757,0,14,0,14,0,14,0,14,0,14,40.9,6.4,0.0,1.0,95.5,4.0,0.0,1.0,0.0,1.0,0.0,1.0,0.0,1.0,0.0,1.0
72,Puerto Rico,PR,72145,Vega Baja,72145560204,"Census Tract 5602.04, Vega Baja Municipio, Puerto Rico",5.000182676738,3419,552,1605,159,1175,158,2117,477,407,163,256,103,368,139,214,117,397,132,638,186,531,184,58,54,1789,384,3320,539,95,63,0,14,40,39,108,60,19,20,61.9,9.7,27.1,9.1,21.8,8.3,15.8,5.6,6.3,3.1,11.6,3.9,18.7,4.5,15.5,5.1,4.9,4.5,54.5,7.6,97.1,1.7,5.9,3.9,0.0,2.9,3.4,3.3,9.2,5.1,0.6,0.6,0.4821,0.8644,0.4225,0.2709,0.4892,2.5291,0.5347,0.0455,0.545,0.1844,0.2427,0.2806,1.2982,0.0369,0.0867,0.0867,0.0867,0.6793,0.0,0.6663,0.2386,0.6522,2.2364,0.6226,6.1504,0.2289,0,0,0,0,0,0,0,0,0,0,0,0,0,0,0,0,0,0,0,0,0,1838,1376,745,0,14,3320,538,0,14,0,14,0,14,0,14,0,14,40.5,6.6,0.0,1.4,97.1,1.8,0.0,1.4,0.0,1.4,0.0,1.4,0.0,1.4,0.0,1.4
72,Puerto Rico,PR,72145,Vega Baja,72145560300,"Census Tract 5603, Vega Baja Municipio, Puerto Rico",5.098342932606,3217,498,1868,187,1302,188,2077,450,165,93,265,115,458,136,292,190,638,138,694,222,825,229,261,112,2011,413,3168,485,56,63,0,14,33,41,226,101,41,41,65.0,9.8,15.7,7.9,20.4,8.3,21.1,6.3,9.1,5.7,19.8,4.4,21.6,6.0,25.8,6.7,20.0,8.1,66.6,8.8,98.5,21.4,3.0,3.4,0.0,2.5,2.5,3.1,17.4,7.1,1.3,1.3,0.5547,0.5586,0.3424,0.4648,0.7625,2.683,0.6095,0.4193,0.7519,0.7007,0.9512,0.571,3.3941,0.923,0.1874,0.1874,0.1874,0.5753,0.0,0.5558,0.6649,0.805,2.601,0.7928,8.8655,0.8254,0,0,0,0,0,0,0,0,0,1,0,1,0,0,0,0,0,0,0,0,1,11911,1651,628,0,14,3168,484,0,14,0,14,0,14,0,14,0,14,52.0,8.2,0.0,1.5,98.5,2.3,0.0,1.5,0.0,1.5,0.0,1.5,0.0,1.5,0.0,1.5
72,Puerto Rico,PR,72145,Vega Baja,72145560401,"Census Tract 5604.01, Vega Baja Municipio, Puerto Rico",1.047557660626,3252,543,1388,170,1217,165,1339,454,176,101,298,122,201,130,163,97,319,131,876,272,336,150,136,90,1460,291,3205,548,0,19,0,14,23,38,65,44,15,25,41.4,12.2,12.0,6.0,24.5,9.5,9.6,5.8,5.0,2.9,9.8,4.0,26.9,7.1,10.4,4.6,11.2,7.2,47.3,5.4,98.6,3.6,0.0,1.4,0.0,3.4,1.9,3.1,5.3,3.6,0.5,0.8,0.1278,0.4035,0.5471,0.0943,0.3275,1.5002,0.0857,0.0303,0.9426,0.0575,0.7172,0.1798,1.9274,0.1844,0.2048,0.2048,0.2048,0.0,0.0,0.4561,0.0727,0.6165,1.1453,0.1421,4.7777,0.0575,0,0,0,0,0,0,0,1,0,0,0,1,0,0,0,0,0,0,0,0,1,2444,936,770,0,14,3205,547,0,14,0,14,0,14,0,14,0,14,28.9,4.8,0.0,1.4,98.6,1.7,0.0,1.4,0.0,1.4,0.0,1.4,0.0,1.4,0.0,1.4
72,Puerto Rico,PR,72145,Vega Baja,72145560402,"Census Tract 5604.02, Vega Baja Municipio, Puerto Rico",1.396011240708,5051,680,2107,202,1769,201,2526,549,262,156,480,145,649,195,724,270,765,183,914,271,751,153,88,58,2155,403,4911,675,0,28,17,20,38,48,129,67,19,30,50.2,8.5,12.7,6.6,27.1,7.6,17.6,5.2,14.4,4.7,15.1,4.1,18.1,4.8,14.9,3.0,5.0,3.2,45.1,6.0,97.2,2.7,0.0,1.3,0.8,0.9,2.1,2.7,7.3,3.8,0.4,0.6,0.2438,0.436,0.6663,0.3337,0.9371,2.6169,0.5759,0.1354,0.4865,0.1649,0.2535,0.1517,1.192,0.0293,0.091,0.091,0.091,0.0,0.8427,0.4908,0.1323,0.5688,2.0346,0.526,5.9345,0.1952,0,0,0,0,1,1,0,0,0,0,0,0,0,0,0,0,0,0,0,0,1,2813,2078,927,8,12,4903,674,0,20,0,20,0,20,0,20,0,20,41.3,5.6,0.2,0.2,97.1,2.5,0.0,0.9,0.0,0.9,0.0,0.9,0.0,0.9,0.0,0.9
72,Puerto Rico,PR,72145,Vega Baja,72145560500,"Census Tract 5605, Vega Baja Municipio, Puerto Rico",0.258684865082,1454,266,980,111,694,104,1026,242,155,66,202,79,240,71,108,51,432,100,260,130,434,112,66,51,929,230,1434,265,37,29,0,14,19,22,212,65,5,8,70.6,10.5,33.3,13.8,29.1,10.5,22.1,5.7,7.4,3.8,29.7,7.7,17.9,8.3,29.8,8.1,9.5,7.2,65.0,10.6,98.6,2.6,3.8,2.9,0.0,4.7,2.7,3.1,30.5,8.2,0.3,0.5,0.6901,0.9284,0.7465,0.5016,0.6236,3.4902,0.8915,0.8927,0.4724,0.8644,0.6056,0.5168,3.3519,0.9111,0.2048,0.2048,0.2048,0.6111,0.0,0.5872,0.8991,0.5255,2.6229,0.8004,9.6698,0.9143,0,1,0,0,0,1,0,0,0,0,0,0,0,0,0,0,0,0,0,0,1,2849,750,327,0,14,1433,264,0,14,0,14,1,2,0,14,0,14,51.8,9.5,0.0,3.2,98.6,1.5,0.0,3.2,0.0,3.2,0.1,0.2,0.0,3.2,0.0,3.2
72,Puerto Rico,PR,72145,Vega Baja,72145560600,"Census Tract 5606, Vega Baja Municipio, Puerto Rico",4.462115562762,6264,1083,2578,266,2146,298,4950,1030,554,234,487,182,1404,322,804,427,1365,300,1279,403,1239,343,111,102,4453,877,6142,1057,0,28,32,37,130,96,447,160,0,20,79.0,9.2,26.1,9.8,22.7,7.9,31.8,6.8,12.8,6.6,21.8,5.6,20.4,5.4,19.8,5.6,5.2,4.7,74.6,7.6,98.1,23.9,0.0,1.1,1.2,1.4,6.1,4.4,20.8,7.5,0.0,0.3,0.8754,0.8471,0.4605,0.7996,0.9187,3.9013,0.9566,0.5666,0.6771,0.3633,0.2719,0.8061,2.685,0.5976,0.1452,0.1452,0.1452,0.0,0.9132,0.9112,0.7603,0.0,2.5847,0.7852,9.3162,0.8807,0,0,0,0,1,1,0,0,0,0,0,0,0,0,0,1,1,0,0,2,3,4817,3686,1355,0,20,6142,1056,0,20,0,20,0,20,0,20,0,20,58.8,10.2,0.0,0.8,98.1,2.1,0.0,0.8,0.0,0.8,0.0,0.8,0.0,0.8,0.0,0.8
72,Puerto Rico,PR,72145,Vega Baja,72145560701,"Census Tract 5607.01, Vega Baja Municipio, Puerto Rico",1.237712895626,5014,743,2186,249,1929,261,2515,586,329,154,613,214,659,228,254,178,1068,259,933,348,1111,316,130,102,3072,664,4960,741,0,28,14,23,12,27,164,106,0,20,50.2,9.0,16.4,7.3,31.8,10.2,18.6,6.0,5.1,3.5,21.3,5.7,18.6,6.4,22.2,6.7,6.7,5.2,61.6,9.7,98.9,1.9,0.0,1.3,0.6,1.0,0.6,1.4,8.5,5.4,0.0,0.4,0.2438,0.5911,0.8353,0.3684,0.3384,2.377,0.4599,0.5276,0.5385,0.5141,0.3933,0.4453,2.4188,0.4328,0.2579,0.2579,0.2579,0.0,0.8048,0.2189,0.192,0.0,1.2157,0.167,6.2694,0.2473,0,0,0,0,0,0,0,0,0,0,0,0,0,0,0,0,0,0,0,0,0,4331,1989,949,0,20,4897,737,0,20,0,20,0,20,0,20,63,72,39.7,5.9,0.0,0.9,97.7,1.6,0.0,0.9,0.0,0.9,0.0,0.9,0.0,0.9,1.3,1.4
72,Puerto Rico,PR,72145,Vega Baja,72145560702,"Census Tract 5607.02, Vega Baja Municipio, Puerto Rico",4.28822062739,4902,799,2361,261,1950,280,3184,748,152,107,516,176,1137,340,525,269,1013,257,899,389,1481,294,27,45,3362,583,4770,799,0,19,0,14,107,89,172,100,0,14,65.0,11.0,9.0,6.2,26.5,8.2,31.4,8.4,10.7,5.1,20.7,5.9,18.3,7.4,30.2,6.9,1.4,2.3,72.0,4.5,97.3,3.8,0.0,0.8,0.0,2.0,5.5,4.5,8.8,5.0,0.0,0.3,0.5547,0.2614,0.6436,0.7941,0.8449,3.0987,0.7842,0.4854,0.5038,0.8742,0.039,0.7259,2.6283,0.5694,0.0953,0.0953,0.0953,0.0,0.0,0.8722,0.2082,0.0,1.0804,0.1236,6.9027,0.385,0,0,0,0,0,0,0,0,0,0,0,0,0,0,0,0,0,0,0,0,0,2790,2614,1003,0,14,4770,799,0,14,0,14,0,14,0,14,0,14,53.3,8.7,0.0,1.0,97.3,2.2,0.0,1.0,0.0,1.0,0.0,1.0,0.0,1.0,0.0,1.0
72,Puerto Rico,PR,72145,Vega Baja,72145560801,"Census Tract 5608.01, Vega Baja Municipio, Puerto Rico",1.565393029802,2274,447,1263,150,893,128,1859,445,204,113,186,82,674,199,368,183,499,122,355,163,567,176,68,53,1641,339,2200,428,0,19,0,14,42,39,109,51,8,8,82.0,11.1,27.9,11.6,20.8,8.7,40.8,10.9,16.2,7.5,21.9,6.0,15.6,6.5,25.0,7.5,7.6,5.8,73.6,5.5,96.7,26.8,0.0,1.5,0.0,3.7,4.7,4.3,12.2,5.4,0.4,0.3,0.922,0.8774,0.3684,0.9523,0.9642,4.0843,0.9783,0.5742,0.2893,0.6464,0.4713,0.7855,2.7667,0.6594,0.0737,0.0737,0.0737,0.0,0.0,0.805,0.3959,0.5688,1.7697,0.398,8.6944,0.8004,1,0,0,1,1,3,0,0,0,0,0,0,0,0,0,0,0,0,0,0,3,1449,1284,595,0,14,2200,427,0,14,0,14,0,14,0,14,0,14,56.7,11.2,0.0,2.1,96.7,3.2,0.0,2.1,0.0,2.1,0.0,2.1,0.0,2.1,0.0,2.1
72,Puerto Rico,PR,72145,Vega Baja,72145560802,"Census Tract 5608.02, Vega Baja Municipio, Puerto Rico",3.74467974536,3157,487,1510,168,1232,166,2343,453,199,105,194,91,1254,254,254,143,1033,210,387,188,924,229,15,28,1961,403,3050,456,0,19,0,14,35,43,256,91,41,17,74.2,8.7,20.0,10.6,15.7,7.1,48.9,8.0,8.0,4.3,32.7,7.1,12.3,5.6,29.3,6.8,1.2,2.3,66.6,9.4,96.6,20.8,0.0,1.3,0.0,3.1,2.8,3.5,20.8,6.8,1.3,0.5,0.779,0.7126,0.1712,0.9946,0.6876,3.345,0.8623,0.9502,0.1159,0.8482,0.0336,0.571,2.5189,0.4946,0.0693,0.0693,0.0693,0.0,0.0,0.5991,0.7603,0.805,2.1644,0.5965,8.0976,0.6735,0,0,0,1,0,1,1,0,0,0,0,1,0,0,0,0,0,0,0,0,2,2441,1654,640,0,14,3050,455,0,14,0,14,0,14,0,14,0,14,53.1,8.3,0.0,1.5,96.6,2.6,0.0,1.5,0.0,1.5,0.0,1.5,0.0,1.5,0.0,1.5
72,Puerto Rico,PR,72145,Vega Baja,72145560900,"Census Tract 5609, Vega Baja Municipio, Puerto Rico",12.500238351164,4450,632,2053,188,1660,200,2771,642,252,122,256,113,1269,283,292,217,1164,232,787,272,1216,289,130,81,3281,551,4275,621,0,19,31,36,119,69,343,114,140,77,64.1,11.6,18.9,7.2,15.4,6.5,37.1,6.5,6.8,4.7,26.2,5.4,17.7,5.6,28.1,5.6,7.8,4.8,76.2,7.3,96.1,2.9,0.0,0.9,1.5,1.7,7.2,4.1,20.7,6.1,3.1,1.7,0.532,0.6735,0.156,0.9057,0.5597,2.8269,0.6746,0.7898,0.455,0.7983,0.4865,0.8483,3.3779,0.9187,0.0574,0.0574,0.0574,0.0,0.9501,0.9523,0.7549,0.9361,3.5934,0.9816,9.8556,0.9284,0,0,0,1,0,1,0,0,0,0,0,0,0,0,0,1,1,0,1,3,4,2357,2112,831,0,14,4260,620,0,14,0,14,0,14,0,14,15,24,49.0,7.1,0.0,1.1,95.7,2.1,0.0,1.1,0.0,1.1,0.0,1.1,0.0,1.1,0.3,0.5
72,Puerto Rico,PR,72147,Vieques,72147950500,"Census Tract 9505, Vieques Municipio, Puerto Rico",25.741430378652,4165,822,2562,265,1229,241,2978,830,182,134,57,72,1014,488,791,593,1126,228,281,223,338,214,30,55,2487,764,4077,850,30,55,0,14,30,55,87,81,0,14,71.5,14.1,15.7,12.7,4.6,5.8,30.2,12.9,19.0,13.4,27.0,6.2,6.7,5.2,8.1,5.5,2.4,4.5,59.7,14.1,97.9,6.6,1.2,2.1,0.0,1.8,2.4,4.5,7.1,6.4,0.0,0.3,0.7129,0.5586,0.0076,0.7584,0.9816,3.0191,0.7592,0.8202,0.0163,0.0293,0.0748,0.3998,1.3404,0.0445,0.1278,0.1278,0.1278,0.4713,0.0,0.5309,0.1269,0.0,1.1291,0.1356,5.6164,0.1508,0,0,0,0,1,1,0,0,0,0,0,0,0,0,0,0,0,0,0,0,1,2761,882,1198,28,44,4049,849,0,14,0,14,0,14,0,14,0,14,21.2,4.2,0.7,1.1,97.2,3.9,0.0,1.1,0.0,1.1,0.0,1.1,0.0,1.1,0.0,1.1
72,Puerto Rico,PR,72147,Vieques,72147950600,"Census Tract 9506, Vieques Municipio, Puerto Rico",25.046962997026,4343,822,2378,231,1176,229,3322,689,128,115,196,105,741,299,518,263,758,228,1343,222,309,225,52,50,2686,717,3911,792,15,26,26,31,88,60,303,132,0,14,77.7,6.2,10.6,9.6,16.7,8.3,28.1,10.7,11.9,5.9,17.5,5.2,30.9,7.8,7.1,5.0,4.4,4.2,68.7,11.2,90.1,6.5,0.6,1.1,1.1,1.3,7.5,4.9,25.8,9.5,0.0,0.3,0.8537,0.3492,0.2037,0.6966,0.8926,2.9958,0.7462,0.2698,0.9805,0.0152,0.2059,0.6392,2.1106,0.2809,0.0108,0.0108,0.0108,0.3944,0.898,0.9621,0.8362,0.0,3.0907,0.9197,8.2079,0.7072,0,0,0,0,0,0,0,1,0,0,0,1,0,0,0,0,1,0,0,1,2,5067,1180,1079,0,14,3911,792,0,14,0,14,0,14,0,14,0,14,27.2,5.2,0.0,1.1,90.1,8.2,0.0,1.1,0.0,1.1,0.0,1.1,0.0,1.1,0.0,1.1
72,Puerto Rico,PR,72149,Villalba,72149720100,"Census Tract 7201, Villalba Municipio, Puerto Rico",18.438516068814,4323,630,1973,166,1414,200,2658,607,378,166,164,88,951,218,183,119,618,154,999,259,1156,279,135,93,2997,485,4322,630,29,50,0,14,52,49,117,63,23,45,61.8,10.9,24.0,8.0,11.6,6.0,33.5,7.9,4.3,2.8,14.3,3.7,23.1,5.0,26.9,6.2,9.5,6.4,71.7,5.5,100.0,0.0,1.5,2.5,0.0,2.4,3.7,3.4,8.3,4.7,0.5,1.0,0.4789,0.795,0.0672,0.8429,0.2321,2.4161,0.4837,0.1051,0.8375,0.7484,0.6056,0.7161,3.0127,0.7809,0.5536,0.5536,0.5536,0.5016,0.0,0.7064,0.1811,0.6165,2.0056,0.513,7.988,0.6529,0,0,0,0,0,0,0,0,0,0,0,0,0,0,0,0,0,0,0,0,0,3399,1287,898,0,14,4322,630,0,14,0,14,0,14,0,14,0,14,29.9,4.3,0.0,1.1,100.0,0.1,0.0,1.1,0.0,1.1,0.0,1.1,0.0,1.1,0.0,1.1
72,Puerto Rico,PR,72149,Villalba,72149720300,"Census Tract 7203, Villalba Municipio, Puerto Rico",4.546998929156,4926,742,2083,218,1870,212,3868,788,200,110,226,115,781,214,162,122,1337,228,910,312,1367,336,126,92,3473,599,4924,743,16,29,0,14,64,64,188,100,88,30,80.5,11.1,13.2,6.1,12.1,6.0,20.6,5.3,3.3,2.5,27.1,5.7,18.5,5.7,28.3,6.9,6.7,4.9,74.7,7.3,100.0,0.8,0.8,1.4,0.0,2.3,3.4,3.4,10.1,5.2,1.8,0.5,0.9025,0.4599,0.0802,0.441,0.1204,2.004,0.2733,0.8288,0.5244,0.8091,0.3933,0.8115,3.3671,0.9154,0.5536,0.5536,0.5536,0.4171,0.0,0.6663,0.2842,0.8689,2.2365,0.6236,8.1612,0.6952,1,0,0,0,0,1,0,0,0,0,0,0,0,0,0,0,0,0,0,0,1,4835,1032,1068,16,25,4908,742,0,14,0,14,0,14,0,14,0,14,21.3,3.2,0.3,0.5,99.6,0.5,0.0,1.0,0.0,1.0,0.0,1.0,0.0,1.0,0.0,1.0
72,Puerto Rico,PR,72149,Villalba,72149720400,"Census Tract 7204, Villalba Municipio, Puerto Rico",0.335228814378,1495,309,662,107,559,95,975,289,138,77,119,61,223,72,118,102,270,81,242,115,442,118,26,33,1109,212,1487,311,0,19,0,14,31,37,129,51,5,8,65.2,13.9,27.4,10.8,21.3,10.3,21.8,6.5,7.9,6.6,18.1,5.1,16.2,6.9,29.6,6.4,4.7,5.8,78.3,21.3,99.5,3.1,0.0,2.9,0.0,6.9,5.5,6.6,23.1,8.4,0.3,0.5,0.5623,0.8688,0.3976,0.494,0.6746,2.9973,0.7484,0.3099,0.3283,0.8557,0.2297,0.8895,2.6131,0.5575,0.4193,0.4193,0.4193,0.0,0.0,0.8722,0.795,0.5255,2.1927,0.6063,8.2224,0.7104,0,0,0,0,0,0,0,0,0,0,0,0,0,0,0,0,0,0,0,0,0,4029,361,433,1,2,1486,310,0,14,0,14,0,14,0,14,0,14,24.2,5.1,0.1,0.1,99.4,0.9,0.0,3.1,0.0,3.1,0.0,3.1,0.0,3.1,0.0,3.1
72,Puerto Rico,PR,72149,Villalba,72149720502,"Census Tract 7205.02, Villalba Municipio, Puerto Rico",3.427593863962,2619,453,1371,155,1162,151,1699,359,251,117,133,77,496,137,67,82,534,132,430,190,884,215,116,87,1804,355,2619,454,61,70,19,31,20,34,285,110,0,14,64.9,7.9,26.7,9.4,11.4,6.5,26.1,6.1,2.6,3.1,20.4,6.1,16.4,6.7,33.8,7.7,10.0,7.4,72.3,7.4,100.0,1.1,4.4,5.1,1.4,2.3,1.7,2.9,24.5,9.3,0.0,0.5,0.5536,0.859,0.0596,0.636,0.0705,2.1787,0.3655,0.4594,0.3434,0.9436,0.6479,0.7378,3.1321,0.833,0.5536,0.5536,0.5536,0.6295,0.9393,0.4139,0.82,0.0,2.8027,0.8427,8.6671,0.7961,0,0,0,0,0,0,0,0,1,0,0,1,0,0,0,1,0,0,0,1,2,2493,620,652,0,14,2619,453,0,14,0,14,0,14,0,14,0,14,23.7,4.1,0.0,1.8,100.0,1.8,0.0,1.8,0.0,1.8,0.0,1.8,0.0,1.8,0.0,1.8
72,Puerto Rico,PR,72149,Villalba,72149720503,"Census Tract 7205.03, Villalba Municipio, Puerto Rico",4.35134637388,4848,603,1728,184,1568,184,2611,554,417,142,257,118,359,130,104,89,434,129,1112,326,595,168,158,96,3273,508,4823,597,29,37,0,14,75,71,82,68,0,14,53.9,9.3,17.2,5.2,16.4,7.3,11.9,4.2,2.1,1.8,9.0,2.6,22.9,6.1,12.3,3.5,10.1,6.0,71.1,6.8,99.5,17.5,1.7,2.1,0.0,2.7,4.8,4.5,5.2,4.2,0.0,0.3,0.3131,0.6236,0.1972,0.1452,0.0423,1.3214,0.0553,0.0249,0.8256,0.0911,0.6555,0.7053,2.3024,0.3666,0.4193,0.4193,0.4193,0.5222,0.0,0.8147,0.0672,0.0,1.4041,0.2321,5.4472,0.1182,0,0,0,0,0,0,0,0,0,0,0,0,0,0,0,0,0,0,0,0,0,2107,596,872,0,14,4823,597,0,14,0,14,0,14,0,14,0,14,12.3,1.5,0.0,1.0,99.5,0.7,0.0,1.0,0.0,1.0,0.0,1.0,0.0,1.0,0.0,1.0
72,Puerto Rico,PR,72149,Villalba,72149720504,"Census Tract 7205.04, Villalba Municipio, Puerto Rico",4.536978037848,3688,528,1486,155,1359,154,2249,480,247,105,177,82,430,119,120,69,690,154,862,257,967,238,157,81,2520,418,3688,529,192,98,0,14,29,42,198,103,0,14,61.0,9.7,20.9,7.2,13.0,5.9,17.4,4.8,3.3,1.9,18.7,4.9,23.4,6.1,26.2,6.5,11.6,5.8,72.0,6.0,100.0,0.9,12.9,6.5,0.0,3.1,2.1,3.1,14.6,7.0,0.0,0.4,0.4615,0.7419,0.0986,0.3261,0.1204,1.7485,0.167,0.3391,0.8516,0.7148,0.7421,0.7259,3.3735,0.9176,0.5536,0.5536,0.5536,0.7898,0.0,0.4908,0.5293,0.0,1.8099,0.4165,7.4855,0.5369,0,0,0,0,0,0,0,0,0,0,0,0,0,0,0,0,0,0,0,0,0,2268,847,772,0,14,3688,528,0,14,0,14,0,14,0,14,0,14,23.0,3.3,0.0,1.3,100.0,1.3,0.0,1.3,0.0,1.3,0.0,1.3,0.0,1.3,0.0,1.3
72,Puerto Rico,PR,72151,Yabucoa,72151950601,"Census Tract 9506.01, Yabucoa Municipio, Puerto Rico",5.853158442934,1720,649,882,216,685,215,984,490,0,14,169,126,335,211,0,14,367,206,317,241,132,139,71,81,1358,574,1720,649,0,19,0,14,0,19,61,69,5,5,57.4,18.6,0.0,10.5,24.7,16.7,26.5,16.4,0.0,2.7,21.3,12.8,18.4,12.2,7.7,8.2,10.4,11.4,81.5,15.4,100.0,0.0,0.0,2.2,0.0,5.2,0.0,2.8,8.9,9.5,0.3,0.3,0.3824,0.0,0.5601,0.6436,0.0,1.5861,0.1117,0.5276,0.5168,0.0271,0.6717,0.9404,2.6836,0.5965,0.5536,0.5536,0.5536,0.0,0.0,0.0,0.2158,0.5255,0.7413,0.0423,5.5646,0.1432,0,0,0,0,0,0,0,0,0,0,1,1,0,0,0,0,0,0,0,0,1,1172,234,917,0,14,1720,649,0,14,0,14,0,14,0,14,0,14,13.6,5.2,0.0,2.7,100.0,2.7,0.0,2.7,0.0,2.7,0.0,2.7,0.0,2.7,0.0,2.7
72,Puerto Rico,PR,72151,Yabucoa,72151950602,"Census Tract 9506.02, Yabucoa Municipio, Puerto Rico",4.303215670764,3951,760,1819,254,1318,238,2712,716,173,142,398,191,704,297,379,209,607,218,731,328,369,222,206,148,2848,717,3951,760,0,19,0,14,0,19,153,110,25,21,68.6,12.4,13.6,10.3,30.2,13.4,26.9,8.9,9.6,5.2,15.4,5.4,18.5,7.5,9.3,5.6,15.6,10.9,74.2,11.9,100.0,0.0,0.0,1.0,0.0,2.6,0.0,1.4,11.6,8.0,0.6,0.5,0.6371,0.4751,0.7855,0.6555,0.7961,3.3493,0.8655,0.1506,0.5244,0.0423,0.8852,0.7985,2.401,0.4165,0.5536,0.5536,0.5536,0.0,0.0,0.0,0.3677,0.6522,1.0199,0.1052,7.3238,0.4826,0,0,0,0,0,0,0,0,0,0,0,0,0,0,0,0,0,0,0,0,0,2300,1059,1057,0,14,3951,760,0,14,0,14,0,14,0,14,0,14,27.0,5.2,0.0,1.2,100.0,1.2,0.0,1.2,0.0,1.2,0.0,1.2,0.0,1.2,0.0,1.2
72,Puerto Rico,PR,72151,Yabucoa,72151950700,"Census Tract 9507, Yabucoa Municipio, Puerto Rico",16.074556380554,5304,927,2461,294,1935,284,3831,950,214,174,300,145,1307,433,421,265,1206,351,979,358,747,334,128,93,4011,760,5304,928,0,28,0,20,122,114,377,212,0,20,72.2,12.7,13.8,9.8,15.5,7.1,33.4,9.5,7.9,4.8,22.7,6.8,18.5,5.9,14.1,6.4,6.6,4.7,78.5,5.5,100.0,0.8,0.0,1.1,0.0,1.9,6.3,5.8,19.5,10.0,0.0,0.4,0.7313,0.4837,0.1614,0.8386,0.6746,2.8896,0.6931,0.6208,0.5244,0.141,0.3824,0.896,2.5646,0.5249,0.5536,0.5536,0.5536,0.0,0.0,0.9252,0.7343,0.0,1.6595,0.3482,7.6673,0.577,0,0,0,0,0,0,0,0,0,0,0,0,0,0,0,0,1,0,0,1,1,3092,1982,1292,0,20,5304,927,0,20,0,20,0,20,0,20,0,20,37.4,6.5,0.0,0.9,100.0,0.9,0.0,0.9,0.0,0.9,0.0,0.9,0.0,0.9,0.0,0.9
72,Puerto Rico,PR,72151,Yabucoa,72151950800,"Census Tract 9508, Yabucoa Municipio, Puerto Rico",3.452146090142,3228,485,1711,187,1293,177,2531,484,263,145,292,108,937,258,208,142,772,235,590,199,455,154,136,76,2512,427,3228,486,10,20,0,14,18,32,199,84,41,62,78.5,9.3,28.0,12.8,22.6,7.8,39.8,8.3,6.4,4.4,23.9,6.6,18.3,5.5,14.1,4.4,10.5,5.7,79.9,5.7,100.0,1.0,0.6,1.2,0.0,2.7,1.4,2.5,15.4,5.8,1.3,1.9,0.8678,0.8807,0.455,0.9393,0.5076,3.6504,0.9219,0.6988,0.5038,0.141,0.675,0.9133,2.9319,0.744,0.5536,0.5536,0.5536,0.3944,0.0,0.3597,0.5835,0.805,2.1426,0.5813,9.2785,0.8774,0,0,0,1,0,1,0,0,0,0,1,1,0,0,0,0,0,0,0,0,2,2113,1257,666,0,14,3228,485,0,14,0,14,0,14,0,14,0,14,39.4,5.9,0.0,1.5,100.0,1.5,0.0,1.5,0.0,1.5,0.0,1.5,0.0,1.5,0.0,1.5
72,Puerto Rico,PR,72151,Yabucoa,72151950900,"Census Tract 9509, Yabucoa Municipio, Puerto Rico",9.783589929984,5371,865,1980,237,1660,230,3590,759,229,135,291,110,964,329,209,134,918,259,927,287,672,220,63,59,3917,608,5371,866,15,31,0,20,142,84,168,87,0,20,67.3,9.3,12.5,7.2,17.5,6.2,24.5,7.1,3.9,2.5,17.1,3.8,17.3,4.6,12.5,3.6,3.8,3.5,76.6,17.2,100.0,0.8,0.8,1.6,0.0,2.4,8.6,4.9,10.1,5.0,0.0,0.4,0.6056,0.4262,0.221,0.5861,0.1844,2.0233,0.2842,0.2438,0.4128,0.0954,0.1593,0.8548,1.7661,0.1291,0.5536,0.5536,0.5536,0.4171,0.0,0.9783,0.2842,0.0,1.6796,0.3623,6.0226,0.2126,0,0,0,0,0,0,0,0,0,0,0,0,0,0,0,0,1,0,0,1,1,3197,674,1216,0,20,5371,865,0,20,0,20,0,20,0,20,0,20,12.5,2.0,0.0,0.9,100.0,0.9,0.0,0.9,0.0,0.9,0.0,0.9,0.0,0.9,0.0,0.9
72,Puerto Rico,PR,72151,Yabucoa,72151951000,"Census Tract 9510, Yabucoa Municipio, Puerto Rico",0.458959833502,2737,438,1310,141,1099,144,2160,453,113,86,378,112,341,118,112,81,634,151,478,208,370,138,102,56,1909,382,2737,439,0,19,0,14,21,36,154,76,5,8,78.9,10.7,13.9,9.2,34.4,9.1,16.6,5.4,4.1,2.9,23.2,6.2,17.5,7.1,13.5,5.5,9.3,4.9,72.3,8.9,100.0,1.1,0.0,1.5,0.0,3.6,1.9,3.3,14.0,6.8,0.2,0.3,0.8732,0.487,0.8808,0.3044,0.2082,2.7536,0.6464,0.6544,0.4312,0.1269,0.5915,0.7378,2.5418,0.5087,0.5536,0.5536,0.5536,0.0,0.0,0.4561,0.5011,0.4735,1.4307,0.244,7.2797,0.4685,0,0,0,0,0,0,0,0,0,0,0,0,0,0,0,0,0,0,0,0,0,2622,756,614,0,14,2737,438,0,14,0,14,0,14,0,14,0,14,27.7,4.4,0.0,1.7,100.0,1.7,0.0,1.7,0.0,1.7,0.0,1.7,0.0,1.7,0.0,1.7
72,Puerto Rico,PR,72151,Yabucoa,72151951100,"Census Tract 9511, Yabucoa Municipio, Puerto Rico",0.503798630966,2340,372,1047,98,865,102,1688,332,133,85,288,75,373,114,57,47,458,127,584,197,369,97,167,70,1493,284,2340,373,61,30,0,14,0,19,258,64,0,14,72.1,8.4,19.6,11.2,33.3,7.7,25.5,7.0,2.4,2.0,19.6,5.4,25.0,7.4,15.8,4.0,19.3,7.8,68.1,7.8,100.0,1.2,5.8,2.8,0.0,4.4,0.0,2.2,29.8,6.9,0.0,0.6,0.7302,0.6996,0.8635,0.6176,0.0575,2.9684,0.7375,0.4041,0.9047,0.1963,0.9415,0.6197,3.0663,0.8059,0.5536,0.5536,0.5536,0.6771,0.0,0.0,0.8915,0.0,1.5686,0.3156,8.1569,0.6931,0,0,0,0,0,0,0,1,0,1,0,2,0,0,0,0,0,0,0,0,2,4573,630,518,0,14,2340,372,0,14,0,14,0,14,0,14,0,14,26.9,4.3,0.0,2.0,100.0,2.0,0.0,2.0,0.0,2.0,0.0,2.0,0.0,2.0,0.0,2.0
72,Puerto Rico,PR,72151,Yabucoa,72151951200,"Census Tract 9512, Yabucoa Municipio, Puerto Rico",4.802177215874,3626,617,1616,191,1301,185,2395,554,311,159,258,108,821,262,235,122,756,208,651,257,499,256,93,78,2798,519,3626,617,0,19,9,14,10,22,271,110,0,14,66.1,10.3,23.2,10.9,19.8,7.8,30.4,8.7,6.5,3.3,20.8,6.1,18.0,6.4,13.8,6.8,7.1,5.9,79.9,6.2,100.0,0.0,0.0,1.2,0.6,0.9,0.8,1.7,20.8,8.2,0.0,0.4,0.5807,0.7896,0.3174,0.7606,0.5184,2.9667,0.7343,0.4908,0.4778,0.1345,0.4236,0.9133,2.44,0.4501,0.5536,0.5536,0.5536,0.0,0.8048,0.2405,0.7603,0.0,1.8056,0.4143,7.7659,0.5965,0,0,0,0,0,0,0,0,0,0,1,1,0,0,0,0,0,0,0,0,1,2531,1100,905,0,14,3626,617,0,14,0,14,0,14,0,14,0,14,30.3,5.2,0.0,1.3,100.0,1.3,0.0,1.3,0.0,1.3,0.0,1.3,0.0,1.3,0.0,1.3
72,Puerto Rico,PR,72151,Yabucoa,72151951300,"Census Tract 9513, Yabucoa Municipio, Puerto Rico",9.982986902456,4590,708,1822,176,1531,184,2493,643,476,214,177,99,896,226,210,132,1163,278,807,297,536,199,65,53,3053,596,4568,714,0,19,0,14,48,45,150,87,8,7,54.3,11.2,28.0,8.2,11.6,6.3,26.1,6.4,4.6,2.8,25.3,6.4,17.6,5.9,11.7,4.3,4.2,3.4,68.3,8.1,99.5,2.5,0.0,1.0,0.0,2.6,3.1,2.9,9.8,5.6,0.2,0.1,0.3207,0.8807,0.0672,0.636,0.2722,2.1768,0.3644,0.7638,0.441,0.0792,0.1874,0.6295,2.1009,0.2787,0.4193,0.4193,0.4193,0.0,0.0,0.6338,0.2668,0.4735,1.3741,0.2148,6.0711,0.2202,0,0,0,0,0,0,0,0,0,0,0,0,0,0,0,0,0,0,0,0,0,6201,1236,1028,0,14,4568,714,0,14,0,14,0,14,0,14,0,14,27.0,4.2,0.0,1.0,99.5,0.8,0.0,1.0,0.0,1.0,0.0,1.0,0.0,1.0,0.0,1.0
72,Puerto Rico,PR,72153,Yauco,72153750101,"Census Tract 7501.01, Yauco Municipio, Puerto Rico",20.102287502114,2442,601,1265,166,767,179,2031,543,71,61,86,63,666,207,29,32,457,164,264,152,800,273,44,53,1847,501,2431,597,0,19,13,22,37,37,20,31,17,21,83.2,8.7,9.4,8.5,11.2,7.8,33.8,9.2,1.2,1.3,18.7,6.5,10.8,5.6,32.8,9.4,5.7,6.8,79.8,9.8,99.5,34.6,0.0,1.5,1.0,1.7,4.8,4.7,2.6,4.1,0.7,0.8,0.9328,0.2885,0.0563,0.8462,0.0184,2.1422,0.3438,0.3391,0.0726,0.9262,0.3131,0.909,2.56,0.5195,0.4193,0.4193,0.4193,0.0,0.8861,0.8147,0.026,0.6956,2.4224,0.7104,7.5439,0.5542,1,0,0,0,0,1,0,0,1,0,1,2,0,0,0,0,0,0,0,0,3,1362,1404,769,0,14,2431,597,0,14,0,14,0,14,0,14,0,14,57.9,14.4,0.0,1.9,99.5,0.7,0.0,1.9,0.0,1.9,0.0,1.9,0.0,1.9,0.0,1.9
72,Puerto Rico,PR,72153,Yauco,72153750102,"Census Tract 7501.02, Yauco Municipio, Puerto Rico",9.100107922462,3122,605,1536,164,1070,171,2109,497,352,221,100,74,1062,232,59,62,824,197,438,179,1027,245,44,71,2488,525,3085,609,0,19,0,14,0,19,167,94,15,33,67.6,9.0,37.5,15.7,9.3,6.8,42.8,8.6,1.9,2.0,26.4,5.7,14.0,5.1,32.9,6.7,4.1,6.6,81.1,6.3,98.8,3.7,0.0,1.2,0.0,3.0,0.0,1.8,15.6,8.6,0.5,1.1,0.6143,0.961,0.0282,0.9751,0.0325,2.6111,0.5748,0.7985,0.1842,0.9273,0.1788,0.9339,3.0227,0.7831,0.2427,0.2427,0.2427,0.0,0.0,0.0,0.5965,0.6165,1.213,0.1638,7.0895,0.4306,0,1,0,1,0,2,0,0,1,0,1,2,0,0,0,0,0,0,0,0,4,1576,1926,784,0,14,3049,606,0,14,0,14,0,14,0,14,36,56,62.0,12.0,0.0,1.5,97.7,2.6,0.0,1.5,0.0,1.5,0.0,1.5,0.0,1.5,1.2,1.8
72,Puerto Rico,PR,72153,Yauco,72153750201,"Census Tract 7502.01, Yauco Municipio, Puerto Rico",19.186251626768,2419,526,1297,161,822,145,1953,487,157,117,97,64,565,201,93,65,524,138,393,200,853,218,56,60,1648,390,2419,531,17,30,0,14,12,24,82,65,5,4,80.7,9.9,22.1,13.5,11.8,7.5,30.8,7.9,3.8,2.4,21.7,5.6,16.2,7.5,35.3,8.1,6.8,7.2,68.1,6.4,100.0,3.0,1.3,2.3,0.0,3.6,1.5,2.9,10.0,7.5,0.2,0.2,0.9068,0.769,0.0726,0.7768,0.1746,2.6998,0.6182,0.559,0.3283,0.9642,0.4052,0.6197,2.8764,0.7158,0.5536,0.5536,0.5536,0.4832,0.0,0.3759,0.2798,0.4735,1.6124,0.3341,7.7422,0.5911,1,0,0,0,0,1,0,0,1,0,0,1,0,0,0,0,0,0,0,0,2,1346,928,691,0,14,2389,528,0,14,0,14,0,14,0,14,30,48,38.4,8.4,0.0,1.9,98.8,2.0,0.0,1.9,0.0,1.9,0.0,1.9,0.0,1.9,1.2,2.0
72,Puerto Rico,PR,72153,Yauco,72153750202,"Census Tract 7502.02, Yauco Municipio, Puerto Rico",4.320213425212,3478,652,1960,180,1240,167,2687,517,208,148,164,79,1045,264,264,138,1149,224,452,216,1430,359,12,23,2371,472,3463,656,32,29,7,12,19,24,329,103,60,57,78.6,2.6,30.7,18.4,13.2,6.1,37.6,6.4,7.7,3.9,33.0,5.7,13.0,5.7,41.8,7.7,1.0,1.8,70.2,3.9,99.6,2.7,1.6,1.5,0.4,0.6,1.5,1.9,26.5,7.9,1.7,1.6,0.8689,0.9067,0.1018,0.9122,0.6562,3.4458,0.8829,0.9567,0.1398,0.9967,0.0303,0.6804,2.8039,0.6844,0.4594,0.4594,0.4594,0.5157,0.7874,0.3759,0.8492,0.8613,3.3895,0.9729,10.0986,0.9512,0,1,0,1,0,2,1,0,1,0,0,2,0,0,0,0,0,0,0,0,4,2141,2223,799,0,14,3418,652,0,14,0,14,0,14,45,74,0,14,65.0,12.3,0.0,1.4,98.3,2.2,0.0,1.4,0.0,1.4,0.0,1.4,1.3,2.2,0.0,1.4
72,Puerto Rico,PR,72153,Yauco,72153750300,"Census Tract 7503, Yauco Municipio, Puerto Rico",0.740237843216,3441,602,1701,157,1156,185,1873,405,172,128,246,91,390,156,183,146,680,182,590,222,795,216,89,69,2245,459,3408,601,29,36,0,14,14,25,63,43,8,19,54.4,6.9,14.3,9.8,21.3,7.1,15.8,5.9,5.3,3.9,19.8,4.5,17.1,5.7,23.1,6.6,7.7,5.8,68.2,7.0,99.0,2.3,1.7,2.1,0.0,2.8,1.2,2.2,5.4,3.7,0.2,0.6,0.325,0.513,0.3976,0.2709,0.359,1.8655,0.2191,0.4193,0.3976,0.5564,0.4778,0.6262,2.4773,0.4783,0.2774,0.2774,0.2774,0.5222,0.0,0.3174,0.0748,0.4735,1.3879,0.2223,6.0081,0.2115,0,0,0,0,0,0,0,0,0,0,0,0,0,0,0,0,0,0,0,0,0,2863,960,814,0,14,3408,601,0,14,0,14,0,14,0,14,0,14,28.0,4.9,0.0,1.4,99.0,1.5,0.0,1.4,0.0,1.4,0.0,1.4,0.0,1.4,0.0,1.4
72,Puerto Rico,PR,72153,Yauco,72153750400,"Census Tract 7504, Yauco Municipio, Puerto Rico",1.01285172405,2917,519,2373,193,1241,178,2201,490,88,70,275,107,530,142,84,62,768,183,378,182,758,222,48,48,1766,402,2912,520,75,56,0,14,0,19,346,108,109,44,77.8,9.9,11.4,8.6,22.2,8.0,24.4,6.2,3.0,2.3,26.3,6.7,13.0,5.8,26.8,7.5,3.9,3.8,64.2,8.8,99.8,1.6,3.2,2.3,0.0,2.0,0.0,1.5,27.9,8.0,3.7,1.4,0.8581,0.3774,0.4388,0.5796,0.103,2.3569,0.449,0.7963,0.1398,0.744,0.1668,0.493,2.3399,0.385,0.5255,0.5255,0.5255,0.5872,0.0,0.0,0.872,0.9491,2.4083,0.7039,7.6306,0.5716,0,0,0,0,0,0,0,0,0,0,0,0,0,0,0,0,0,0,1,1,1,8465,1111,671,0,14,2912,519,0,14,0,14,0,14,0,14,0,14,39.6,7.3,0.0,1.6,99.8,0.4,0.0,1.6,0.0,1.6,0.0,1.6,0.0,1.6,0.0,1.6
72,Puerto Rico,PR,72153,Yauco,72153750501,"Census Tract 7505.01, Yauco Municipio, Puerto Rico",0.70277706887,5103,731,2090,167,1653,170,3422,676,140,80,338,117,500,164,566,278,935,198,1157,436,1401,360,140,88,3472,660,5095,731,69,51,0,20,21,21,156,69,0,20,67.1,9.1,7.7,4.1,20.4,6.8,13.6,4.3,11.1,5.1,18.3,4.2,22.7,7.9,27.5,7.0,8.5,5.3,70.3,9.3,99.8,0.9,3.3,2.4,0.0,2.2,1.3,1.3,9.4,4.2,0.0,0.4,0.6013,0.205,0.3424,0.1983,0.8698,2.2168,0.3861,0.3218,0.8147,0.7755,0.5471,0.6826,3.1417,0.8384,0.5255,0.5255,0.5255,0.5883,0.0,0.3326,0.2484,0.0,1.1693,0.1508,7.0533,0.4197,0,0,0,0,0,0,0,0,0,0,0,0,0,0,0,0,0,0,0,0,0,5348,1526,1026,0,20,5095,730,0,20,0,20,0,20,0,20,0,20,29.9,4.3,0.0,0.9,99.8,0.2,0.0,0.9,0.0,0.9,0.0,0.9,0.0,0.9,0.0,0.9
72,Puerto Rico,PR,72153,Yauco,72153750502,"Census Tract 7505.02, Yauco Municipio, Puerto Rico",0.266383738962,2724,466,967,106,847,101,1609,381,194,126,150,54,241,132,256,173,346,87,768,245,733,170,145,67,1500,314,2700,470,16,24,0,14,0,19,136,60,0,14,59.1,9.7,20.8,9.8,17.7,6.0,14.6,6.9,9.4,5.8,12.7,2.8,28.2,7.6,26.9,5.7,17.1,7.6,57.8,6.9,99.1,3.2,1.7,2.5,0.0,4.8,0.0,2.2,16.1,6.9,0.0,0.5,0.4204,0.7364,0.2275,0.2286,0.7852,2.3981,0.4707,0.0661,0.9599,0.7484,0.9101,0.3597,3.0442,0.795,0.2914,0.2914,0.2914,0.5222,0.0,0.0,0.6204,0.0,1.1426,0.1399,6.8763,0.3785,0,0,0,0,0,0,0,1,0,1,0,2,0,0,0,0,0,0,0,0,2,4208,707,653,0,14,2700,469,0,14,0,14,0,14,0,14,0,14,26.0,4.5,0.0,1.7,99.1,1.4,0.0,1.7,0.0,1.7,0.0,1.7,0.0,1.7,0.0,1.7
72,Puerto Rico,PR,72153,Yauco,72153750503,"Census Tract 7505.03, Yauco Municipio, Puerto Rico",1.273531578166,2039,457,974,98,617,92,1202,336,172,135,99,48,296,108,72,61,501,105,435,194,594,160,48,37,1090,276,2034,458,0,19,0,14,0,19,76,35,0,14,59.0,9.8,24.2,15.2,16.0,7.4,20.3,6.6,3.5,2.9,24.6,6.9,21.3,8.2,29.1,7.3,7.8,5.9,54.7,6.6,99.8,2.1,0.0,2.0,0.0,4.8,0.0,3.1,12.3,5.5,0.0,0.7,0.4171,0.8015,0.1853,0.4247,0.1443,1.9729,0.2538,0.7313,0.7302,0.8395,0.4865,0.2871,3.0746,0.8113,0.5255,0.5255,0.5255,0.0,0.0,0.0,0.4067,0.0,0.4067,0.013,5.9797,0.2028,0,0,0,0,0,0,0,0,0,0,0,0,0,0,0,0,0,0,0,0,0,1085,789,598,0,14,2029,457,5,8,0,14,0,14,0,14,0,14,38.7,8.7,0.0,2.3,99.5,0.5,0.2,0.4,0.0,2.3,0.0,2.3,0.0,2.3,0.0,2.3
72,Puerto Rico,PR,72153,Yauco,72153750601,"Census Tract 7506.01, Yauco Municipio, Puerto Rico",4.241370238506,4605,788,2037,204,1395,218,2498,691,284,154,348,133,334,130,363,224,825,188,1189,376,953,229,68,55,2384,547,4605,784,0,19,0,14,24,40,44,43,0,14,54.2,11.8,17.9,8.8,24.9,8.7,11.4,4.4,7.9,4.6,17.9,4.5,25.8,6.9,20.7,5.3,4.9,3.9,55.2,8.7,100.0,24.1,0.0,0.9,0.0,2.3,1.7,2.9,3.2,3.1,0.0,0.3,0.3196,0.6432,0.5731,0.1322,0.6746,2.3427,0.4425,0.2979,0.9209,0.4187,0.2427,0.2958,2.176,0.3113,0.5536,0.5536,0.5536,0.0,0.0,0.4139,0.0325,0.0,0.4464,0.0152,5.5187,0.1258,0,0,0,0,0,0,0,1,0,0,0,1,0,0,0,0,0,0,0,0,1,2947,1358,1146,23,35,4564,783,0,14,0,14,0,14,0,14,18,28,29.5,5.1,0.5,0.8,99.1,1.0,0.0,1.0,0.0,1.0,0.0,1.0,0.0,1.0,0.4,0.6
72,Puerto Rico,PR,72153,Yauco,72153750602,"Census Tract 7506.02, Yauco Municipio, Puerto Rico",6.765440248534,2211,527,1472,149,846,125,1586,421,47,53,131,66,497,147,71,75,691,170,222,147,840,225,25,40,1718,457,2211,525,0,19,0,14,23,25,130,75,0,14,72.4,8.6,7.5,9.5,15.5,7.5,27.0,7.5,3.2,3.1,31.3,10.6,10.0,6.2,38.0,9.5,3.0,4.7,80.6,11.1,100.0,33.6,0.0,1.3,0.0,3.2,2.7,2.9,15.4,8.5,0.0,0.6,0.7335,0.1898,0.1614,0.6587,0.1128,1.8562,0.2126,0.935,0.0488,0.9837,0.1029,0.9252,2.9956,0.769,0.5536,0.5536,0.5536,0.0,0.0,0.5872,0.5835,0.0,1.1707,0.1518,6.5761,0.3189,0,0,0,0,0,0,1,0,1,0,1,3,0,0,0,0,0,0,0,0,3,1310,1059,723,0,14,2184,524,0,14,0,14,0,14,0,14,27,31,47.9,11.4,0.0,2.1,98.8,1.4,0.0,2.1,0.0,2.1,0.0,2.1,0.0,2.1,1.2,1.4
